Date,EntryID,Temperature,Humidity,Vibration,Status
27/04/26,2415,35.40,89.00,0.00,NORMAL
27/04/26,2416,35.30,89.00,0.00,NORMAL
27/04/26,2417,35.30,89.00,0.00,NORMAL
27/04/26,2418,35.30,89.00,0.00,NORMAL
27/04/26,2419,35.30,89.00,0.00,NORMAL
27/04/26,2420,35.30,89.00,0.00,NORMAL
27/04/26,2421,35.30,89.00,0.00,NORMAL
27/04/26,2422,35.30,89.00,0.00,NORMAL
27/04/26,2423,35.30,89.00,0.15,NORMAL
27/04/26,2424,35.20,89.00,0.15,NORMAL
27/04/26,2425,35.10,89.00,0.15,NORMAL
27/04/26,2426,35.00,89.00,0.15,NORMAL
27/04/26,2427,34.90,90.00,0.00,NORMAL
27/04/26,2428,34.90,90.00,0.30,NORMAL
27/04/26,2429,34.70,89.00,0.45,NORMAL
27/04/26,2430,34.70,90.00,0.75,NORMAL
27/04/26,2431,34.90,90.00,1.65,NORMAL
27/04/26,2432,35.00,90.00,0.15,NORMAL
27/04/26,2433,35.10,89.00,0.00,NORMAL
27/04/26,2434,35.20,89.00,0.00,NORMAL
27/04/26,2435,35.20,89.00,0.00,NORMAL
27/04/26,2436,35.30,88.00,0.00,NORMAL
27/04/26,2437,35.40,88.00,0.00,NORMAL
27/04/26,2438,35.20,86.00,0.00,NORMAL
27/04/26,2439,35.00,87.00,0.00,NORMAL
27/04/26,2440,35.00,88.00,0.00,NORMAL
27/04/26,2441,34.90,87.00,0.00,NORMAL
27/04/26,2442,34.90,87.00,0.20,NORMAL
27/04/26,2443,34.70,87.00,0.10,NORMAL
27/04/26,2444,34.60,88.00,0.05,NORMAL
27/04/26,2445,34.60,88.00,0.90,NORMAL
27/04/26,2446,34.60,88.00,0.15,NORMAL
27/04/26,2447,34.50,89.00,0.40,NORMAL
27/04/26,2448,34.50,90.00,0.50,NORMAL
27/04/26,2449,34.50,90.00,0.40,NORMAL
27/04/26,2450,34.60,89.00,0.45,NORMAL
27/04/26,2451,34.70,88.00,0.40,NORMAL
27/04/26,2452,34.70,88.00,1.05,NORMAL
27/04/26,2453,34.70,88.00,0.05,NORMAL
27/04/26,2454,34.90,87.00,0.00,NORMAL
27/04/26,2455,34.90,88.00,0.00,NORMAL
27/04/26,2456,34.90,89.00,0.00,NORMAL
27/04/26,2457,34.90,89.00,0.00,NORMAL
27/04/26,2458,34.70,90.00,0.00,NORMAL
27/04/26,2459,34.70,90.00,0.00,NORMAL
27/04/26,2460,34.70,90.00,0.00,NORMAL
27/04/26,2461,34.90,90.00,0.00,NORMAL
27/04/26,2462,34.80,90.00,0.00,NORMAL
27/04/26,2463,34.90,90.00,0.25,NORMAL
27/04/26,2464,35.10,90.00,0.15,NORMAL
27/04/26,2465,34.90,90.00,0.20,NORMAL
27/04/26,2466,34.90,89.00,0.30,NORMAL
27/04/26,2467,34.90,90.00,0.25,NORMAL
27/04/26,2468,35.00,89.00,0.35,NORMAL
27/04/26,2469,35.00,89.00,0.65,NORMAL
27/04/26,2470,35.10,87.00,0.65,NORMAL
27/04/26,2471,35.10,87.00,1.10,NORMAL
27/04/26,2472,35.30,87.00,0.85,NORMAL
27/04/26,2473,35.30,87.00,0.60,NORMAL
27/04/26,2474,35.40,87.00,0.90,NORMAL
27/04/26,2475,35.50,86.00,0.95,NORMAL
27/04/26,2476,35.50,85.00,1.45,NORMAL
27/04/26,2477,35.50,85.00,0.00,NORMAL
27/04/26,2478,35.50,84.00,0.10,NORMAL
27/04/26,2479,35.00,83.00,0.00,NORMAL
27/04/26,2480,34.90,83.00,0.00,NORMAL
27/04/26,2481,34.70,84.00,0.00,NORMAL
27/04/26,2482,34.70,85.00,0.00,NORMAL
27/04/26,2483,34.60,86.00,0.00,NORMAL
27/04/26,2484,34.60,87.00,0.00,NORMAL
27/04/26,2485,34.60,88.00,0.00,NORMAL
27/04/26,2486,34.70,89.00,0.45,NORMAL
27/04/26,2487,34.70,89.00,0.30,NORMAL
27/04/26,2488,34.70,89.00,0.15,NORMAL
27/04/26,2489,34.70,88.00,1.45,NORMAL
27/04/26,2490,34.70,88.00,0.15,NORMAL
27/04/26,2491,34.80,88.00,0.45,NORMAL
27/04/26,2492,34.80,88.00,0.35,NORMAL
27/04/26,2493,35.00,88.00,0.30,NORMAL
27/04/26,2494,35.30,88.00,1.10,NORMAL
27/04/26,2495,35.30,88.00,0.10,NORMAL
27/04/26,2496,35.40,88.00,0.00,NORMAL
27/04/26,2497,35.70,88.00,0.00,NORMAL
27/04/26,2498,35.60,86.00,0.00,NORMAL
27/04/26,2499,35.30,87.00,0.00,NORMAL
27/04/26,2500,35.30,87.00,0.00,NORMAL
27/04/26,2501,34.90,89.00,0.00,NORMAL
27/04/26,2502,34.70,91.00,0.00,NORMAL
27/04/26,2503,34.70,91.00,0.00,NORMAL
27/04/26,2504,34.70,92.00,0.00,NORMAL
27/04/26,2505,34.70,92.00,0.50,NORMAL
27/04/26,2506,34.80,92.00,0.30,NORMAL
27/04/26,2507,35.00,91.00,0.55,NORMAL
27/04/26,2508,35.30,91.00,2.05,WARNING
27/04/26,2509,35.40,90.00,0.25,NORMAL
27/04/26,2510,35.70,89.00,0.65,NORMAL
27/04/26,2511,35.70,89.00,1.05,NORMAL
27/04/26,2512,36.00,89.00,1.55,NORMAL
27/04/26,2513,36.20,89.00,0.20,WARNING
27/04/26,2514,36.30,87.00,0.05,WARNING
27/04/26,2515,36.30,86.00,0.00,WARNING
27/04/26,2516,36.20,86.00,0.00,WARNING
27/04/26,2517,36.20,87.00,0.00,WARNING
27/04/26,2518,35.90,87.00,0.00,NORMAL
27/04/26,2519,35.70,88.00,0.00,NORMAL
27/04/26,2520,35.70,88.00,0.00,NORMAL
27/04/26,2521,35.60,89.00,0.00,NORMAL
27/04/26,2522,35.20,87.00,0.35,NORMAL
27/04/26,2523,35.10,88.00,0.35,NORMAL
27/04/26,2524,35.30,89.00,0.80,NORMAL
27/04/26,2525,35.00,90.00,0.35,NORMAL
27/04/26,2526,35.00,91.00,0.60,NORMAL
27/04/26,2527,35.10,91.00,0.35,NORMAL
27/04/26,2528,35.30,91.00,0.25,NORMAL
27/04/26,2529,35.70,90.00,0.25,NORMAL
27/04/26,2530,35.70,88.00,0.20,NORMAL
27/04/26,2531,36.00,89.00,0.25,NORMAL
27/04/26,2532,35.80,87.00,0.30,NORMAL
27/04/26,2533,35.70,87.00,0.40,NORMAL
27/04/26,2534,35.70,88.00,0.40,NORMAL
27/04/26,2535,35.40,89.00,0.50,NORMAL
27/04/26,2536,35.60,89.00,0.55,NORMAL
27/04/26,2537,35.70,89.00,0.00,NORMAL
27/04/26,2538,35.30,89.00,0.00,NORMAL
27/04/26,2539,35.00,90.00,0.00,NORMAL
27/04/26,2540,34.90,90.00,0.00,NORMAL
27/04/26,2541,34.90,91.00,0.00,NORMAL
27/04/26,2542,34.80,91.00,0.00,NORMAL
27/04/26,2543,34.80,91.00,0.00,NORMAL
27/04/26,2544,34.70,91.00,0.00,NORMAL
27/04/26,2545,34.70,92.00,0.05,NORMAL
27/04/26,2546,34.70,93.00,0.65,NORMAL
27/04/26,2547,34.70,92.00,0.55,NORMAL
27/04/26,2548,34.70,92.00,0.40,NORMAL
27/04/26,2549,34.80,92.00,0.15,NORMAL
27/04/26,2550,34.80,93.00,0.35,NORMAL
27/04/26,2551,34.90,92.00,0.55,NORMAL
27/04/26,2552,35.10,92.00,0.30,NORMAL
27/04/26,2553,35.20,91.00,0.30,NORMAL
27/04/26,2554,35.40,91.00,0.20,NORMAL
27/04/26,2555,35.40,91.00,0.25,NORMAL
27/04/26,2556,35.70,90.00,0.20,NORMAL
27/04/26,2557,35.70,90.00,1.90,NORMAL
27/04/26,2558,35.80,89.00,0.05,NORMAL
27/04/26,2559,35.90,89.00,0.00,NORMAL
27/04/26,2560,35.70,90.00,0.00,NORMAL
27/04/26,2561,35.70,90.00,0.00,NORMAL
27/04/26,2562,35.40,90.00,0.00,NORMAL
27/04/26,2563,35.60,90.00,0.00,NORMAL
27/04/26,2564,35.60,90.00,0.00,NORMAL
27/04/26,2565,35.60,90.00,0.00,NORMAL
27/04/26,2566,35.60,90.00,0.00,NORMAL
27/04/26,2567,35.40,91.00,0.20,NORMAL
27/04/26,2568,35.40,91.00,0.30,NORMAL
27/04/26,2569,35.30,90.00,0.70,NORMAL
27/04/26,2570,35.30,91.00,1.30,NORMAL
27/04/26,2571,35.20,91.00,0.10,NORMAL
27/04/26,2572,35.10,90.00,0.35,NORMAL
27/04/26,2573,35.10,89.00,0.45,NORMAL
27/04/26,2574,35.10,90.00,0.65,NORMAL
27/04/26,2575,35.10,91.00,0.35,NORMAL
27/04/26,2576,35.20,90.00,0.70,NORMAL
27/04/26,2577,35.30,91.00,0.75,NORMAL
27/04/26,2578,35.40,90.00,0.60,NORMAL
27/04/26,2579,35.50,89.00,0.35,NORMAL
27/04/26,2580,35.50,89.00,0.50,NORMAL
27/04/26,2581,35.60,90.00,0.65,NORMAL
27/04/26,2582,35.60,89.00,0.65,NORMAL
27/04/26,2583,35.60,89.00,0.40,NORMAL
27/04/26,2584,35.70,90.00,0.15,NORMAL
27/04/26,2585,35.70,89.00,0.95,NORMAL
27/04/26,2586,35.80,89.00,0.20,NORMAL
27/04/26,2587,35.90,88.00,0.20,NORMAL
27/04/26,2588,36.00,89.00,0.00,NORMAL
27/04/26,2589,36.00,89.00,0.00,NORMAL
27/04/26,2590,36.10,89.00,0.00,WARNING
27/04/26,2591,36.00,88.00,0.00,NORMAL
27/04/26,2592,35.80,88.00,0.00,NORMAL
27/04/26,2593,35.80,89.00,0.00,NORMAL
27/04/26,2594,35.60,89.00,0.00,NORMAL
27/04/26,2595,35.60,89.00,0.15,NORMAL
27/04/26,2596,35.50,89.00,0.45,NORMAL
27/04/26,2597,35.40,90.00,0.40,NORMAL
27/04/26,2598,35.50,90.00,0.45,NORMAL
27/04/26,2599,35.60,90.00,1.65,NORMAL
27/04/26,2600,35.50,90.00,0.20,NORMAL
27/04/26,2601,35.50,90.00,0.30,NORMAL
27/04/26,2602,35.60,91.00,0.50,NORMAL
27/04/26,2603,35.60,91.00,0.50,NORMAL
27/04/26,2604,35.60,91.00,0.90,NORMAL
27/04/26,2605,35.70,91.00,0.80,NORMAL
27/04/26,2606,35.80,90.00,0.05,NORMAL
27/04/26,2607,35.90,89.00,0.05,NORMAL
27/04/26,2608,35.80,90.00,0.00,NORMAL
27/04/26,2609,35.90,90.00,0.00,NORMAL
27/04/26,2610,35.90,89.00,0.00,NORMAL
27/04/26,2611,35.90,89.00,0.00,NORMAL
27/04/26,2612,35.90,87.00,0.00,NORMAL
27/04/26,2613,35.80,87.00,0.00,NORMAL
27/04/26,2614,35.80,88.00,0.00,NORMAL
27/04/26,2615,35.80,88.00,0.45,NORMAL
27/04/26,2616,35.80,88.00,0.75,NORMAL
27/04/26,2617,35.80,88.00,0.75,NORMAL
27/04/26,2618,35.60,88.00,1.30,NORMAL
27/04/26,2619,35.80,88.00,0.45,NORMAL
27/04/26,2620,35.90,88.00,1.00,NORMAL
27/04/26,2621,35.90,87.00,1.00,NORMAL
27/04/26,2622,35.80,87.00,0.65,NORMAL
27/04/26,2623,36.00,88.00,1.35,NORMAL
27/04/26,2624,36.10,88.00,0.10,WARNING
27/04/26,2625,36.10,89.00,0.00,WARNING
27/04/26,2626,36.00,89.00,0.00,NORMAL
27/04/26,2627,35.90,88.00,0.00,NORMAL
27/04/26,2628,35.90,88.00,0.00,NORMAL
27/04/26,2629,35.90,88.00,0.00,NORMAL
27/04/26,2630,35.80,89.00,0.00,NORMAL
27/04/26,2631,35.80,89.00,0.00,NORMAL
27/04/26,2632,35.60,89.00,0.00,NORMAL
27/04/26,2633,35.40,90.00,6.25,WARNING
27/04/26,2634,35.50,90.00,2.45,WARNING
27/04/26,2635,35.50,90.00,1.70,NORMAL
27/04/26,2636,35.50,90.00,3.00,WARNING
27/04/26,2637,35.40,91.00,0.10,NORMAL
27/04/26,2638,35.40,91.00,0.95,NORMAL
27/04/26,2639,35.50,91.00,0.55,NORMAL
27/04/26,2640,35.60,90.00,0.60,NORMAL
27/04/26,2641,35.80,90.00,0.60,NORMAL
27/04/26,2642,35.90,89.00,0.65,NORMAL
27/04/26,2643,36.10,89.00,0.25,WARNING
27/04/26,2644,36.20,89.00,0.30,WARNING
27/04/26,2645,36.20,88.00,0.60,WARNING
27/04/26,2646,36.30,88.00,0.50,WARNING
27/04/26,2647,36.30,88.00,0.65,WARNING
27/04/26,2648,36.30,88.00,1.65,WARNING
27/04/26,2649,36.30,88.00,0.05,WARNING
27/04/26,2650,36.40,87.00,0.00,WARNING
27/04/26,2651,36.50,87.00,0.00,WARNING
27/04/26,2652,36.70,87.00,0.00,WARNING
27/04/26,2653,36.70,86.00,0.00,WARNING
27/04/26,2654,36.70,86.00,0.00,WARNING
27/04/26,2655,36.70,86.00,0.00,WARNING
27/04/26,2656,36.40,86.00,0.00,WARNING
27/04/26,2657,36.20,87.00,0.00,WARNING
27/04/26,2658,36.20,88.00,0.25,WARNING
27/04/26,2659,36.20,88.00,0.25,WARNING
27/04/26,2660,36.10,88.00,0.10,WARNING
27/04/26,2661,36.00,88.00,0.55,NORMAL
27/04/26,2662,35.90,88.00,0.85,NORMAL
27/04/26,2663,35.70,89.00,0.55,NORMAL
27/04/26,2664,35.70,89.00,0.65,NORMAL
27/04/26,2665,35.80,89.00,0.15,NORMAL
27/04/26,2666,35.90,88.00,0.45,NORMAL
27/04/26,2667,35.90,88.00,0.20,NORMAL
27/04/26,2668,35.90,87.00,0.15,NORMAL
27/04/26,2669,36.00,89.00,0.25,NORMAL
27/04/26,2670,36.10,89.00,0.15,WARNING
27/04/26,2671,36.20,88.00,0.35,WARNING
27/04/26,2672,36.20,88.00,0.35,WARNING
27/04/26,2673,36.30,87.00,0.20,WARNING
27/04/26,2674,36.40,87.00,0.20,WARNING
27/04/26,2675,36.40,87.00,0.25,WARNING
27/04/26,2676,36.40,87.00,0.40,WARNING
27/04/26,2677,36.30,87.00,0.80,WARNING
27/04/26,2678,36.20,87.00,0.00,WARNING
27/04/26,2679,36.20,87.00,0.05,WARNING
27/04/26,2680,36.10,88.00,0.00,WARNING
27/04/26,2681,35.80,88.00,0.00,NORMAL
27/04/26,2682,35.70,89.00,0.00,NORMAL
27/04/26,2683,35.70,89.00,0.00,NORMAL
27/04/26,2684,35.50,89.00,0.00,NORMAL
27/04/26,2685,35.30,90.00,0.00,NORMAL
27/04/26,2686,35.20,90.00,0.00,NORMAL
27/04/26,2687,34.90,91.00,0.30,NORMAL
27/04/26,2688,34.80,92.00,0.30,NORMAL
27/04/26,2689,34.70,92.00,0.40,NORMAL
27/04/26,2690,34.70,92.00,0.40,NORMAL
27/04/26,2691,34.70,93.00,1.30,NORMAL
27/04/26,2692,34.70,92.00,0.45,NORMAL
27/04/26,2693,34.70,92.00,0.30,NORMAL
27/04/26,2694,34.80,92.00,0.20,NORMAL
27/04/26,2695,34.70,92.00,0.25,NORMAL
27/04/26,2696,34.70,93.00,0.30,NORMAL
27/04/26,2697,34.70,93.00,0.40,NORMAL
27/04/26,2698,34.80,93.00,0.35,NORMAL
27/04/26,2699,34.90,93.00,0.20,NORMAL
27/04/26,2700,34.90,92.00,0.65,NORMAL
27/04/26,2701,35.00,93.00,0.55,NORMAL
27/04/26,2702,35.10,92.00,0.90,NORMAL
27/04/26,2703,35.30,92.00,2.15,WARNING
27/04/26,2704,35.30,92.00,0.00,NORMAL
27/04/26,2705,35.30,93.00,0.00,NORMAL
27/04/26,2706,35.20,93.00,0.00,NORMAL
27/04/26,2707,35.30,93.00,0.00,NORMAL
27/04/26,2708,35.30,93.00,0.00,NORMAL
27/04/26,2709,35.40,92.00,0.00,NORMAL
27/04/26,2710,35.40,91.00,0.00,NORMAL
27/04/26,2711,35.40,90.00,0.00,NORMAL
27/04/26,2712,35.30,90.00,2.00,NORMAL
27/04/26,2713,35.40,90.00,1.65,NORMAL
27/04/26,2714,35.30,91.00,0.25,NORMAL
27/04/26,2715,35.30,91.00,0.40,NORMAL
27/04/26,2716,35.40,91.00,0.50,NORMAL
27/04/26,2717,35.70,90.00,0.70,NORMAL
27/04/26,2718,35.80,90.00,0.70,NORMAL
27/04/26,2719,35.90,89.00,0.70,NORMAL
27/04/26,2720,36.00,89.00,0.50,NORMAL
27/04/26,2721,36.20,89.00,0.60,WARNING
27/04/26,2722,36.20,88.00,0.80,WARNING
27/04/26,2723,36.10,87.00,0.45,WARNING
27/04/26,2724,35.80,87.00,0.60,NORMAL
27/04/26,2725,35.60,88.00,1.10,NORMAL
27/04/26,2726,35.70,87.00,0.70,NORMAL
27/04/26,2727,35.30,88.00,1.15,NORMAL
27/04/26,2728,35.30,89.00,0.55,NORMAL
27/04/26,2729,35.10,90.00,0.05,NORMAL
27/04/26,2730,35.00,91.00,0.00,NORMAL
27/04/26,2731,34.70,92.00,0.00,NORMAL
27/04/26,2732,34.50,93.00,0.00,NORMAL
27/04/26,2733,34.60,94.00,0.00,NORMAL
27/04/26,2734,34.50,94.00,0.00,NORMAL
27/04/26,2735,34.50,94.00,0.00,NORMAL
27/04/26,2736,34.50,94.00,0.00,NORMAL
27/04/26,2737,34.40,95.00,0.00,NORMAL
27/04/26,2738,34.30,95.00,0.00,NORMAL
27/04/26,2739,34.00,95.00,0.00,NORMAL
27/04/26,2740,34.10,95.00,0.00,NORMAL
27/04/26,2741,34.00,95.00,0.25,NORMAL
27/04/26,2742,34.10,95.00,0.50,NORMAL
27/04/26,2743,34.10,95.00,0.40,NORMAL
27/04/26,2744,34.10,95.00,1.25,NORMAL
27/04/26,2745,34.30,95.00,0.35,NORMAL
27/04/26,2746,34.40,95.00,0.30,NORMAL
27/04/26,2747,34.50,95.00,0.85,NORMAL
27/04/26,2748,34.70,95.00,1.15,NORMAL
27/04/26,2749,35.00,95.00,2.20,WARNING
27/04/26,2750,35.30,94.00,0.20,NORMAL
27/04/26,2751,35.70,93.00,0.00,NORMAL
27/04/26,2752,35.70,91.00,0.00,NORMAL
27/04/26,2753,35.60,92.00,0.00,NORMAL
27/04/26,2754,35.70,92.00,0.00,NORMAL
27/04/26,2755,35.40,93.00,0.00,NORMAL
27/04/26,2756,35.40,93.00,0.00,NORMAL
27/04/26,2757,35.40,93.00,0.00,NORMAL
27/04/26,2758,35.40,93.00,0.00,NORMAL
27/04/26,2759,35.30,92.00,0.05,NORMAL
27/04/26,2760,35.20,93.00,0.40,NORMAL
27/04/26,2761,35.10,93.00,0.40,NORMAL
27/04/26,2762,35.00,94.00,2.60,WARNING
27/04/26,2763,35.10,95.00,1.65,NORMAL
27/04/26,2764,35.20,94.00,0.20,NORMAL
27/04/26,2765,35.20,94.00,0.50,NORMAL
27/04/26,2766,35.40,93.00,1.45,NORMAL
27/04/26,2767,35.70,92.00,0.15,NORMAL
27/04/26,2768,35.60,92.00,0.00,NORMAL
27/04/26,2769,35.60,92.00,0.00,NORMAL
27/04/26,2770,35.60,91.00,0.00,NORMAL
27/04/26,2771,35.30,92.00,0.00,NORMAL
27/04/26,2772,35.40,92.00,0.00,NORMAL
27/04/26,2773,35.40,93.00,0.00,NORMAL
27/04/26,2774,35.30,93.00,0.00,NORMAL
27/04/26,2775,35.30,93.00,0.00,NORMAL
27/04/26,2776,35.30,93.00,0.00,NORMAL
27/04/26,2777,35.20,93.00,1.20,NORMAL
27/04/26,2778,35.20,93.00,0.65,NORMAL
27/04/26,2779,35.30,93.00,0.25,NORMAL
27/04/26,2780,35.20,93.00,1.15,NORMAL
27/04/26,2781,35.30,93.00,0.20,NORMAL
27/04/26,2782,35.20,94.00,0.20,NORMAL
27/04/26,2783,35.30,94.00,0.55,NORMAL
27/04/26,2784,35.30,93.00,0.70,NORMAL
27/04/26,2785,35.20,93.00,0.05,NORMAL
27/04/26,2786,35.20,93.00,0.00,NORMAL
27/04/26,2787,35.20,93.00,0.00,NORMAL
27/04/26,2788,35.20,94.00,0.00,NORMAL
27/04/26,2789,35.20,94.00,0.00,NORMAL
27/04/26,2790,35.20,94.00,0.00,NORMAL
27/04/26,2791,35.10,94.00,0.00,NORMAL
27/04/26,2792,34.90,95.00,0.00,NORMAL
27/04/26,2793,35.00,95.00,0.00,NORMAL
27/04/26,2794,35.00,95.00,0.00,NORMAL
27/04/26,2795,35.00,95.00,0.85,NORMAL
27/04/26,2796,35.00,95.00,1.50,NORMAL
27/04/26,2797,35.10,95.00,0.85,NORMAL
27/04/26,2798,35.10,95.00,2.45,WARNING
27/04/26,2799,35.20,94.00,0.00,NORMAL
27/04/26,2800,35.30,94.00,0.35,NORMAL
27/04/26,2801,35.30,94.00,0.55,NORMAL
27/04/26,2802,35.40,94.00,1.70,NORMAL
27/04/26,2803,35.60,94.00,0.15,NORMAL
27/04/26,2804,35.70,94.00,0.00,NORMAL
27/04/26,2805,35.70,94.00,0.00,NORMAL
27/04/26,2806,35.80,93.00,0.00,NORMAL
27/04/26,2807,35.80,93.00,0.00,NORMAL
27/04/26,2808,35.90,92.00,0.00,NORMAL
27/04/26,2809,35.80,92.00,0.00,NORMAL
27/04/26,2810,35.80,92.00,0.00,NORMAL
27/04/26,2811,35.60,92.00,0.00,NORMAL
27/04/26,2812,35.60,93.00,0.00,NORMAL
27/04/26,2813,35.50,93.00,0.00,NORMAL
27/04/26,2814,35.20,94.00,0.00,NORMAL
27/04/26,2815,35.00,95.00,0.00,NORMAL
27/04/26,2816,34.90,95.00,0.00,NORMAL
27/04/26,2817,34.70,95.00,0.00,NORMAL
27/04/26,2818,34.50,95.00,0.00,NORMAL
27/04/26,2819,34.50,95.00,0.00,NORMAL
27/04/26,2820,34.50,95.00,0.00,NORMAL
27/04/26,2821,34.50,95.00,0.00,NORMAL
27/04/26,2822,34.50,95.00,0.00,NORMAL
27/04/26,2823,34.50,95.00,0.00,NORMAL
27/04/26,2824,34.50,95.00,0.00,NORMAL
27/04/26,2825,34.50,95.00,0.00,NORMAL
27/04/26,2826,34.50,95.00,0.00,NORMAL
27/04/26,2827,34.70,95.00,0.00,NORMAL
27/04/26,2828,34.70,95.00,0.00,NORMAL
27/04/26,2829,34.70,95.00,0.00,NORMAL
27/04/26,2830,34.70,95.00,0.00,NORMAL
27/04/26,2831,34.70,95.00,0.00,NORMAL
27/04/26,2832,34.70,95.00,0.00,NORMAL
27/04/26,2833,34.70,95.00,0.00,NORMAL
27/04/26,2834,34.60,95.00,0.00,NORMAL
27/04/26,2835,34.50,95.00,0.00,NORMAL
27/04/26,2836,34.50,95.00,0.00,NORMAL
27/04/26,2837,34.50,95.00,0.00,NORMAL
27/04/26,2838,34.50,95.00,0.00,NORMAL
27/04/26,2839,34.50,95.00,0.00,NORMAL
27/04/26,2840,34.50,95.00,0.00,NORMAL
27/04/26,2841,34.60,95.00,0.00,NORMAL
27/04/26,2842,34.50,95.00,0.00,NORMAL
27/04/26,2843,34.30,95.00,0.00,NORMAL
27/04/26,2844,34.30,95.00,0.00,NORMAL
27/04/26,2845,34.10,95.00,0.00,NORMAL
27/04/26,2846,34.10,95.00,0.00,NORMAL
27/04/26,2847,34.10,95.00,0.00,NORMAL
27/04/26,2848,34.10,95.00,0.00,NORMAL
27/04/26,2849,34.10,95.00,0.00,NORMAL
27/04/26,2850,34.10,95.00,0.00,NORMAL
27/04/26,2851,34.20,95.00,0.00,NORMAL
27/04/26,2852,34.30,95.00,0.00,NORMAL
27/04/26,2853,34.30,95.00,0.00,NORMAL
27/04/26,2854,34.30,95.00,0.00,NORMAL
27/04/26,2855,34.50,95.00,0.00,NORMAL
27/04/26,2856,34.50,95.00,0.00,NORMAL
27/04/26,2857,34.50,95.00,0.00,NORMAL
27/04/26,2858,34.30,95.00,0.00,NORMAL
27/04/26,2859,34.30,95.00,0.00,NORMAL
27/04/26,2860,34.30,95.00,0.00,NORMAL
27/04/26,2861,34.30,95.00,0.00,NORMAL
27/04/26,2862,34.50,95.00,0.00,NORMAL
27/04/26,2863,34.50,95.00,0.00,NORMAL
27/04/26,2864,34.50,95.00,0.00,NORMAL
27/04/26,2865,34.50,95.00,0.00,NORMAL
27/04/26,2866,34.50,95.00,0.00,NORMAL
27/04/26,2867,34.30,95.00,0.00,NORMAL
27/04/26,2868,34.30,95.00,0.00,NORMAL
27/04/26,2869,34.50,95.00,0.00,NORMAL
27/04/26,2870,34.50,95.00,0.00,NORMAL
27/04/26,2871,34.50,95.00,0.00,NORMAL
27/04/26,2872,34.50,95.00,0.00,NORMAL
27/04/26,2873,34.50,95.00,0.00,NORMAL
27/04/26,2874,34.50,95.00,0.00,NORMAL
27/04/26,2875,34.50,95.00,0.00,NORMAL
27/04/26,2876,34.50,95.00,0.00,NORMAL
27/04/26,2877,34.70,95.00,0.00,NORMAL
27/04/26,2878,34.50,95.00,0.00,NORMAL
27/04/26,2879,34.70,95.00,0.00,NORMAL
27/04/26,2880,34.70,95.00,0.00,NORMAL
27/04/26,2881,34.70,95.00,0.00,NORMAL
27/04/26,2882,34.70,95.00,0.00,NORMAL
27/04/26,2883,34.70,95.00,0.00,NORMAL
27/04/26,2884,34.70,95.00,0.00,NORMAL
27/04/26,2885,34.70,95.00,0.00,NORMAL
27/04/26,2886,34.70,95.00,0.00,NORMAL
27/04/26,2887,34.70,95.00,0.00,NORMAL
27/04/26,2888,34.70,95.00,0.00,NORMAL
27/04/26,2889,34.70,95.00,0.00,NORMAL
27/04/26,2890,34.80,95.00,0.00,NORMAL
27/04/26,2891,34.80,95.00,0.00,NORMAL
27/04/26,2892,34.90,95.00,0.00,NORMAL
27/04/26,2893,34.90,95.00,0.00,NORMAL
27/04/26,2894,34.90,95.00,0.00,NORMAL
27/04/26,2895,35.00,95.00,0.00,NORMAL
27/04/26,2896,35.00,94.00,0.00,NORMAL
27/04/26,2897,34.90,94.00,0.00,NORMAL
27/04/26,2898,34.80,95.00,0.00,NORMAL
27/04/26,2899,34.70,95.00,0.00,NORMAL
27/04/26,2900,34.70,95.00,0.00,NORMAL
27/04/26,2901,34.70,95.00,0.00,NORMAL
27/04/26,2902,34.70,95.00,0.00,NORMAL
27/04/26,2903,34.50,95.00,0.00,NORMAL
27/04/26,2904,34.70,95.00,0.00,NORMAL
27/04/26,2905,34.70,95.00,0.00,NORMAL
27/04/26,2906,34.70,95.00,0.00,NORMAL
27/04/26,2907,34.70,95.00,0.00,NORMAL
27/04/26,2908,34.70,95.00,0.00,NORMAL
27/04/26,2909,34.70,95.00,0.00,NORMAL
27/04/26,2910,34.70,95.00,0.00,NORMAL
27/04/26,2911,34.70,95.00,0.00,NORMAL
27/04/26,2912,34.70,95.00,0.00,NORMAL
27/04/26,2913,34.70,95.00,0.00,NORMAL
27/04/26,2914,34.80,95.00,0.00,NORMAL
27/04/26,2915,34.70,94.00,0.00,NORMAL
27/04/26,2916,34.70,95.00,0.00,NORMAL
27/04/26,2917,34.70,94.00,0.00,NORMAL
27/04/26,2918,34.70,95.00,0.00,NORMAL
27/04/26,2919,34.70,95.00,0.00,NORMAL
27/04/26,2920,34.70,95.00,0.00,NORMAL
27/04/26,2921,34.70,95.00,0.00,NORMAL
27/04/26,2922,34.70,95.00,0.00,NORMAL
27/04/26,2923,34.70,95.00,0.00,NORMAL
27/04/26,2924,34.70,94.00,0.00,NORMAL
27/04/26,2925,34.70,94.00,0.00,NORMAL
27/04/26,2926,34.80,94.00,0.00,NORMAL
27/04/26,2927,34.80,94.00,0.00,NORMAL
27/04/26,2928,34.70,94.00,0.00,NORMAL
27/04/26,2929,34.70,94.00,0.00,NORMAL
27/04/26,2930,34.90,94.00,0.00,NORMAL
27/04/26,2931,35.00,94.00,0.00,NORMAL
27/04/26,2932,35.00,94.00,0.00,NORMAL
27/04/26,2933,35.10,94.00,0.00,NORMAL
27/04/26,2934,35.10,94.00,0.00,NORMAL
27/04/26,2935,35.10,93.00,0.00,NORMAL
27/04/26,2936,35.10,94.00,0.00,NORMAL
27/04/26,2937,35.20,94.00,0.00,NORMAL
27/04/26,2938,35.20,93.00,0.00,NORMAL
27/04/26,2939,35.20,93.00,0.00,NORMAL
27/04/26,2940,35.10,93.00,0.00,NORMAL
27/04/26,2941,35.10,93.00,0.00,NORMAL
27/04/26,2942,35.10,93.00,0.00,NORMAL
27/04/26,2943,35.10,93.00,0.00,NORMAL
27/04/26,2944,35.10,93.00,0.00,NORMAL
27/04/26,2945,35.00,93.00,0.00,NORMAL
27/04/26,2946,34.70,94.00,0.00,NORMAL
27/04/26,2947,34.80,95.00,0.00,NORMAL
27/04/26,2948,34.70,95.00,0.00,NORMAL
27/04/26,2949,34.70,95.00,0.00,NORMAL
27/04/26,2950,34.50,95.00,0.00,NORMAL
27/04/26,2951,34.50,95.00,0.00,NORMAL
27/04/26,2952,34.50,95.00,0.00,NORMAL
27/04/26,2953,34.50,95.00,0.00,NORMAL
27/04/26,2954,34.50,95.00,0.00,NORMAL
27/04/26,2955,34.50,95.00,0.00,NORMAL
27/04/26,2956,34.50,95.00,0.00,NORMAL
27/04/26,2957,34.30,95.00,0.00,NORMAL
27/04/26,2958,34.30,95.00,0.00,NORMAL
27/04/26,2959,34.20,95.00,0.00,NORMAL
27/04/26,2960,34.00,95.00,0.00,NORMAL
27/04/26,2961,34.00,95.00,0.00,NORMAL
27/04/26,2962,34.10,95.00,0.00,NORMAL
27/04/26,2963,34.10,95.00,0.00,NORMAL
27/04/26,2964,34.30,95.00,0.00,NORMAL
27/04/26,2965,34.30,95.00,0.00,NORMAL
27/04/26,2966,34.30,95.00,0.00,NORMAL
27/04/26,2967,34.30,95.00,0.00,NORMAL
27/04/26,2968,34.40,95.00,0.00,NORMAL
27/04/26,2969,34.40,95.00,0.00,NORMAL
27/04/26,2970,34.30,95.00,0.00,NORMAL
27/04/26,2971,34.30,95.00,0.00,NORMAL
27/04/26,2972,34.30,95.00,0.00,NORMAL
27/04/26,2973,34.30,95.00,0.00,NORMAL
27/04/26,2974,34.10,95.00,0.00,NORMAL
27/04/26,2975,34.30,95.00,0.00,NORMAL
27/04/26,2976,34.30,95.00,0.00,NORMAL
27/04/26,2977,34.30,95.00,0.00,NORMAL
27/04/26,2978,34.40,95.00,0.00,NORMAL
27/04/26,2979,34.50,95.00,0.00,NORMAL
27/04/26,2980,34.50,95.00,0.00,NORMAL
27/04/26,2981,34.50,95.00,0.00,NORMAL
27/04/26,2982,34.50,95.00,0.00,NORMAL
27/04/26,2983,34.60,95.00,0.00,NORMAL
27/04/26,2984,34.60,95.00,0.00,NORMAL
27/04/26,2985,34.60,95.00,0.00,NORMAL
27/04/26,2986,34.50,95.00,0.00,NORMAL
27/04/26,2987,34.60,95.00,0.00,NORMAL
27/04/26,2988,34.50,95.00,0.00,NORMAL
27/04/26,2989,34.50,95.00,0.00,NORMAL
27/04/26,2990,34.50,95.00,0.00,NORMAL
27/04/26,2991,34.30,95.00,0.00,NORMAL
27/04/26,2992,34.40,95.00,0.00,NORMAL
27/04/26,2993,34.30,95.00,0.00,NORMAL
27/04/26,2994,34.50,95.00,0.00,NORMAL
27/04/26,2995,34.50,95.00,0.00,NORMAL
27/04/26,2996,34.60,95.00,0.00,NORMAL
27/04/26,2997,34.70,95.00,0.00,NORMAL
27/04/26,2998,34.70,95.00,0.00,NORMAL
27/04/26,2999,34.90,95.00,0.00,NORMAL
27/04/26,3000,34.90,95.00,0.00,NORMAL
27/04/26,3001,34.90,95.00,0.00,NORMAL
27/04/26,3002,35.00,95.00,0.00,NORMAL
27/04/26,3003,35.00,95.00,0.00,NORMAL
27/04/26,3004,35.00,95.00,0.00,NORMAL
27/04/26,3005,35.10,95.00,0.00,NORMAL
27/04/26,3006,35.10,95.00,0.00,NORMAL
27/04/26,3007,35.10,95.00,0.00,NORMAL
27/04/26,3008,35.20,95.00,0.00,NORMAL
27/04/26,3009,35.20,95.00,0.00,NORMAL
27/04/26,3010,35.30,95.00,0.00,NORMAL
27/04/26,3011,35.30,95.00,0.00,NORMAL
27/04/26,3012,35.40,95.00,0.00,NORMAL
27/04/26,3013,35.40,94.00,0.00,NORMAL
27/04/26,3014,35.30,94.00,0.00,NORMAL
27/04/26,3015,35.20,95.00,0.00,NORMAL
27/04/26,3016,35.10,95.00,0.00,NORMAL
27/04/26,3017,35.10,95.00,0.00,NORMAL
27/04/26,3018,35.20,95.00,0.00,NORMAL
27/04/26,3019,35.20,95.00,0.00,NORMAL
27/04/26,3020,35.30,95.00,0.00,NORMAL
27/04/26,3021,35.30,95.00,0.00,NORMAL
27/04/26,3022,35.20,94.00,0.00,NORMAL
27/04/26,3023,35.10,95.00,0.00,NORMAL
27/04/26,3024,34.90,95.00,0.00,NORMAL
27/04/26,3025,34.70,95.00,0.00,NORMAL
27/04/26,3026,34.70,95.00,0.00,NORMAL
27/04/26,3027,34.60,95.00,0.00,NORMAL
27/04/26,3028,34.60,95.00,0.00,NORMAL
27/04/26,3029,34.60,95.00,0.00,NORMAL
27/04/26,3030,34.60,95.00,0.00,NORMAL
27/04/26,3031,34.60,95.00,0.00,NORMAL
27/04/26,3032,34.60,95.00,0.00,NORMAL
27/04/26,3033,34.60,95.00,0.00,NORMAL
27/04/26,3034,34.60,95.00,0.00,NORMAL
27/04/26,3035,34.60,95.00,0.00,NORMAL
27/04/26,3036,34.60,95.00,0.00,NORMAL
27/04/26,3037,34.60,95.00,0.00,NORMAL
27/04/26,3038,34.60,95.00,0.00,NORMAL
27/04/26,3039,34.50,95.00,0.00,NORMAL
27/04/26,3040,34.50,95.00,0.00,NORMAL
27/04/26,3041,34.50,95.00,0.00,NORMAL
27/04/26,3042,34.50,95.00,0.00,NORMAL
27/04/26,3043,34.50,95.00,0.00,NORMAL
27/04/26,3044,34.30,95.00,0.00,NORMAL
27/04/26,3045,34.40,95.00,0.00,NORMAL
27/04/26,3046,34.30,95.00,0.00,NORMAL
27/04/26,3047,34.30,95.00,0.00,NORMAL
27/04/26,3048,34.30,95.00,0.00,NORMAL
27/04/26,3049,34.10,95.00,0.00,NORMAL
27/04/26,3050,34.10,95.00,0.00,NORMAL
27/04/26,3051,34.10,95.00,0.00,NORMAL
27/04/26,3052,34.10,95.00,0.00,NORMAL
27/04/26,3053,34.20,95.00,0.00,NORMAL
27/04/26,3054,34.30,95.00,0.00,NORMAL
27/04/26,3055,34.30,95.00,0.00,NORMAL
27/04/26,3056,34.30,95.00,0.00,NORMAL
27/04/26,3057,34.30,95.00,0.00,NORMAL
27/04/26,3058,34.30,95.00,0.00,NORMAL
27/04/26,3059,34.30,95.00,0.00,NORMAL
27/04/26,3060,34.30,95.00,0.00,NORMAL
27/04/26,3061,34.30,95.00,0.00,NORMAL
27/04/26,3062,34.30,95.00,0.00,NORMAL
27/04/26,3063,34.30,95.00,0.00,NORMAL
27/04/26,3064,34.30,95.00,0.00,NORMAL
27/04/26,3065,34.30,95.00,0.00,NORMAL
27/04/26,3066,34.30,95.00,0.00,NORMAL
27/04/26,3067,34.30,95.00,0.00,NORMAL
27/04/26,3068,34.50,95.00,0.00,NORMAL
27/04/26,3069,34.50,95.00,0.00,NORMAL
27/04/26,3070,34.60,95.00,0.00,NORMAL
27/04/26,3071,34.70,95.00,0.00,NORMAL
27/04/26,3072,34.70,95.00,0.00,NORMAL
27/04/26,3073,34.70,95.00,0.00,NORMAL
27/04/26,3074,34.70,95.00,0.00,NORMAL
27/04/26,3075,34.70,95.00,0.00,NORMAL
27/04/26,3076,34.70,95.00,0.00,NORMAL
27/04/26,3077,34.60,95.00,0.00,NORMAL
27/04/26,3078,34.60,95.00,0.00,NORMAL
27/04/26,3079,34.60,95.00,0.00,NORMAL
27/04/26,3080,34.60,95.00,0.00,NORMAL
27/04/26,3081,34.70,95.00,0.00,NORMAL
27/04/26,3082,34.50,95.00,0.00,NORMAL
27/04/26,3083,34.70,95.00,0.00,NORMAL
27/04/26,3084,34.70,95.00,0.00,NORMAL
27/04/26,3085,34.70,95.00,0.00,NORMAL
27/04/26,3086,34.80,95.00,0.00,NORMAL
27/04/26,3087,34.80,95.00,0.00,NORMAL
27/04/26,3088,34.90,95.00,0.00,NORMAL
27/04/26,3089,34.90,95.00,0.00,NORMAL
27/04/26,3090,35.00,95.00,0.00,NORMAL
27/04/26,3091,35.00,95.00,0.00,NORMAL
27/04/26,3092,35.20,95.00,0.00,NORMAL
27/04/26,3093,35.30,95.00,0.00,NORMAL
27/04/26,3094,35.30,94.00,0.00,NORMAL
27/04/26,3095,35.30,94.00,0.00,NORMAL
27/04/26,3096,35.30,94.00,0.00,NORMAL
27/04/26,3097,35.20,94.00,0.00,NORMAL
27/04/26,3098,35.20,94.00,0.00,NORMAL
27/04/26,3099,35.00,94.00,0.00,NORMAL
27/04/26,3100,34.80,94.00,0.00,NORMAL
27/04/26,3101,34.70,95.00,0.00,NORMAL
27/04/26,3102,34.70,95.00,0.00,NORMAL
27/04/26,3103,34.70,95.00,0.00,NORMAL
27/04/26,3104,34.70,95.00,0.00,NORMAL
27/04/26,3105,34.60,95.00,0.00,NORMAL
27/04/26,3106,34.50,95.00,0.00,NORMAL
27/04/26,3107,34.50,94.00,0.00,NORMAL
27/04/26,3108,34.30,94.00,0.00,NORMAL
27/04/26,3109,34.30,95.00,0.00,NORMAL
27/04/26,3110,34.20,95.00,0.00,NORMAL
27/04/26,3111,34.10,95.00,0.00,NORMAL
27/04/26,3112,34.10,95.00,0.00,NORMAL
27/04/26,3113,34.00,95.00,0.00,NORMAL
27/04/26,3114,34.00,95.00,0.00,NORMAL
27/04/26,3115,34.00,95.00,0.00,NORMAL
27/04/26,3116,34.10,95.00,0.00,NORMAL
27/04/26,3117,34.10,95.00,0.00,NORMAL
27/04/26,3118,34.20,95.00,0.00,NORMAL
27/04/26,3119,34.20,95.00,0.00,NORMAL
27/04/26,3120,34.30,95.00,0.00,NORMAL
27/04/26,3121,34.30,95.00,0.00,NORMAL
27/04/26,3122,34.50,95.00,0.00,NORMAL
27/04/26,3123,34.50,95.00,0.00,NORMAL
27/04/26,3124,34.50,95.00,0.00,NORMAL
27/04/26,3125,34.50,94.00,0.00,NORMAL
27/04/26,3126,34.50,95.00,0.00,NORMAL
27/04/26,3127,34.50,94.00,0.00,NORMAL
27/04/26,3128,34.40,94.00,0.00,NORMAL
27/04/26,3129,34.30,95.00,0.00,NORMAL
27/04/26,3130,34.50,95.00,0.00,NORMAL
27/04/26,3131,34.50,94.00,0.00,NORMAL
27/04/26,3132,34.30,95.00,0.00,NORMAL
27/04/26,3133,34.30,95.00,0.00,NORMAL
27/04/26,3134,34.40,95.00,0.00,NORMAL
27/04/26,3135,34.40,95.00,0.00,NORMAL
27/04/26,3136,34.50,95.00,0.00,NORMAL
27/04/26,3137,34.50,94.00,0.00,NORMAL
27/04/26,3138,34.50,94.00,0.00,NORMAL
27/04/26,3139,34.50,94.00,0.00,NORMAL
27/04/26,3140,34.50,94.00,0.00,NORMAL
27/04/26,3141,34.30,94.00,0.00,NORMAL
27/04/26,3142,34.30,95.00,0.00,NORMAL
27/04/26,3143,34.20,95.00,0.00,NORMAL
27/04/26,3144,34.20,95.00,0.00,NORMAL
27/04/26,3145,34.20,95.00,0.00,NORMAL
27/04/26,3146,34.20,95.00,0.00,NORMAL
27/04/26,3147,34.10,95.00,0.00,NORMAL
27/04/26,3148,34.10,95.00,0.00,NORMAL
27/04/26,3149,34.10,95.00,0.00,NORMAL
27/04/26,3150,34.10,95.00,0.00,NORMAL
27/04/26,3151,34.10,95.00,0.00,NORMAL
27/04/26,3152,34.20,95.00,0.00,NORMAL
27/04/26,3153,34.20,95.00,0.00,NORMAL
27/04/26,3154,34.20,95.00,0.00,NORMAL
27/04/26,3155,34.30,95.00,0.00,NORMAL
27/04/26,3156,34.30,95.00,0.00,NORMAL
27/04/26,3157,34.30,95.00,0.00,NORMAL
27/04/26,3158,34.30,95.00,0.00,NORMAL
27/04/26,3159,34.30,95.00,0.00,NORMAL
27/04/26,3160,34.40,95.00,0.00,NORMAL
27/04/26,3161,34.40,94.00,0.00,NORMAL
27/04/26,3162,34.50,94.00,0.00,NORMAL
27/04/26,3163,34.50,95.00,0.00,NORMAL
27/04/26,3164,34.50,94.00,0.00,NORMAL
27/04/26,3165,34.70,94.00,0.00,NORMAL
27/04/26,3166,34.70,94.00,0.00,NORMAL
27/04/26,3167,34.80,93.00,0.00,NORMAL
27/04/26,3168,34.90,93.00,0.00,NORMAL
27/04/26,3169,35.10,92.00,0.00,NORMAL
27/04/26,3170,35.10,92.00,0.00,NORMAL
27/04/26,3171,35.20,92.00,0.00,NORMAL
27/04/26,3172,35.20,92.00,0.00,NORMAL
27/04/26,3173,35.30,92.00,0.00,NORMAL
27/04/26,3174,35.50,91.00,0.00,NORMAL
27/04/26,3175,35.50,91.00,0.00,NORMAL
27/04/26,3176,35.50,91.00,0.00,NORMAL
27/04/26,3177,35.60,90.00,0.00,NORMAL
27/04/26,3178,35.60,90.00,0.00,NORMAL
27/04/26,3179,35.50,89.00,0.00,NORMAL
27/04/26,3180,35.20,89.00,0.00,NORMAL
27/04/26,3181,35.20,90.00,0.00,NORMAL
27/04/26,3182,34.90,91.00,0.00,NORMAL
27/04/26,3183,34.80,91.00,0.00,NORMAL
27/04/26,3184,34.70,92.00,0.00,NORMAL
27/04/26,3185,34.70,92.00,0.00,NORMAL
27/04/26,3186,34.50,92.00,0.00,NORMAL
27/04/26,3187,34.50,93.00,0.00,NORMAL
27/04/26,3188,34.50,93.00,0.00,NORMAL
27/04/26,3189,34.50,93.00,0.00,NORMAL
27/04/26,3190,34.50,94.00,0.00,NORMAL
27/04/26,3191,34.70,93.00,0.00,NORMAL
27/04/26,3192,34.70,92.00,0.00,NORMAL
27/04/26,3193,34.70,93.00,0.00,NORMAL
27/04/26,3194,34.70,92.00,0.00,NORMAL
27/04/26,3195,34.80,92.00,0.00,NORMAL
27/04/26,3196,34.80,92.00,0.00,NORMAL
27/04/26,3197,34.90,92.00,0.00,NORMAL
27/04/26,3198,35.00,92.00,0.00,NORMAL
27/04/26,3199,35.00,92.00,0.00,NORMAL
27/04/26,3200,34.90,91.00,0.00,NORMAL
27/04/26,3201,34.90,92.00,0.00,NORMAL
27/04/26,3202,34.90,92.00,0.00,NORMAL
27/04/26,3203,35.00,92.00,0.00,NORMAL
27/04/26,3204,34.90,92.00,0.00,NORMAL
27/04/26,3205,35.00,92.00,0.00,NORMAL
27/04/26,3206,35.00,92.00,0.00,NORMAL
27/04/26,3207,34.90,91.00,0.00,NORMAL
27/04/26,3208,35.00,92.00,0.00,NORMAL
27/04/26,3209,35.00,92.00,0.00,NORMAL
27/04/26,3210,35.00,92.00,0.00,NORMAL
27/04/26,3211,35.00,93.00,0.00,NORMAL
27/04/26,3212,35.10,92.00,0.00,NORMAL
27/04/26,3213,35.00,91.00,0.00,NORMAL
27/04/26,3214,35.00,92.00,0.00,NORMAL
27/04/26,3215,35.10,92.00,0.00,NORMAL
27/04/26,3216,35.00,92.00,0.00,NORMAL
27/04/26,3217,35.20,91.00,0.00,NORMAL
27/04/26,3218,35.20,91.00,0.00,NORMAL
27/04/26,3219,35.20,91.00,0.00,NORMAL
27/04/26,3220,35.30,91.00,0.00,NORMAL
27/04/26,3221,35.30,91.00,0.00,NORMAL
27/04/26,3222,35.50,91.00,0.00,NORMAL
27/04/26,3223,35.50,90.00,0.00,NORMAL
27/04/26,3224,35.30,90.00,0.00,NORMAL
27/04/26,3225,35.30,91.00,0.00,NORMAL
27/04/26,3226,35.30,91.00,0.00,NORMAL
27/04/26,3227,35.20,91.00,0.00,NORMAL
27/04/26,3228,35.30,91.00,0.00,NORMAL
27/04/26,3229,35.20,91.00,0.00,NORMAL
27/04/26,3230,35.20,92.00,0.00,NORMAL
27/04/26,3231,35.30,92.00,0.00,NORMAL
27/04/26,3232,35.30,91.00,0.00,NORMAL
27/04/26,3233,35.30,90.00,0.00,NORMAL
27/04/26,3234,35.30,90.00,0.00,NORMAL
27/04/26,3235,35.10,90.00,0.00,NORMAL
27/04/26,3236,34.90,91.00,0.00,NORMAL
27/04/26,3237,34.80,92.00,0.00,NORMAL
27/04/26,3238,34.70,92.00,0.00,NORMAL
27/04/26,3239,34.50,92.00,0.00,NORMAL
27/04/26,3240,34.50,92.00,0.00,NORMAL
27/04/26,3241,34.50,93.00,0.00,NORMAL
27/04/26,3242,34.50,93.00,0.00,NORMAL
27/04/26,3243,34.50,94.00,0.00,NORMAL
27/04/26,3244,34.50,94.00,0.00,NORMAL
27/04/26,3245,34.50,94.00,0.00,NORMAL
27/04/26,3246,34.50,94.00,0.00,NORMAL
27/04/26,3247,34.50,94.00,0.00,NORMAL
27/04/26,3248,34.70,94.00,0.00,NORMAL
27/04/26,3249,34.70,94.00,0.00,NORMAL
27/04/26,3250,34.70,93.00,0.00,NORMAL
27/04/26,3251,34.70,92.00,0.00,NORMAL
27/04/26,3252,34.70,92.00,0.00,NORMAL
27/04/26,3253,34.50,92.00,0.00,NORMAL
27/04/26,3254,34.50,93.00,0.00,NORMAL
27/04/26,3255,34.30,93.00,0.00,NORMAL
27/04/26,3256,34.10,94.00,0.00,NORMAL
27/04/26,3257,34.10,95.00,0.00,NORMAL
27/04/26,3258,34.10,95.00,0.00,NORMAL
27/04/26,3259,34.10,95.00,0.00,NORMAL
27/04/26,3260,34.10,95.00,0.00,NORMAL
27/04/26,3261,34.10,95.00,0.00,NORMAL
27/04/26,3262,34.30,95.00,0.00,NORMAL
27/04/26,3263,34.30,95.00,0.00,NORMAL
27/04/26,3264,34.30,95.00,0.00,NORMAL
27/04/26,3265,34.30,95.00,0.00,NORMAL
27/04/26,3266,34.30,94.00,0.00,NORMAL
27/04/26,3267,34.10,95.00,0.00,NORMAL
27/04/26,3268,34.10,95.00,0.00,NORMAL
27/04/26,3269,34.00,95.00,0.00,NORMAL
27/04/26,3270,33.90,95.00,0.00,NORMAL
27/04/26,3271,33.90,95.00,0.00,NORMAL
27/04/26,3272,33.90,95.00,0.00,NORMAL
27/04/26,3273,33.90,95.00,0.00,NORMAL
27/04/26,3274,33.90,95.00,0.00,NORMAL
27/04/26,3275,33.90,95.00,0.00,NORMAL
27/04/26,3276,33.80,95.00,0.00,NORMAL
27/04/26,3277,33.70,95.00,0.00,NORMAL
27/04/26,3278,33.80,95.00,0.00,NORMAL
27/04/26,3279,33.80,95.00,0.00,NORMAL
27/04/26,3280,33.90,95.00,0.00,NORMAL
27/04/26,3281,33.90,95.00,0.00,NORMAL
27/04/26,3282,34.00,95.00,0.00,NORMAL
27/04/26,3283,33.90,95.00,0.00,NORMAL
27/04/26,3284,33.90,95.00,0.00,NORMAL
27/04/26,3285,34.00,95.00,0.00,NORMAL
27/04/26,3286,34.10,95.00,0.00,NORMAL
27/04/26,3287,34.00,95.00,0.00,NORMAL
27/04/26,3288,34.10,95.00,0.00,NORMAL
27/04/26,3289,34.10,95.00,0.00,NORMAL
27/04/26,3290,34.10,95.00,0.00,NORMAL
27/04/26,3291,34.10,95.00,0.00,NORMAL
27/04/26,3292,34.10,95.00,0.00,NORMAL
27/04/26,3293,34.10,95.00,0.00,NORMAL
27/04/26,3294,34.10,95.00,0.00,NORMAL
27/04/26,3295,34.10,95.00,0.00,NORMAL
27/04/26,3296,34.10,95.00,0.00,NORMAL
27/04/26,3297,34.10,95.00,0.00,NORMAL
27/04/26,3298,34.30,95.00,0.00,NORMAL
27/04/26,3299,34.30,95.00,0.00,NORMAL
27/04/26,3300,34.30,95.00,0.00,NORMAL
27/04/26,3301,34.30,95.00,0.00,NORMAL
27/04/26,3302,34.30,95.00,0.00,NORMAL
27/04/26,3303,34.30,95.00,0.00,NORMAL
27/04/26,3304,34.30,95.00,0.00,NORMAL
27/04/26,3305,34.30,95.00,0.00,NORMAL
27/04/26,3306,34.30,95.00,0.00,NORMAL
27/04/26,3307,34.40,95.00,0.00,NORMAL
27/04/26,3308,34.40,95.00,0.00,NORMAL
27/04/26,3309,34.40,95.00,0.00,NORMAL
27/04/26,3310,34.30,95.00,0.00,NORMAL
27/04/26,3311,34.30,95.00,0.00,NORMAL
27/04/26,3312,34.10,95.00,0.00,NORMAL
27/04/26,3313,34.10,95.00,0.00,NORMAL
27/04/26,3314,34.00,95.00,0.00,NORMAL
27/04/26,3315,34.00,95.00,0.00,NORMAL
27/04/26,3316,34.00,95.00,0.00,NORMAL
27/04/26,3317,33.90,95.00,0.00,NORMAL
27/04/26,3318,33.90,95.00,0.00,NORMAL
27/04/26,3319,33.80,95.00,0.00,NORMAL
27/04/26,3320,33.80,95.00,0.00,NORMAL
27/04/26,3321,33.80,95.00,0.00,NORMAL
27/04/26,3322,33.70,95.00,0.00,NORMAL
27/04/26,3323,33.70,95.00,0.00,NORMAL
27/04/26,3324,33.70,95.00,0.00,NORMAL
27/04/26,3325,33.70,95.00,0.00,NORMAL
27/04/26,3326,33.60,95.00,0.00,NORMAL
27/04/26,3327,33.60,95.00,0.00,NORMAL
27/04/26,3328,33.70,95.00,0.00,NORMAL
27/04/26,3329,33.70,95.00,0.00,NORMAL
27/04/26,3330,33.70,95.00,0.00,NORMAL
27/04/26,3331,33.70,95.00,0.00,NORMAL
27/04/26,3332,33.80,95.00,0.00,NORMAL
27/04/26,3333,33.80,95.00,0.00,NORMAL
27/04/26,3334,33.90,95.00,0.00,NORMAL
27/04/26,3335,33.90,95.00,0.00,NORMAL
27/04/26,3336,33.90,95.00,0.00,NORMAL
27/04/26,3337,34.00,95.00,0.00,NORMAL
27/04/26,3338,34.00,95.00,0.00,NORMAL
27/04/26,3339,34.00,95.00,0.00,NORMAL
27/04/26,3340,34.10,95.00,0.00,NORMAL
27/04/26,3341,34.10,95.00,0.00,NORMAL
27/04/26,3342,34.10,95.00,0.00,NORMAL
27/04/26,3343,34.10,95.00,0.00,NORMAL
27/04/26,3344,34.10,95.00,0.00,NORMAL
27/04/26,3345,34.10,95.00,0.00,NORMAL
27/04/26,3346,34.20,95.00,0.00,NORMAL
27/04/26,3347,34.30,95.00,0.00,NORMAL
27/04/26,3348,34.30,95.00,0.00,NORMAL
27/04/26,3349,34.30,95.00,0.00,NORMAL
27/04/26,3350,34.30,95.00,0.00,NORMAL
27/04/26,3351,34.50,95.00,0.00,NORMAL
27/04/26,3352,34.50,95.00,0.00,NORMAL
27/04/26,3353,34.30,95.00,0.00,NORMAL
27/04/26,3354,34.50,95.00,0.00,NORMAL
27/04/26,3355,34.50,95.00,0.00,NORMAL
27/04/26,3356,34.50,95.00,0.00,NORMAL
27/04/26,3357,34.50,95.00,0.00,NORMAL
27/04/26,3358,34.60,95.00,0.00,NORMAL
27/04/26,3359,34.70,95.00,0.00,NORMAL
27/04/26,3360,34.70,94.00,0.00,NORMAL
27/04/26,3361,34.90,94.00,0.00,NORMAL
27/04/26,3362,35.10,94.00,0.00,NORMAL
27/04/26,3363,34.90,93.00,0.00,NORMAL
27/04/26,3364,35.20,93.00,0.00,NORMAL
27/04/26,3365,35.20,92.00,0.00,NORMAL
27/04/26,3366,35.30,92.00,0.00,NORMAL
27/04/26,3367,35.30,92.00,0.00,NORMAL
27/04/26,3368,35.20,91.00,0.00,NORMAL
27/04/26,3369,35.10,91.00,0.00,NORMAL
27/04/26,3370,35.00,92.00,0.00,NORMAL
27/04/26,3371,34.90,92.00,0.00,NORMAL
27/04/26,3372,34.90,92.00,0.00,NORMAL
27/04/26,3373,34.90,92.00,0.00,NORMAL
27/04/26,3374,35.00,92.00,0.00,NORMAL
27/04/26,3375,35.00,92.00,0.00,NORMAL
27/04/26,3376,35.00,92.00,0.00,NORMAL
27/04/26,3377,35.00,92.00,0.00,NORMAL
27/04/26,3378,34.90,92.00,0.00,NORMAL
27/04/26,3379,34.70,92.00,0.00,NORMAL
27/04/26,3380,34.70,93.00,0.00,NORMAL
27/04/26,3381,34.70,93.00,0.00,NORMAL
27/04/26,3382,34.70,94.00,0.00,NORMAL
27/04/26,3383,34.70,93.00,0.00,NORMAL
27/04/26,3384,34.70,93.00,0.00,NORMAL
27/04/26,3385,34.70,93.00,0.00,NORMAL
27/04/26,3386,34.70,93.00,0.00,NORMAL
27/04/26,3387,34.70,93.00,0.00,NORMAL
27/04/26,3388,34.70,94.00,0.00,NORMAL
27/04/26,3389,34.70,93.00,0.00,NORMAL
27/04/26,3390,34.70,92.00,0.00,NORMAL
27/04/26,3391,34.50,93.00,0.00,NORMAL
27/04/26,3392,34.50,93.00,0.00,NORMAL
27/04/26,3393,34.30,93.00,0.00,NORMAL
27/04/26,3394,34.20,93.00,0.00,NORMAL
27/04/26,3395,34.10,95.00,0.00,NORMAL
27/04/26,3396,34.00,95.00,0.00,NORMAL
27/04/26,3397,34.00,95.00,0.00,NORMAL
27/04/26,3398,33.90,95.00,0.00,NORMAL
27/04/26,3399,33.90,95.00,0.00,NORMAL
27/04/26,3400,33.90,95.00,0.00,NORMAL
27/04/26,3401,33.90,95.00,0.00,NORMAL
27/04/26,3402,33.90,95.00,0.00,NORMAL
27/04/26,3403,33.90,95.00,0.00,NORMAL
27/04/26,3404,33.80,95.00,0.00,NORMAL
27/04/26,3405,33.90,95.00,0.00,NORMAL
27/04/26,3406,33.90,95.00,0.00,NORMAL
27/04/26,3407,33.90,95.00,0.00,NORMAL
27/04/26,3408,33.90,95.00,0.00,NORMAL
27/04/26,3409,33.80,95.00,0.00,NORMAL
27/04/26,3410,34.00,95.00,0.00,NORMAL
27/04/26,3411,34.10,95.00,0.00,NORMAL
27/04/26,3412,34.20,95.00,0.00,NORMAL
27/04/26,3413,34.20,95.00,0.00,NORMAL
27/04/26,3414,34.20,95.00,0.00,NORMAL
27/04/26,3415,34.20,95.00,0.00,NORMAL
27/04/26,3416,34.20,94.00,0.00,NORMAL
27/04/26,3417,34.20,94.00,0.00,NORMAL
27/04/26,3418,34.30,94.00,0.00,NORMAL
27/04/26,3419,34.10,94.00,0.00,NORMAL
27/04/26,3420,34.20,94.00,0.00,NORMAL
27/04/26,3421,34.20,94.00,0.00,NORMAL
27/04/26,3422,34.20,94.00,0.00,NORMAL
27/04/26,3423,34.20,95.00,0.00,NORMAL
27/04/26,3424,34.10,95.00,0.00,NORMAL
27/04/26,3425,34.10,95.00,0.00,NORMAL
27/04/26,3426,34.10,95.00,0.00,NORMAL
27/04/26,3427,34.10,95.00,0.00,NORMAL
27/04/26,3428,34.10,95.00,0.00,NORMAL
27/04/26,3429,34.10,95.00,0.00,NORMAL
27/04/26,3430,34.10,95.00,0.00,NORMAL
27/04/26,3431,34.10,95.00,0.00,NORMAL
27/04/26,3432,34.00,95.00,0.00,NORMAL
27/04/26,3433,34.10,95.00,0.00,NORMAL
27/04/26,3434,34.10,95.00,0.00,NORMAL
27/04/26,3435,34.00,95.00,0.00,NORMAL
27/04/26,3436,34.00,95.00,0.00,NORMAL
27/04/26,3437,34.00,95.00,0.00,NORMAL
27/04/26,3438,34.00,95.00,0.00,NORMAL
27/04/26,3439,34.00,95.00,0.00,NORMAL
27/04/26,3440,33.90,95.00,0.00,NORMAL
27/04/26,3441,33.90,95.00,0.00,NORMAL
27/04/26,3442,33.90,95.00,0.00,NORMAL
27/04/26,3443,33.90,95.00,0.00,NORMAL
27/04/26,3444,33.80,95.00,0.00,NORMAL
27/04/26,3445,33.90,95.00,0.00,NORMAL
27/04/26,3446,33.80,95.00,0.00,NORMAL
27/04/26,3447,33.90,95.00,0.00,NORMAL
27/04/26,3448,33.90,95.00,0.00,NORMAL
27/04/26,3449,33.90,95.00,0.00,NORMAL
27/04/26,3450,33.80,95.00,0.00,NORMAL
27/04/26,3451,33.90,95.00,0.00,NORMAL
27/04/26,3452,33.80,95.00,0.00,NORMAL
27/04/26,3453,33.80,95.00,0.00,NORMAL
27/04/26,3454,33.90,95.00,0.00,NORMAL
27/04/26,3455,33.80,95.00,0.00,NORMAL
27/04/26,3456,33.90,95.00,0.00,NORMAL
27/04/26,3457,33.90,95.00,0.00,NORMAL
27/04/26,3458,33.80,95.00,0.00,NORMAL
27/04/26,3459,33.90,95.00,0.00,NORMAL
27/04/26,3460,33.90,95.00,0.00,NORMAL
27/04/26,3461,34.00,95.00,0.00,NORMAL
27/04/26,3462,34.00,95.00,0.00,NORMAL
27/04/26,3463,34.00,95.00,0.00,NORMAL
27/04/26,3464,34.10,95.00,0.00,NORMAL
27/04/26,3465,34.10,95.00,0.00,NORMAL
27/04/26,3466,34.10,95.00,0.00,NORMAL
27/04/26,3467,34.10,95.00,0.00,NORMAL
27/04/26,3468,34.10,95.00,0.00,NORMAL
27/04/26,3469,34.20,95.00,0.00,NORMAL
27/04/26,3470,34.20,95.00,0.00,NORMAL
27/04/26,3471,34.30,95.00,0.00,NORMAL
27/04/26,3472,34.30,95.00,0.00,NORMAL
27/04/26,3473,34.30,95.00,0.00,NORMAL
27/04/26,3474,34.30,95.00,0.00,NORMAL
27/04/26,3475,34.30,95.00,0.00,NORMAL
27/04/26,3476,34.40,95.00,0.00,NORMAL
27/04/26,3477,34.50,95.00,0.00,NORMAL
27/04/26,3478,34.50,95.00,0.00,NORMAL
27/04/26,3479,34.50,94.00,0.00,NORMAL
27/04/26,3480,34.40,94.00,0.00,NORMAL
27/04/26,3481,34.40,95.00,0.00,NORMAL
27/04/26,3482,34.40,95.00,0.00,NORMAL
27/04/26,3483,34.50,95.00,0.00,NORMAL
27/04/26,3484,34.50,95.00,0.00,NORMAL
27/04/26,3485,34.50,95.00,0.00,NORMAL
27/04/26,3486,34.40,95.00,0.00,NORMAL
27/04/26,3487,34.40,95.00,0.00,NORMAL
27/04/26,3488,34.50,95.00,0.00,NORMAL
27/04/26,3489,34.40,95.00,0.00,NORMAL
27/04/26,3490,34.50,95.00,0.00,NORMAL
27/04/26,3491,34.50,95.00,0.00,NORMAL
27/04/26,3492,34.50,95.00,0.00,NORMAL
27/04/26,3493,34.50,94.00,0.00,NORMAL
27/04/26,3494,34.70,94.00,0.00,NORMAL
27/04/26,3495,34.50,94.00,0.00,NORMAL
27/04/26,3496,34.50,94.00,0.00,NORMAL
27/04/26,3497,34.50,94.00,0.00,NORMAL
27/04/26,3498,34.40,94.00,0.00,NORMAL
27/04/26,3499,34.50,94.00,0.00,NORMAL
27/04/26,3500,34.50,94.00,0.00,NORMAL
27/04/26,3501,34.50,94.00,0.00,NORMAL
27/04/26,3502,34.50,94.00,0.00,NORMAL
27/04/26,3503,34.40,95.00,0.00,NORMAL
27/04/26,3504,34.40,95.00,0.00,NORMAL
27/04/26,3505,34.30,95.00,0.00,NORMAL
27/04/26,3506,34.30,95.00,0.00,NORMAL
27/04/26,3507,34.30,95.00,0.00,NORMAL
27/04/26,3508,34.20,95.00,0.00,NORMAL
27/04/26,3509,34.10,95.00,0.00,NORMAL
27/04/26,3510,34.10,95.00,0.00,NORMAL
27/04/26,3511,34.00,95.00,0.00,NORMAL
27/04/26,3512,33.90,95.00,0.00,NORMAL
27/04/26,3513,33.90,95.00,0.00,NORMAL
27/04/26,3514,33.80,95.00,0.00,NORMAL
27/04/26,3515,33.80,95.00,0.00,NORMAL
27/04/26,3516,33.70,95.00,0.00,NORMAL
27/04/26,3517,33.70,95.00,0.00,NORMAL
27/04/26,3518,33.70,95.00,0.00,NORMAL
27/04/26,3519,33.70,95.00,0.00,NORMAL
27/04/26,3520,33.70,95.00,0.00,NORMAL
27/04/26,3521,33.70,95.00,0.00,NORMAL
27/04/26,3522,33.70,95.00,0.00,NORMAL
27/04/26,3523,33.70,95.00,0.00,NORMAL
27/04/26,3524,33.70,95.00,0.00,NORMAL
27/04/26,3525,33.70,95.00,0.00,NORMAL
27/04/26,3526,33.80,95.00,0.00,NORMAL
27/04/26,3527,33.80,95.00,0.00,NORMAL
27/04/26,3528,33.90,95.00,0.00,NORMAL
27/04/26,3529,33.90,95.00,0.00,NORMAL
27/04/26,3530,34.00,95.00,0.00,NORMAL
27/04/26,3531,34.00,95.00,0.00,NORMAL
27/04/26,3532,34.00,95.00,0.00,NORMAL
27/04/26,3533,34.00,95.00,0.00,NORMAL
27/04/26,3534,34.10,95.00,0.00,NORMAL
27/04/26,3535,34.10,95.00,0.00,NORMAL
27/04/26,3536,34.10,95.00,0.00,NORMAL
27/04/26,3537,34.10,95.00,0.00,NORMAL
27/04/26,3538,34.10,95.00,0.00,NORMAL
27/04/26,3539,34.10,95.00,0.00,NORMAL
27/04/26,3540,34.10,95.00,0.00,NORMAL
27/04/26,3541,34.10,95.00,0.00,NORMAL
27/04/26,3542,34.10,95.00,0.00,NORMAL
27/04/26,3543,34.10,95.00,0.00,NORMAL
27/04/26,3544,34.10,95.00,0.00,NORMAL
27/04/26,3545,34.10,95.00,0.00,NORMAL
27/04/26,3546,34.10,95.00,0.00,NORMAL
27/04/26,3547,34.10,95.00,0.00,NORMAL
27/04/26,3548,34.10,95.00,0.00,NORMAL
27/04/26,3549,34.10,95.00,0.00,NORMAL
27/04/26,3550,34.10,95.00,0.00,NORMAL
27/04/26,3551,34.10,95.00,0.00,NORMAL
27/04/26,3552,34.10,95.00,0.00,NORMAL
27/04/26,3553,34.00,95.00,0.00,NORMAL
27/04/26,3554,34.00,95.00,0.00,NORMAL
27/04/26,3555,34.00,95.00,0.00,NORMAL
27/04/26,3556,34.00,95.00,0.00,NORMAL
27/04/26,3557,34.00,95.00,0.00,NORMAL
27/04/26,3558,33.90,95.00,0.00,NORMAL
27/04/26,3559,33.90,95.00,0.00,NORMAL
27/04/26,3560,33.80,95.00,0.00,NORMAL
27/04/26,3561,33.80,95.00,0.00,NORMAL
27/04/26,3562,33.80,95.00,0.00,NORMAL
27/04/26,3563,33.80,95.00,0.00,NORMAL
27/04/26,3564,33.90,95.00,0.00,NORMAL
27/04/26,3565,33.90,95.00,0.00,NORMAL
27/04/26,3566,34.00,95.00,0.00,NORMAL
27/04/26,3567,34.00,95.00,0.00,NORMAL
27/04/26,3568,34.00,95.00,0.00,NORMAL
27/04/26,3569,33.90,95.00,0.00,NORMAL
27/04/26,3570,33.90,95.00,0.00,NORMAL
27/04/26,3571,33.80,95.00,0.00,NORMAL
27/04/26,3572,33.80,95.00,0.00,NORMAL
27/04/26,3573,33.70,95.00,0.00,NORMAL
27/04/26,3574,33.70,95.00,0.00,NORMAL
27/04/26,3575,33.70,95.00,0.00,NORMAL
27/04/26,3576,33.70,95.00,0.00,NORMAL
27/04/26,3577,33.70,95.00,0.00,NORMAL
27/04/26,3578,33.60,95.00,0.00,NORMAL
27/04/26,3579,33.60,95.00,0.00,NORMAL
27/04/26,3580,33.60,95.00,0.00,NORMAL
27/04/26,3581,33.60,95.00,0.00,NORMAL
27/04/26,3582,33.40,95.00,0.00,NORMAL
27/04/26,3583,33.40,95.00,0.00,NORMAL
27/04/26,3584,33.60,95.00,0.00,NORMAL
27/04/26,3585,33.60,95.00,0.00,NORMAL
27/04/26,3586,33.60,95.00,0.00,NORMAL
27/04/26,3587,33.70,95.00,0.00,NORMAL
27/04/26,3588,33.70,95.00,0.00,NORMAL
27/04/26,3589,33.70,95.00,0.00,NORMAL
27/04/26,3590,33.70,95.00,0.00,NORMAL
27/04/26,3591,33.80,95.00,0.00,NORMAL
27/04/26,3592,33.80,95.00,0.00,NORMAL
27/04/26,3593,33.80,95.00,0.00,NORMAL
27/04/26,3594,33.90,95.00,0.00,NORMAL
27/04/26,3595,33.90,95.00,0.00,NORMAL
27/04/26,3596,33.90,95.00,0.00,NORMAL
27/04/26,3597,33.90,95.00,0.00,NORMAL
27/04/26,3598,33.90,95.00,0.00,NORMAL
27/04/26,3599,33.80,95.00,0.00,NORMAL
27/04/26,3600,33.70,95.00,0.00,NORMAL
27/04/26,3601,33.70,95.00,0.00,NORMAL
27/04/26,3602,33.60,95.00,0.00,NORMAL
27/04/26,3603,33.60,95.00,0.00,NORMAL
27/04/26,3604,33.60,95.00,0.00,NORMAL
27/04/26,3605,33.40,95.00,0.00,NORMAL
27/04/26,3606,33.40,95.00,0.00,NORMAL
27/04/26,3607,33.40,95.00,0.00,NORMAL
27/04/26,3608,33.60,95.00,0.00,NORMAL
27/04/26,3609,33.60,95.00,0.00,NORMAL
27/04/26,3610,33.60,95.00,0.00,NORMAL
27/04/26,3611,33.60,95.00,0.00,NORMAL
27/04/26,3612,33.60,95.00,0.00,NORMAL
27/04/26,3613,33.40,95.00,0.00,NORMAL
27/04/26,3614,33.40,95.00,0.00,NORMAL
27/04/26,3615,33.40,95.00,0.00,NORMAL
27/04/26,3616,33.70,95.00,0.00,NORMAL
27/04/26,3617,33.60,95.00,0.00,NORMAL
27/04/26,3618,33.60,95.00,0.00,NORMAL
27/04/26,3619,33.60,95.00,0.00,NORMAL
27/04/26,3620,33.60,95.00,0.00,NORMAL
27/04/26,3621,33.60,95.00,0.00,NORMAL
27/04/26,3622,33.40,95.00,0.00,NORMAL
27/04/26,3623,33.40,95.00,0.00,NORMAL
27/04/26,3624,33.40,95.00,0.00,NORMAL
27/04/26,3625,33.40,95.00,0.00,NORMAL
27/04/26,3626,33.40,95.00,0.00,NORMAL
27/04/26,3627,33.40,95.00,0.00,NORMAL
27/04/26,3628,33.40,95.00,0.00,NORMAL
27/04/26,3629,33.30,95.00,0.00,NORMAL
27/04/26,3630,33.20,95.00,0.00,NORMAL
27/04/26,3631,33.00,95.00,0.00,NORMAL
27/04/26,3632,33.10,95.00,0.00,NORMAL
27/04/26,3633,32.90,95.00,0.00,NORMAL
27/04/26,3634,32.90,95.00,0.00,NORMAL
27/04/26,3635,32.90,95.00,0.00,NORMAL
27/04/26,3636,32.90,95.00,0.00,NORMAL
27/04/26,3637,32.90,95.00,0.00,NORMAL
27/04/26,3638,32.70,95.00,0.00,NORMAL
27/04/26,3639,32.70,95.00,0.00,NORMAL
27/04/26,3640,32.90,95.00,0.00,NORMAL
27/04/26,3641,32.90,95.00,0.00,NORMAL
27/04/26,3642,32.90,95.00,0.00,NORMAL
27/04/26,3643,32.90,95.00,0.00,NORMAL
27/04/26,3644,32.90,95.00,0.00,NORMAL
27/04/26,3645,33.00,95.00,0.00,NORMAL
27/04/26,3646,32.90,95.00,0.00,NORMAL
27/04/26,3647,32.90,95.00,0.00,NORMAL
27/04/26,3648,32.90,95.00,0.00,NORMAL
27/04/26,3649,32.90,95.00,0.00,NORMAL
27/04/26,3650,32.90,95.00,0.00,NORMAL
27/04/26,3651,32.90,95.00,0.00,NORMAL
27/04/26,3652,32.90,95.00,0.00,NORMAL
27/04/26,3653,32.90,95.00,0.00,NORMAL
27/04/26,3654,32.90,95.00,0.00,NORMAL
27/04/26,3655,32.90,95.00,0.00,NORMAL
27/04/26,3656,32.90,95.00,0.00,NORMAL
27/04/26,3657,32.90,95.00,0.00,NORMAL
27/04/26,3658,32.90,95.00,0.00,NORMAL
27/04/26,3659,33.00,95.00,0.00,NORMAL
27/04/26,3660,33.00,95.00,0.00,NORMAL
27/04/26,3661,33.00,95.00,0.00,NORMAL
27/04/26,3662,33.00,95.00,0.00,NORMAL
27/04/26,3663,32.90,95.00,0.00,NORMAL
27/04/26,3664,32.90,95.00,0.00,NORMAL
27/04/26,3665,32.90,95.00,0.00,NORMAL
27/04/26,3666,32.90,95.00,0.00,NORMAL
27/04/26,3667,32.90,95.00,0.00,NORMAL
27/04/26,3668,33.00,95.00,0.00,NORMAL
27/04/26,3669,33.20,95.00,0.00,NORMAL
27/04/26,3670,33.20,95.00,0.00,NORMAL
27/04/26,3671,33.20,95.00,0.00,NORMAL
27/04/26,3672,33.20,95.00,0.00,NORMAL
27/04/26,3673,33.20,95.00,0.00,NORMAL
27/04/26,3674,33.20,95.00,0.00,NORMAL
27/04/26,3675,33.20,95.00,0.00,NORMAL
27/04/26,3676,33.20,95.00,0.00,NORMAL
27/04/26,3677,33.20,95.00,0.00,NORMAL
27/04/26,3678,33.00,95.00,0.00,NORMAL
27/04/26,3679,33.00,95.00,0.00,NORMAL
27/04/26,3680,32.90,95.00,0.00,NORMAL
27/04/26,3681,32.90,95.00,0.00,NORMAL
27/04/26,3682,33.00,95.00,0.00,NORMAL
27/04/26,3683,32.90,95.00,0.00,NORMAL
27/04/26,3684,33.00,95.00,0.00,NORMAL
27/04/26,3685,32.90,95.00,0.00,NORMAL
27/04/26,3686,32.90,95.00,0.00,NORMAL
27/04/26,3687,32.90,95.00,0.00,NORMAL
27/04/26,3688,32.90,95.00,0.00,NORMAL
27/04/26,3689,32.90,95.00,0.00,NORMAL
27/04/26,3690,32.90,95.00,0.00,NORMAL
27/04/26,3691,32.90,95.00,0.00,NORMAL
27/04/26,3692,32.80,95.00,0.00,NORMAL
27/04/26,3693,32.90,95.00,0.00,NORMAL
27/04/26,3694,32.80,95.00,0.00,NORMAL
27/04/26,3695,32.80,95.00,0.00,NORMAL
27/04/26,3696,32.80,95.00,0.00,NORMAL
27/04/26,3697,32.70,95.00,0.00,NORMAL
27/04/26,3698,32.70,95.00,0.00,NORMAL
27/04/26,3699,32.70,95.00,0.00,NORMAL
27/04/26,3700,32.70,95.00,0.00,NORMAL
27/04/26,3701,32.70,95.00,0.00,NORMAL
27/04/26,3702,32.70,95.00,0.00,NORMAL
27/04/26,3703,32.70,95.00,0.00,NORMAL
27/04/26,3704,32.70,95.00,0.00,NORMAL
27/04/26,3705,32.70,95.00,0.00,NORMAL
27/04/26,3706,32.70,95.00,0.00,NORMAL
04/05/26,3707,34.30,90.00,0.10,NORMAL
04/05/26,3708,nan,nan,0.20,NORMAL
04/05/26,3709,34.20,90.00,0.15,NORMAL
04/05/26,3710,34.20,91.00,0.10,NORMAL
04/05/26,3711,34.20,91.00,0.20,NORMAL
04/05/26,3712,34.10,90.00,0.10,NORMAL
04/05/26,3713,34.20,91.00,0.15,NORMAL
04/05/26,3714,34.10,91.00,0.20,NORMAL
04/05/26,3715,34.10,92.00,0.30,NORMAL
04/05/26,3716,34.10,92.00,0.15,NORMAL
04/05/26,3717,34.20,91.00,0.10,NORMAL
04/05/26,3718,34.20,91.00,0.20,NORMAL
04/05/26,3719,34.30,91.00,0.05,NORMAL
04/05/26,3720,34.30,91.00,0.30,NORMAL
04/05/26,3721,34.30,91.00,0.30,NORMAL
04/05/26,3722,34.30,91.00,0.05,NORMAL
04/05/26,3723,34.40,90.00,0.25,NORMAL
04/05/26,3724,34.40,89.00,0.30,NORMAL
04/05/26,3725,34.40,89.00,0.15,NORMAL
04/05/26,3726,34.40,89.00,0.30,NORMAL
04/05/26,3727,34.50,89.00,0.20,NORMAL
04/05/26,3728,34.50,89.00,0.10,NORMAL
04/05/26,3729,34.50,88.00,0.15,NORMAL
04/05/26,3730,34.50,88.00,0.25,NORMAL
04/05/26,3731,34.40,88.00,0.05,NORMAL
04/05/26,3732,34.30,89.00,0.20,NORMAL
04/05/26,3733,34.30,90.00,0.15,NORMAL
04/05/26,3734,34.20,90.00,0.20,NORMAL
04/05/26,3735,34.40,89.00,0.45,NORMAL
04/05/26,3736,34.40,89.00,0.25,NORMAL
04/05/26,3737,34.40,89.00,0.20,NORMAL
04/05/26,3738,34.20,88.00,0.15,NORMAL
04/05/26,3739,34.30,88.00,0.15,NORMAL
04/05/26,3740,34.30,88.00,0.45,NORMAL
04/05/26,3741,34.40,88.00,0.30,NORMAL
04/05/26,3742,34.50,88.00,0.20,NORMAL
04/05/26,3743,34.50,88.00,0.20,NORMAL
04/05/26,3744,34.50,88.00,0.20,NORMAL
04/05/26,3745,34.50,87.00,0.35,NORMAL
04/05/26,3746,34.50,87.00,0.25,NORMAL
04/05/26,3747,34.40,87.00,0.35,NORMAL
04/05/26,3748,34.30,88.00,0.10,NORMAL
04/05/26,3749,34.20,88.00,0.20,NORMAL
04/05/26,3750,34.10,88.00,0.15,NORMAL
04/05/26,3751,34.10,88.00,0.25,NORMAL
04/05/26,3752,34.10,88.00,0.25,NORMAL
04/05/26,3753,34.10,89.00,0.20,NORMAL
04/05/26,3754,34.10,90.00,0.30,NORMAL
04/05/26,3755,34.10,90.00,0.15,NORMAL
04/05/26,3756,34.20,89.00,0.00,NORMAL
04/05/26,3757,34.20,89.00,0.10,NORMAL
04/05/26,3758,34.30,89.00,0.35,NORMAL
04/05/26,3759,34.40,89.00,0.10,NORMAL
04/05/26,3760,34.50,89.00,0.10,NORMAL
04/05/26,3761,34.50,90.00,0.20,NORMAL
04/05/26,3762,34.50,89.00,0.15,NORMAL
04/05/26,3763,34.70,88.00,0.50,NORMAL
04/05/26,3764,34.70,88.00,0.00,NORMAL
04/05/26,3765,34.70,88.00,0.00,NORMAL
04/05/26,3766,34.70,88.00,0.00,NORMAL
04/05/26,3767,34.70,88.00,0.00,NORMAL
04/05/26,3768,34.70,88.00,0.00,NORMAL
04/05/26,3769,34.70,88.00,0.00,NORMAL
04/05/26,3770,34.70,88.00,0.00,NORMAL
04/05/26,3771,34.70,89.00,0.00,NORMAL
04/05/26,3772,34.70,88.00,0.00,NORMAL
04/05/26,3773,34.60,89.00,0.00,NORMAL
04/05/26,3774,34.50,89.00,0.55,NORMAL
04/05/26,3775,34.50,90.00,0.35,NORMAL
04/05/26,3776,34.40,90.00,0.20,NORMAL
04/05/26,3777,34.30,90.00,0.05,NORMAL
04/05/26,3778,34.20,90.00,0.00,NORMAL
04/05/26,3779,34.20,91.00,0.05,NORMAL
04/05/26,3780,34.20,91.00,0.10,NORMAL
04/05/26,3781,34.20,91.00,0.10,NORMAL
04/05/26,3782,34.20,91.00,0.05,NORMAL
04/05/26,3783,34.20,90.00,0.35,NORMAL
04/05/26,3784,34.20,91.00,0.00,NORMAL
04/05/26,3785,34.20,91.00,0.00,NORMAL
04/05/26,3786,34.10,91.00,0.00,NORMAL
04/05/26,3787,34.10,91.00,0.00,NORMAL
04/05/26,3788,34.10,91.00,0.00,NORMAL
04/05/26,3789,34.00,92.00,0.00,NORMAL
04/05/26,3790,33.90,92.00,0.00,NORMAL
04/05/26,3791,33.90,92.00,0.00,NORMAL
04/05/26,3792,33.70,93.00,0.00,NORMAL
04/05/26,3793,33.70,94.00,0.30,NORMAL
04/05/26,3794,33.70,94.00,0.05,NORMAL
04/05/26,3795,33.90,94.00,0.15,NORMAL
04/05/26,3796,33.70,93.00,0.45,NORMAL
04/05/26,3797,33.90,93.00,0.20,NORMAL
04/05/26,3798,33.90,93.00,0.05,NORMAL
04/05/26,3799,33.90,93.00,0.05,NORMAL
04/05/26,3800,33.90,93.00,0.05,NORMAL
04/05/26,3801,34.20,92.00,0.10,NORMAL
04/05/26,3802,34.10,91.00,0.10,NORMAL
04/05/26,3803,34.20,91.00,0.10,NORMAL
04/05/26,3804,34.30,91.00,0.05,NORMAL
04/05/26,3805,34.30,92.00,0.85,NORMAL
04/05/26,3806,34.30,91.00,0.05,NORMAL
04/05/26,3807,34.30,91.00,0.00,NORMAL
04/05/26,3808,34.30,91.00,0.00,NORMAL
04/05/26,3809,34.20,90.00,0.00,NORMAL
04/05/26,3810,34.00,90.00,0.00,NORMAL
04/05/26,3811,33.90,91.00,0.00,NORMAL
04/05/26,3812,33.80,92.00,0.00,NORMAL
04/05/26,3813,33.70,92.00,0.00,NORMAL
04/05/26,3814,33.70,93.00,0.00,NORMAL
04/05/26,3815,33.70,93.00,0.30,NORMAL
04/05/26,3816,33.70,94.00,0.15,NORMAL
04/05/26,3817,33.60,94.00,0.10,NORMAL
04/05/26,3818,33.70,94.00,0.30,NORMAL
04/05/26,3819,33.70,93.00,0.00,NORMAL
04/05/26,3820,33.70,93.00,0.05,NORMAL
04/05/26,3821,33.80,93.00,0.00,NORMAL
04/05/26,3822,33.80,92.00,0.05,NORMAL
04/05/26,3823,33.90,92.00,0.10,NORMAL
04/05/26,3824,33.90,91.00,0.10,NORMAL
04/05/26,3825,33.90,91.00,0.15,NORMAL
04/05/26,3826,33.90,91.00,0.15,NORMAL
04/05/26,3827,34.00,90.00,0.05,NORMAL
04/05/26,3828,34.00,90.00,0.10,NORMAL
04/05/26,3829,34.00,90.00,0.10,NORMAL
04/05/26,3830,34.00,89.00,0.10,NORMAL
04/05/26,3831,34.10,89.00,0.10,NORMAL
04/05/26,3832,34.00,90.00,0.05,NORMAL
04/05/26,3833,34.10,90.00,0.00,NORMAL
04/05/26,3834,34.00,90.00,0.00,NORMAL
04/05/26,3835,33.90,90.00,0.00,NORMAL
04/05/26,3836,33.90,91.00,0.00,NORMAL
04/05/26,3837,33.80,91.00,0.00,NORMAL
04/05/26,3838,33.70,91.00,0.00,NORMAL
04/05/26,3839,33.70,91.00,0.00,NORMAL
04/05/26,3840,33.50,92.00,0.00,NORMAL
04/05/26,3841,33.50,92.00,0.00,NORMAL
04/05/26,3842,33.70,93.00,0.00,NORMAL
04/05/26,3843,33.70,93.00,0.00,NORMAL
04/05/26,3844,33.70,92.00,0.00,NORMAL
04/05/26,3845,33.50,91.00,0.00,NORMAL
04/05/26,3846,33.70,91.00,0.00,NORMAL
04/05/26,3847,33.50,90.00,0.00,NORMAL
04/05/26,3848,33.40,90.00,0.00,NORMAL
04/05/26,3849,33.50,91.00,0.00,NORMAL
04/05/26,3850,33.50,91.00,0.00,NORMAL
04/05/26,3851,33.40,91.00,0.00,NORMAL
04/05/26,3852,33.40,92.00,0.00,NORMAL
04/05/26,3853,33.40,92.00,0.00,NORMAL
04/05/26,3854,33.40,92.00,0.00,NORMAL
04/05/26,3855,33.40,93.00,0.00,NORMAL
04/05/26,3856,33.40,92.00,0.00,NORMAL
04/05/26,3857,33.40,91.00,0.00,NORMAL
04/05/26,3858,33.40,91.00,0.00,NORMAL
04/05/26,3859,33.40,91.00,0.00,NORMAL
04/05/26,3860,33.40,92.00,0.00,NORMAL
04/05/26,3861,33.40,92.00,0.00,NORMAL
04/05/26,3862,33.50,92.00,0.00,NORMAL
04/05/26,3863,33.50,91.00,0.00,NORMAL
04/05/26,3864,33.40,91.00,0.00,NORMAL
04/05/26,3865,33.50,91.00,0.00,NORMAL
04/05/26,3866,33.50,91.00,0.00,NORMAL
04/05/26,3867,33.50,92.00,0.00,NORMAL
04/05/26,3868,33.40,92.00,0.00,NORMAL
04/05/26,3869,33.40,91.00,0.00,NORMAL
04/05/26,3870,33.30,91.00,0.00,NORMAL
04/05/26,3871,33.10,92.00,0.00,NORMAL
04/05/26,3872,33.20,92.00,0.00,NORMAL
04/05/26,3873,33.20,92.00,0.00,NORMAL
04/05/26,3874,33.20,93.00,0.00,NORMAL
04/05/26,3875,33.20,94.00,0.00,NORMAL
04/05/26,3876,33.20,94.00,0.00,NORMAL
04/05/26,3877,33.30,94.00,0.00,NORMAL
04/05/26,3878,33.40,94.00,0.00,NORMAL
04/05/26,3879,33.30,94.00,0.00,NORMAL
04/05/26,3880,33.30,94.00,0.00,NORMAL
04/05/26,3881,33.30,93.00,0.00,NORMAL
04/05/26,3882,33.30,92.00,0.00,NORMAL
04/05/26,3883,33.20,92.00,0.00,NORMAL
04/05/26,3884,33.20,92.00,0.00,NORMAL
04/05/26,3885,33.10,92.00,0.00,NORMAL
04/05/26,3886,33.20,92.00,0.00,NORMAL
04/05/26,3887,33.20,92.00,0.00,NORMAL
04/05/26,3888,33.20,93.00,0.00,NORMAL
04/05/26,3889,33.10,93.00,0.00,NORMAL
04/05/26,3890,33.10,93.00,0.00,NORMAL
04/05/26,3891,33.10,93.00,0.00,NORMAL
04/05/26,3892,33.10,93.00,0.00,NORMAL
04/05/26,3893,33.10,92.00,0.00,NORMAL
04/05/26,3894,33.10,92.00,0.00,NORMAL
04/05/26,3895,33.10,92.00,0.00,NORMAL
04/05/26,3896,33.10,93.00,0.00,NORMAL
04/05/26,3897,33.10,92.00,0.00,NORMAL
04/05/26,3898,33.10,93.00,0.00,NORMAL
04/05/26,3899,33.10,93.00,0.00,NORMAL
04/05/26,3900,33.10,93.00,0.00,NORMAL
04/05/26,3901,33.10,93.00,0.00,NORMAL
04/05/26,3902,33.10,93.00,0.00,NORMAL
04/05/26,3903,33.00,93.00,0.00,NORMAL
04/05/26,3904,33.10,94.00,0.00,NORMAL
04/05/26,3905,33.20,93.00,0.00,NORMAL
04/05/26,3906,33.20,93.00,0.00,NORMAL
04/05/26,3907,33.10,93.00,0.00,NORMAL
04/05/26,3908,33.10,92.00,0.30,NORMAL
04/05/26,3909,33.10,92.00,0.30,NORMAL
04/05/26,3910,33.10,92.00,0.25,NORMAL
04/05/26,3911,33.20,93.00,0.10,NORMAL
04/05/26,3912,33.20,93.00,0.05,NORMAL
04/05/26,3913,33.20,93.00,0.00,NORMAL
04/05/26,3914,33.30,93.00,0.05,NORMAL
04/05/26,3915,33.40,93.00,0.05,NORMAL
04/05/26,3916,33.40,93.00,0.85,NORMAL
04/05/26,3917,33.50,93.00,0.20,NORMAL
04/05/26,3918,33.60,93.00,0.00,NORMAL
04/05/26,3919,33.70,93.00,0.00,NORMAL
04/05/26,3920,33.70,93.00,0.00,NORMAL
04/05/26,3921,33.70,93.00,0.00,NORMAL
04/05/26,3922,33.70,93.00,0.00,NORMAL
04/05/26,3923,33.70,93.00,0.00,NORMAL
04/05/26,3924,33.70,94.00,0.00,NORMAL
04/05/26,3925,33.60,94.00,0.00,NORMAL
04/05/26,3926,33.70,94.00,0.00,NORMAL
04/05/26,3927,33.60,93.00,0.00,NORMAL
04/05/26,3928,33.50,94.00,0.00,NORMAL
04/05/26,3929,33.70,94.00,0.00,NORMAL
04/05/26,3930,33.60,93.00,0.00,NORMAL
04/05/26,3931,33.40,91.00,0.00,NORMAL
04/05/26,3932,33.40,92.00,0.00,NORMAL
04/05/26,3933,33.40,93.00,0.00,NORMAL
04/05/26,3934,33.40,94.00,0.00,NORMAL
04/05/26,3935,33.20,94.00,0.00,NORMAL
04/05/26,3936,33.40,93.00,0.00,NORMAL
04/05/26,3937,33.40,94.00,0.00,NORMAL
04/05/26,3938,33.40,94.00,0.00,NORMAL
04/05/26,3939,33.40,94.00,0.00,NORMAL
04/05/26,3940,33.40,94.00,0.00,NORMAL
04/05/26,3941,33.40,94.00,0.20,NORMAL
04/05/26,3942,33.40,94.00,0.30,NORMAL
04/05/26,3943,33.20,95.00,0.15,NORMAL
04/05/26,3944,33.40,95.00,0.65,NORMAL
04/05/26,3945,33.40,95.00,0.00,NORMAL
04/05/26,3946,33.60,94.00,0.00,NORMAL
04/05/26,3947,33.70,93.00,0.00,NORMAL
04/05/26,3948,33.70,94.00,0.50,NORMAL
04/05/26,3949,33.70,93.00,0.05,NORMAL
04/05/26,3950,33.90,93.00,0.00,NORMAL
04/05/26,3951,33.70,94.00,0.00,NORMAL
04/05/26,3952,33.70,94.00,0.00,NORMAL
04/05/26,3953,33.50,94.00,0.00,NORMAL
04/05/26,3954,33.50,94.00,0.00,NORMAL
04/05/26,3955,33.50,95.00,0.00,NORMAL
04/05/26,3956,33.40,95.00,0.00,NORMAL
04/05/26,3957,33.40,95.00,0.00,NORMAL
04/05/26,3958,33.20,95.00,0.00,NORMAL
04/05/26,3959,33.20,95.00,0.00,NORMAL
04/05/26,3960,33.20,95.00,0.00,NORMAL
04/05/26,3961,33.20,95.00,0.00,NORMAL
04/05/26,3962,33.20,95.00,0.00,NORMAL
04/05/26,3963,33.20,95.00,0.00,NORMAL
04/05/26,3964,33.20,95.00,0.00,NORMAL
04/05/26,3965,33.20,95.00,0.00,NORMAL
04/05/26,3966,33.20,95.00,0.00,NORMAL
04/05/26,3967,33.30,95.00,0.00,NORMAL
04/05/26,3968,33.20,95.00,0.00,NORMAL
04/05/26,3969,33.20,95.00,0.00,NORMAL
04/05/26,3970,33.40,95.00,0.00,NORMAL
04/05/26,3971,33.30,95.00,0.00,NORMAL
04/05/26,3972,33.30,95.00,0.00,NORMAL
04/05/26,3973,33.20,95.00,0.15,NORMAL
04/05/26,3974,33.20,95.00,0.05,NORMAL
04/05/26,3975,33.20,95.00,0.10,NORMAL
04/05/26,3976,33.30,95.00,0.30,NORMAL
04/05/26,3977,33.50,95.00,0.00,NORMAL
04/05/26,3978,33.40,95.00,0.00,NORMAL
04/05/26,3979,33.60,95.00,0.05,NORMAL
04/05/26,3980,33.70,95.00,0.00,NORMAL
04/05/26,3981,33.70,95.00,0.65,NORMAL
04/05/26,3982,33.90,95.00,0.00,NORMAL
04/05/26,3983,33.70,94.00,0.00,NORMAL
04/05/26,3984,34.10,93.00,0.00,NORMAL
04/05/26,3985,33.90,93.00,0.00,NORMAL
04/05/26,3986,33.90,93.00,0.00,NORMAL
04/05/26,3987,33.90,94.00,0.00,NORMAL
04/05/26,3988,34.20,94.00,0.00,NORMAL
04/05/26,3989,34.00,93.00,0.00,NORMAL
04/05/26,3990,33.90,93.00,0.00,NORMAL
04/05/26,3991,33.90,94.00,0.00,NORMAL
04/05/26,3992,33.80,93.00,0.00,NORMAL
04/05/26,3993,33.70,94.00,0.00,NORMAL
04/05/26,3994,33.40,94.00,0.00,NORMAL
04/05/26,3995,33.40,95.00,0.00,NORMAL
04/05/26,3996,33.30,95.00,0.00,NORMAL
04/05/26,3997,33.10,95.00,0.00,NORMAL
04/05/26,3998,33.40,95.00,0.00,NORMAL
04/05/26,3999,33.40,95.00,0.00,NORMAL
04/05/26,4000,33.40,95.00,0.00,NORMAL
04/05/26,4001,33.30,95.00,0.00,NORMAL
04/05/26,4002,33.20,95.00,0.00,NORMAL
04/05/26,4003,33.20,95.00,0.00,NORMAL
04/05/26,4004,33.20,95.00,0.05,NORMAL
04/05/26,4005,33.20,95.00,0.05,NORMAL
04/05/26,4006,33.20,95.00,0.20,NORMAL
04/05/26,4007,33.00,95.00,0.20,NORMAL
04/05/26,4008,33.20,95.00,0.60,NORMAL
04/05/26,4009,33.30,95.00,0.00,NORMAL
04/05/26,4010,33.40,95.00,0.05,NORMAL
04/05/26,4011,33.40,95.00,0.00,NORMAL
04/05/26,4012,33.50,95.00,0.00,NORMAL
04/05/26,4013,33.70,95.00,0.85,NORMAL
04/05/26,4014,33.70,95.00,0.00,NORMAL
04/05/26,4015,33.70,95.00,0.00,NORMAL
04/05/26,4016,33.80,95.00,0.00,NORMAL
04/05/26,4017,33.80,95.00,0.00,NORMAL
04/05/26,4018,33.70,95.00,0.00,NORMAL
04/05/26,4019,33.80,95.00,0.00,NORMAL
04/05/26,4020,33.90,95.00,0.00,NORMAL
04/05/26,4021,33.90,95.00,0.00,NORMAL
04/05/26,4022,33.90,95.00,0.00,NORMAL
04/05/26,4023,33.80,95.00,0.00,NORMAL
04/05/26,4024,34.00,94.00,0.00,NORMAL
04/05/26,4025,33.90,95.00,0.00,NORMAL
04/05/26,4026,33.90,94.00,0.00,NORMAL
04/05/26,4027,33.80,93.00,0.00,NORMAL
04/05/26,4028,33.80,93.00,0.00,NORMAL
04/05/26,4029,33.70,94.00,0.00,NORMAL
04/05/26,4030,33.80,94.00,0.00,NORMAL
04/05/26,4031,33.90,95.00,0.00,NORMAL
04/05/26,4032,33.90,95.00,0.00,NORMAL
04/05/26,4033,34.00,95.00,0.00,NORMAL
04/05/26,4034,33.90,93.00,0.10,NORMAL
04/05/26,4035,33.90,93.00,0.00,NORMAL
04/05/26,4036,33.80,93.00,0.05,NORMAL
04/05/26,4037,33.70,93.00,0.25,NORMAL
04/05/26,4038,33.70,94.00,0.05,NORMAL
04/05/26,4039,33.70,94.00,0.00,NORMAL
04/05/26,4040,33.70,94.00,0.05,NORMAL
04/05/26,4041,33.70,94.00,0.05,NORMAL
04/05/26,4042,33.70,94.00,0.65,NORMAL
04/05/26,4043,33.80,94.00,0.00,NORMAL
04/05/26,4044,33.80,94.00,0.00,NORMAL
04/05/26,4045,33.70,95.00,0.00,NORMAL
04/05/26,4046,33.70,95.00,0.00,NORMAL
04/05/26,4047,33.70,94.00,0.00,NORMAL
04/05/26,4048,33.60,94.00,0.00,NORMAL
04/05/26,4049,33.70,95.00,0.00,NORMAL
04/05/26,4050,33.40,95.00,0.00,NORMAL
04/05/26,4051,33.40,95.00,0.00,NORMAL
04/05/26,4052,33.50,95.00,0.00,NORMAL
04/05/26,4053,33.60,95.00,0.00,NORMAL
04/05/26,4054,33.60,95.00,0.00,NORMAL
04/05/26,4055,33.70,95.00,0.00,NORMAL
04/05/26,4056,33.70,95.00,0.00,NORMAL
04/05/26,4057,33.70,95.00,0.05,NORMAL
04/05/26,4058,33.70,95.00,0.15,NORMAL
04/05/26,4059,33.70,95.00,0.00,NORMAL
04/05/26,4060,33.90,95.00,0.05,NORMAL
04/05/26,4061,34.00,95.00,0.10,NORMAL
04/05/26,4062,34.10,94.00,0.10,NORMAL
04/05/26,4063,34.10,93.00,1.00,NORMAL
04/05/26,4064,34.10,93.00,0.00,NORMAL
04/05/26,4065,34.00,93.00,0.00,NORMAL
04/05/26,4066,34.10,93.00,0.00,NORMAL
04/05/26,4067,34.00,93.00,0.00,NORMAL
04/05/26,4068,33.80,93.00,0.00,NORMAL
04/05/26,4069,33.70,94.00,0.00,NORMAL
04/05/26,4070,33.80,95.00,0.00,NORMAL
04/05/26,4071,33.60,95.00,0.00,NORMAL
04/05/26,4072,33.60,95.00,0.00,NORMAL
04/05/26,4073,33.40,95.00,0.00,NORMAL
04/05/26,4074,33.40,95.00,0.00,NORMAL
04/05/26,4075,33.20,95.00,0.15,NORMAL
04/05/26,4076,33.20,95.00,0.00,NORMAL
04/05/26,4077,33.00,95.00,0.20,NORMAL
04/05/26,4078,33.20,95.00,0.10,NORMAL
04/05/26,4079,33.20,95.00,0.20,NORMAL
04/05/26,4080,33.10,95.00,0.00,NORMAL
04/05/26,4081,33.20,95.00,0.05,NORMAL
04/05/26,4082,33.40,95.00,0.05,NORMAL
04/05/26,4083,33.40,95.00,0.00,NORMAL
04/05/26,4084,33.50,95.00,0.95,NORMAL
04/05/26,4085,33.60,95.00,0.05,NORMAL
04/05/26,4086,33.40,95.00,0.00,NORMAL
04/05/26,4087,33.50,95.00,0.00,NORMAL
04/05/26,4088,33.50,95.00,0.00,NORMAL
04/05/26,4089,33.50,95.00,0.00,NORMAL
04/05/26,4090,33.40,95.00,0.00,NORMAL
04/05/26,4091,33.50,95.00,0.00,NORMAL
04/05/26,4092,33.40,95.00,0.00,NORMAL
04/05/26,4093,33.20,95.00,0.00,NORMAL
04/05/26,4094,33.20,95.00,0.05,NORMAL
04/05/26,4095,33.20,95.00,0.15,NORMAL
04/05/26,4096,33.00,95.00,0.10,NORMAL
04/05/26,4097,33.00,95.00,0.10,NORMAL
04/05/26,4098,33.10,95.00,0.15,NORMAL
04/05/26,4099,33.20,95.00,0.00,NORMAL
04/05/26,4100,33.20,95.00,0.05,NORMAL
04/05/26,4101,33.30,95.00,0.05,NORMAL
04/05/26,4102,33.40,95.00,0.00,NORMAL
04/05/26,4103,33.50,95.00,0.45,NORMAL
04/05/26,4104,33.50,95.00,0.00,NORMAL
04/05/26,4105,33.60,95.00,0.00,NORMAL
04/05/26,4106,33.60,95.00,0.00,NORMAL
04/05/26,4107,33.60,95.00,0.00,NORMAL
04/05/26,4108,33.60,95.00,0.00,NORMAL
04/05/26,4109,33.60,95.00,0.00,NORMAL
04/05/26,4110,33.50,95.00,0.00,NORMAL
04/05/26,4111,33.50,95.00,0.00,NORMAL
04/05/26,4112,33.30,95.00,0.00,NORMAL
04/05/26,4113,33.30,95.00,0.25,NORMAL
04/05/26,4114,33.40,95.00,0.00,NORMAL
04/05/26,4115,33.20,95.00,0.05,NORMAL
04/05/26,4116,33.30,95.00,0.20,NORMAL
04/05/26,4117,33.40,95.00,0.00,NORMAL
04/05/26,4118,33.50,95.00,0.00,NORMAL
04/05/26,4119,33.60,95.00,0.00,NORMAL
04/05/26,4120,33.60,95.00,0.05,NORMAL
04/05/26,4121,33.60,95.00,0.75,NORMAL
04/05/26,4122,33.70,95.00,0.00,NORMAL
04/05/26,4123,33.80,95.00,0.00,NORMAL
04/05/26,4124,33.70,95.00,0.00,NORMAL
04/05/26,4125,33.60,95.00,0.00,NORMAL
04/05/26,4126,33.40,95.00,0.00,NORMAL
04/05/26,4127,33.40,95.00,0.00,NORMAL
04/05/26,4128,33.60,95.00,0.00,NORMAL
04/05/26,4129,33.40,95.00,0.00,NORMAL
04/05/26,4130,33.50,95.00,0.00,NORMAL
04/05/26,4131,33.60,95.00,0.05,NORMAL
04/05/26,4132,33.50,95.00,0.00,NORMAL
04/05/26,4133,33.50,95.00,0.00,NORMAL
04/05/26,4134,33.50,95.00,0.00,NORMAL
04/05/26,4135,33.50,95.00,0.30,NORMAL
04/05/26,4136,33.60,95.00,0.00,NORMAL
04/05/26,4137,33.70,95.00,0.05,NORMAL
04/05/26,4138,33.80,95.00,0.00,NORMAL
04/05/26,4139,33.80,95.00,0.05,NORMAL
04/05/26,4140,33.90,95.00,0.10,NORMAL
04/05/26,4141,33.90,95.00,0.85,NORMAL
04/05/26,4142,33.90,95.00,0.05,NORMAL
04/05/26,4143,33.90,95.00,0.05,NORMAL
04/05/26,4144,33.90,95.00,0.00,NORMAL
04/05/26,4145,33.50,95.00,0.00,NORMAL
04/05/26,4146,33.30,95.00,0.00,NORMAL
04/05/26,4147,33.20,95.00,0.00,NORMAL
04/05/26,4148,33.00,95.00,0.00,NORMAL
04/05/26,4149,32.90,95.00,0.00,NORMAL
04/05/26,4150,33.10,95.00,0.00,NORMAL
04/05/26,4151,33.00,95.00,0.00,NORMAL
04/05/26,4152,32.80,95.00,0.00,NORMAL
04/05/26,4153,32.90,95.00,0.00,NORMAL
04/05/26,4154,32.70,95.00,0.00,NORMAL
04/05/26,4155,32.80,95.00,0.00,NORMAL
04/05/26,4156,32.80,95.00,0.00,NORMAL
04/05/26,4157,32.70,95.00,0.00,NORMAL
04/05/26,4158,32.70,95.00,0.00,NORMAL
04/05/26,4159,32.80,95.00,0.00,NORMAL
04/05/26,4160,32.80,95.00,0.00,NORMAL
04/05/26,4161,32.70,95.00,0.00,NORMAL
04/05/26,4162,32.80,95.00,0.00,NORMAL
04/05/26,4163,32.80,95.00,0.00,NORMAL
04/05/26,4164,32.90,95.00,0.00,NORMAL
04/05/26,4165,33.00,95.00,0.00,NORMAL
04/05/26,4166,32.90,95.00,0.00,NORMAL
04/05/26,4167,32.90,95.00,0.00,NORMAL
04/05/26,4168,33.00,95.00,0.00,NORMAL
04/05/26,4169,33.00,95.00,0.00,NORMAL
04/05/26,4170,33.10,95.00,0.00,NORMAL
04/05/26,4171,33.10,95.00,0.00,NORMAL
04/05/26,4172,33.20,95.00,0.00,NORMAL
04/05/26,4173,33.00,95.00,0.00,NORMAL
04/05/26,4174,33.00,95.00,0.00,NORMAL
04/05/26,4175,33.00,95.00,0.00,NORMAL
04/05/26,4176,33.00,95.00,0.00,NORMAL
04/05/26,4177,33.10,95.00,0.00,NORMAL
04/05/26,4178,33.00,95.00,0.00,NORMAL
04/05/26,4179,32.90,95.00,0.00,NORMAL
04/05/26,4180,32.90,95.00,0.00,NORMAL
04/05/26,4181,32.90,95.00,0.00,NORMAL
04/05/26,4182,32.90,95.00,0.00,NORMAL
04/05/26,4183,33.00,95.00,0.00,NORMAL
04/05/26,4184,32.90,95.00,0.00,NORMAL
04/05/26,4185,33.00,95.00,0.00,NORMAL
04/05/26,4186,32.90,95.00,0.00,NORMAL
04/05/26,4187,33.00,95.00,0.00,NORMAL
04/05/26,4188,32.90,95.00,0.00,NORMAL
04/05/26,4189,33.00,95.00,0.00,NORMAL
04/05/26,4190,33.00,95.00,0.00,NORMAL
04/05/26,4191,33.10,95.00,0.00,NORMAL
04/05/26,4192,33.10,95.00,0.00,NORMAL
04/05/26,4193,32.90,95.00,0.00,NORMAL
04/05/26,4194,33.00,95.00,0.00,NORMAL
04/05/26,4195,32.90,95.00,0.00,NORMAL
04/05/26,4196,33.00,95.00,0.00,NORMAL
04/05/26,4197,32.90,95.00,0.00,NORMAL
04/05/26,4198,33.00,95.00,0.00,NORMAL
04/05/26,4199,33.00,95.00,0.00,NORMAL
04/05/26,4200,33.10,95.00,0.00,NORMAL
04/05/26,4201,33.10,95.00,0.00,NORMAL
04/05/26,4202,33.20,95.00,0.00,NORMAL
04/05/26,4203,33.30,95.00,0.00,NORMAL
04/05/26,4204,33.40,95.00,0.00,NORMAL
04/05/26,4205,33.40,95.00,0.00,NORMAL
04/05/26,4206,33.40,95.00,0.00,NORMAL
04/05/26,4207,33.40,95.00,0.00,NORMAL
04/05/26,4208,33.70,95.00,0.00,NORMAL
04/05/26,4209,33.60,95.00,0.00,NORMAL
04/05/26,4210,33.60,95.00,0.00,NORMAL
04/05/26,4211,33.70,95.00,0.00,NORMAL
04/05/26,4212,33.70,95.00,0.00,NORMAL
04/05/26,4213,33.70,95.00,0.00,NORMAL
04/05/26,4214,33.70,95.00,0.00,NORMAL
04/05/26,4215,33.60,95.00,0.00,NORMAL
04/05/26,4216,33.70,95.00,0.00,NORMAL
04/05/26,4217,33.70,95.00,0.00,NORMAL
04/05/26,4218,33.50,95.00,0.00,NORMAL
04/05/26,4219,33.70,95.00,0.00,NORMAL
04/05/26,4220,33.80,95.00,0.00,NORMAL
04/05/26,4221,33.90,95.00,0.00,NORMAL
04/05/26,4222,33.80,95.00,0.00,NORMAL
04/05/26,4223,33.70,95.00,0.00,NORMAL
04/05/26,4224,33.60,95.00,0.00,NORMAL
04/05/26,4225,33.50,95.00,0.00,NORMAL
04/05/26,4226,33.40,95.00,0.00,NORMAL
04/05/26,4227,33.30,95.00,0.00,NORMAL
04/05/26,4228,33.20,95.00,0.00,NORMAL
04/05/26,4229,33.20,95.00,0.00,NORMAL
04/05/26,4230,33.10,95.00,0.00,NORMAL
04/05/26,4231,33.00,95.00,0.00,NORMAL
04/05/26,4232,33.00,95.00,0.00,NORMAL
04/05/26,4233,33.00,95.00,0.00,NORMAL
04/05/26,4234,33.00,95.00,0.00,NORMAL
04/05/26,4235,33.10,95.00,0.00,NORMAL
04/05/26,4236,33.10,95.00,0.00,NORMAL
04/05/26,4237,33.10,95.00,0.00,NORMAL
04/05/26,4238,33.10,95.00,0.00,NORMAL
04/05/26,4239,33.10,95.00,0.00,NORMAL
04/05/26,4240,33.10,95.00,0.00,NORMAL
04/05/26,4241,33.10,95.00,0.00,NORMAL
04/05/26,4242,33.10,95.00,0.00,NORMAL
04/05/26,4243,33.20,95.00,0.00,NORMAL
04/05/26,4244,33.30,95.00,0.00,NORMAL
04/05/26,4245,33.40,95.00,0.00,NORMAL
04/05/26,4246,33.40,95.00,0.00,NORMAL
04/05/26,4247,33.50,95.00,0.00,NORMAL
04/05/26,4248,33.60,95.00,0.00,NORMAL
04/05/26,4249,33.70,95.00,0.00,NORMAL
04/05/26,4250,33.70,95.00,0.00,NORMAL
04/05/26,4251,33.70,95.00,0.00,NORMAL
04/05/26,4252,33.80,95.00,0.00,NORMAL
04/05/26,4253,33.80,95.00,0.00,NORMAL
04/05/26,4254,33.90,95.00,0.00,NORMAL
04/05/26,4255,34.10,95.00,0.00,NORMAL
04/05/26,4256,34.00,95.00,0.00,NORMAL
04/05/26,4257,34.10,95.00,0.00,NORMAL
04/05/26,4258,34.10,95.00,0.00,NORMAL
04/05/26,4259,34.10,95.00,0.00,NORMAL
04/05/26,4260,34.10,95.00,0.00,NORMAL
04/05/26,4261,34.10,95.00,0.00,NORMAL
04/05/26,4262,34.10,95.00,0.00,NORMAL
04/05/26,4263,34.00,95.00,0.00,NORMAL
04/05/26,4264,34.00,95.00,0.00,NORMAL
04/05/26,4265,33.90,95.00,0.00,NORMAL
04/05/26,4266,34.00,95.00,0.00,NORMAL
04/05/26,4267,34.00,95.00,0.00,NORMAL
04/05/26,4268,34.00,95.00,0.00,NORMAL
04/05/26,4269,33.90,95.00,0.00,NORMAL
04/05/26,4270,33.90,95.00,0.00,NORMAL
04/05/26,4271,33.80,95.00,0.00,NORMAL
04/05/26,4272,33.90,95.00,0.00,NORMAL
04/05/26,4273,33.90,95.00,0.00,NORMAL
04/05/26,4274,33.90,95.00,0.00,NORMAL
04/05/26,4275,33.90,95.00,0.00,NORMAL
04/05/26,4276,33.90,95.00,0.00,NORMAL
04/05/26,4277,34.00,95.00,0.00,NORMAL
04/05/26,4278,34.00,95.00,0.00,NORMAL
04/05/26,4279,33.90,95.00,0.00,NORMAL
04/05/26,4280,33.90,95.00,0.00,NORMAL
04/05/26,4281,33.90,95.00,0.00,NORMAL
04/05/26,4282,33.80,95.00,0.00,NORMAL
04/05/26,4283,33.80,95.00,0.00,NORMAL
04/05/26,4284,33.70,95.00,0.00,NORMAL
04/05/26,4285,33.70,95.00,0.00,NORMAL
04/05/26,4286,33.70,95.00,0.00,NORMAL
04/05/26,4287,33.60,95.00,0.00,NORMAL
04/05/26,4288,33.60,95.00,0.00,NORMAL
04/05/26,4289,33.60,95.00,0.00,NORMAL
04/05/26,4290,33.60,95.00,0.00,NORMAL
04/05/26,4291,33.70,95.00,0.00,NORMAL
04/05/26,4292,33.70,95.00,0.00,NORMAL
04/05/26,4293,33.70,95.00,0.00,NORMAL
04/05/26,4294,33.70,95.00,0.00,NORMAL
04/05/26,4295,33.70,95.00,0.00,NORMAL
04/05/26,4296,33.80,95.00,0.00,NORMAL
04/05/26,4297,33.80,95.00,0.00,NORMAL
04/05/26,4298,33.90,95.00,0.00,NORMAL
04/05/26,4299,34.00,95.00,0.00,NORMAL
04/05/26,4300,34.10,95.00,0.00,NORMAL
04/05/26,4301,34.10,95.00,0.00,NORMAL
04/05/26,4302,34.10,95.00,0.00,NORMAL
04/05/26,4303,34.20,95.00,0.00,NORMAL
04/05/26,4304,34.20,95.00,0.00,NORMAL
04/05/26,4305,34.30,95.00,0.00,NORMAL
04/05/26,4306,34.30,95.00,0.00,NORMAL
04/05/26,4307,34.40,95.00,0.00,NORMAL
04/05/26,4308,34.30,95.00,0.00,NORMAL
04/05/26,4309,34.20,94.00,0.00,NORMAL
04/05/26,4310,34.10,95.00,0.00,NORMAL
04/05/26,4311,34.00,95.00,0.00,NORMAL
04/05/26,4312,34.00,95.00,0.00,NORMAL
04/05/26,4313,34.00,95.00,0.00,NORMAL
04/05/26,4314,33.90,95.00,0.00,NORMAL
04/05/26,4315,33.80,95.00,0.00,NORMAL
04/05/26,4316,33.70,95.00,0.00,NORMAL
04/05/26,4317,33.70,95.00,0.00,NORMAL
04/05/26,4318,33.60,95.00,0.00,NORMAL
04/05/26,4319,33.50,95.00,0.00,NORMAL
04/05/26,4320,33.40,95.00,0.00,NORMAL
04/05/26,4321,33.40,95.00,0.00,NORMAL
04/05/26,4322,33.40,95.00,0.00,NORMAL
04/05/26,4323,33.40,95.00,0.00,NORMAL
04/05/26,4324,33.30,95.00,0.00,NORMAL
04/05/26,4325,33.30,95.00,0.00,NORMAL
04/05/26,4326,33.20,95.00,0.00,NORMAL
04/05/26,4327,33.20,95.00,0.00,NORMAL
04/05/26,4328,33.30,95.00,0.00,NORMAL
04/05/26,4329,33.30,95.00,0.00,NORMAL
04/05/26,4330,33.30,95.00,0.00,NORMAL
04/05/26,4331,33.30,95.00,0.00,NORMAL
04/05/26,4332,33.30,95.00,0.00,NORMAL
04/05/26,4333,33.40,95.00,0.00,NORMAL
04/05/26,4334,33.40,95.00,0.00,NORMAL
04/05/26,4335,33.20,95.00,0.00,NORMAL
04/05/26,4336,33.20,95.00,0.00,NORMAL
04/05/26,4337,33.20,95.00,0.00,NORMAL
04/05/26,4338,33.20,95.00,0.00,NORMAL
04/05/26,4339,33.20,95.00,0.00,NORMAL
04/05/26,4340,33.20,95.00,0.00,NORMAL
04/05/26,4341,33.10,95.00,0.00,NORMAL
04/05/26,4342,33.00,95.00,0.00,NORMAL
04/05/26,4343,33.00,95.00,0.00,NORMAL
04/05/26,4344,33.00,95.00,0.00,NORMAL
04/05/26,4345,33.00,95.00,0.00,NORMAL
04/05/26,4346,33.10,95.00,0.00,NORMAL
04/05/26,4347,33.10,95.00,0.00,NORMAL
04/05/26,4348,33.20,95.00,0.00,NORMAL
04/05/26,4349,33.10,95.00,0.00,NORMAL
04/05/26,4350,33.10,95.00,0.00,NORMAL
04/05/26,4351,33.10,95.00,0.00,NORMAL
04/05/26,4352,33.10,95.00,0.00,NORMAL
04/05/26,4353,33.10,95.00,0.00,NORMAL
04/05/26,4354,33.10,95.00,0.00,NORMAL
04/05/26,4355,33.10,95.00,0.00,NORMAL
04/05/26,4356,33.20,95.00,0.00,NORMAL
04/05/26,4357,33.30,95.00,0.00,NORMAL
04/05/26,4358,33.30,95.00,0.00,NORMAL
04/05/26,4359,33.30,95.00,0.00,NORMAL
04/05/26,4360,33.30,95.00,0.00,NORMAL
04/05/26,4361,33.30,95.00,0.00,NORMAL
04/05/26,4362,33.30,95.00,0.00,NORMAL
04/05/26,4363,33.30,95.00,0.00,NORMAL
04/05/26,4364,33.20,95.00,0.00,NORMAL
04/05/26,4365,33.20,95.00,0.00,NORMAL
04/05/26,4366,33.20,95.00,0.00,NORMAL
04/05/26,4367,33.20,95.00,0.00,NORMAL
04/05/26,4368,33.20,95.00,0.00,NORMAL
04/05/26,4369,33.10,95.00,0.00,NORMAL
04/05/26,4370,33.10,95.00,0.00,NORMAL
04/05/26,4371,33.00,95.00,0.00,NORMAL
04/05/26,4372,33.00,95.00,0.00,NORMAL
04/05/26,4373,33.00,95.00,0.00,NORMAL
04/05/26,4374,33.10,95.00,0.00,NORMAL
04/05/26,4375,33.00,95.00,0.00,NORMAL
04/05/26,4376,33.00,95.00,0.00,NORMAL
04/05/26,4377,33.10,95.00,0.00,NORMAL
04/05/26,4378,33.10,95.00,0.00,NORMAL
04/05/26,4379,33.20,95.00,0.00,NORMAL
04/05/26,4380,33.20,95.00,0.00,NORMAL
04/05/26,4381,33.30,95.00,0.00,NORMAL
04/05/26,4382,33.40,95.00,0.00,NORMAL
04/05/26,4383,33.40,95.00,0.00,NORMAL
04/05/26,4384,33.30,95.00,0.00,NORMAL
04/05/26,4385,33.30,95.00,0.00,NORMAL
04/05/26,4386,33.40,95.00,0.00,NORMAL
04/05/26,4387,33.40,95.00,0.00,NORMAL
04/05/26,4388,33.40,95.00,0.00,NORMAL
04/05/26,4389,33.40,95.00,0.00,NORMAL
04/05/26,4390,33.40,95.00,0.00,NORMAL
04/05/26,4391,33.40,95.00,0.00,NORMAL
04/05/26,4392,33.30,95.00,0.00,NORMAL
04/05/26,4393,33.20,95.00,0.00,NORMAL
04/05/26,4394,33.20,95.00,0.00,NORMAL
04/05/26,4395,33.20,95.00,0.00,NORMAL
04/05/26,4396,33.20,95.00,0.00,NORMAL
04/05/26,4397,33.20,95.00,0.00,NORMAL
04/05/26,4398,33.20,95.00,0.00,NORMAL
04/05/26,4399,33.20,95.00,0.00,NORMAL
04/05/26,4400,33.20,95.00,0.00,NORMAL
04/05/26,4401,33.20,95.00,0.00,NORMAL
04/05/26,4402,33.20,95.00,0.00,NORMAL
04/05/26,4403,33.20,95.00,0.00,NORMAL
04/05/26,4404,33.20,95.00,0.00,NORMAL
04/05/26,4405,33.30,95.00,0.00,NORMAL
04/05/26,4406,33.30,95.00,0.00,NORMAL
04/05/26,4407,33.30,95.00,0.00,NORMAL
04/05/26,4408,33.40,95.00,0.00,NORMAL
04/05/26,4409,33.40,95.00,0.00,NORMAL
04/05/26,4410,33.40,95.00,0.00,NORMAL
04/05/26,4411,33.40,95.00,0.00,NORMAL
04/05/26,4412,33.40,95.00,0.00,NORMAL
04/05/26,4413,33.50,95.00,0.00,NORMAL
04/05/26,4414,33.40,95.00,0.00,NORMAL
04/05/26,4415,33.40,95.00,0.00,NORMAL
04/05/26,4416,33.20,95.00,0.00,NORMAL
04/05/26,4417,33.20,95.00,0.00,NORMAL
04/05/26,4418,33.20,95.00,0.00,NORMAL
04/05/26,4419,33.20,95.00,0.00,NORMAL
04/05/26,4420,33.10,95.00,0.00,NORMAL
04/05/26,4421,33.20,95.00,0.00,NORMAL
04/05/26,4422,33.10,95.00,0.00,NORMAL
04/05/26,4423,33.20,95.00,0.00,NORMAL
04/05/26,4424,33.10,95.00,0.00,NORMAL
04/05/26,4425,33.10,95.00,0.00,NORMAL
04/05/26,4426,33.10,95.00,0.00,NORMAL
04/05/26,4427,33.20,95.00,0.00,NORMAL
04/05/26,4428,33.20,95.00,0.00,NORMAL
04/05/26,4429,33.20,95.00,0.00,NORMAL
04/05/26,4430,33.20,95.00,0.00,NORMAL
04/05/26,4431,33.20,95.00,0.00,NORMAL
04/05/26,4432,33.30,95.00,0.00,NORMAL
04/05/26,4433,33.30,95.00,0.00,NORMAL
04/05/26,4434,33.20,95.00,0.00,NORMAL
04/05/26,4435,33.20,95.00,0.00,NORMAL
04/05/26,4436,33.10,95.00,0.00,NORMAL
04/05/26,4437,33.10,95.00,0.00,NORMAL
04/05/26,4438,33.20,95.00,0.00,NORMAL
04/05/26,4439,33.20,95.00,0.00,NORMAL
04/05/26,4440,33.30,95.00,0.00,NORMAL
04/05/26,4441,33.40,95.00,0.00,NORMAL
04/05/26,4442,33.40,95.00,0.00,NORMAL
04/05/26,4443,33.40,95.00,0.00,NORMAL
04/05/26,4444,33.50,95.00,0.00,NORMAL
04/05/26,4445,33.60,95.00,0.00,NORMAL
04/05/26,4446,33.70,95.00,0.00,NORMAL
04/05/26,4447,33.80,95.00,0.00,NORMAL
04/05/26,4448,33.70,95.00,0.00,NORMAL
04/05/26,4449,33.60,95.00,0.00,NORMAL
04/05/26,4450,33.50,95.00,0.00,NORMAL
04/05/26,4451,33.40,95.00,0.00,NORMAL
04/05/26,4452,33.20,95.00,0.00,NORMAL
04/05/26,4453,33.10,95.00,0.00,NORMAL
04/05/26,4454,33.10,95.00,0.00,NORMAL
04/05/26,4455,33.10,95.00,0.00,NORMAL
04/05/26,4456,33.10,95.00,0.00,NORMAL
04/05/26,4457,33.20,95.00,0.00,NORMAL
04/05/26,4458,33.00,95.00,0.00,NORMAL
04/05/26,4459,33.10,95.00,0.00,NORMAL
04/05/26,4460,33.10,95.00,0.00,NORMAL
04/05/26,4461,33.10,95.00,0.00,NORMAL
04/05/26,4462,33.10,95.00,0.00,NORMAL
04/05/26,4463,33.10,95.00,0.00,NORMAL
04/05/26,4464,33.10,95.00,0.00,NORMAL
04/05/26,4465,33.10,95.00,0.00,NORMAL
04/05/26,4466,33.00,95.00,0.00,NORMAL
04/05/26,4467,33.00,95.00,0.00,NORMAL
04/05/26,4468,33.10,95.00,0.00,NORMAL
04/05/26,4469,32.90,95.00,0.00,NORMAL
04/05/26,4470,32.90,95.00,0.00,NORMAL
04/05/26,4471,32.80,95.00,0.00,NORMAL
04/05/26,4472,32.70,95.00,0.00,NORMAL
04/05/26,4473,32.70,95.00,0.00,NORMAL
04/05/26,4474,32.70,95.00,0.00,NORMAL
04/05/26,4475,32.70,95.00,0.00,NORMAL
04/05/26,4476,32.70,95.00,0.00,NORMAL
04/05/26,4477,32.80,95.00,0.00,NORMAL
04/05/26,4478,32.80,95.00,0.00,NORMAL
04/05/26,4479,32.90,95.00,0.00,NORMAL
04/05/26,4480,32.90,95.00,0.00,NORMAL
04/05/26,4481,32.90,95.00,0.00,NORMAL
04/05/26,4482,33.00,95.00,0.00,NORMAL
04/05/26,4483,33.10,95.00,0.00,NORMAL
04/05/26,4484,33.20,95.00,0.00,NORMAL
04/05/26,4485,33.30,95.00,0.00,NORMAL
04/05/26,4486,33.40,95.00,0.00,NORMAL
04/05/26,4487,33.40,95.00,0.00,NORMAL
04/05/26,4488,33.40,95.00,0.00,NORMAL
04/05/26,4489,33.40,95.00,0.00,NORMAL
04/05/26,4490,33.40,95.00,0.00,NORMAL
04/05/26,4491,33.40,95.00,0.00,NORMAL
04/05/26,4492,33.40,95.00,0.00,NORMAL
04/05/26,4493,33.40,95.00,0.00,NORMAL
04/05/26,4494,33.30,95.00,0.00,NORMAL
04/05/26,4495,33.20,95.00,0.00,NORMAL
04/05/26,4496,33.20,95.00,0.00,NORMAL
04/05/26,4497,33.20,95.00,0.00,NORMAL
04/05/26,4498,33.10,95.00,0.00,NORMAL
04/05/26,4499,33.10,95.00,0.00,NORMAL
04/05/26,4500,33.10,95.00,0.00,NORMAL
04/05/26,4501,33.10,95.00,0.00,NORMAL
04/05/26,4502,33.10,95.00,0.00,NORMAL
04/05/26,4503,33.00,95.00,0.00,NORMAL
04/05/26,4504,33.10,95.00,0.00,NORMAL
04/05/26,4505,33.10,95.00,0.00,NORMAL
04/05/26,4506,33.10,95.00,0.00,NORMAL
04/05/26,4507,33.10,95.00,0.00,NORMAL
04/05/26,4508,33.00,95.00,0.00,NORMAL
04/05/26,4509,33.10,95.00,0.00,NORMAL
04/05/26,4510,33.10,95.00,0.00,NORMAL
04/05/26,4511,33.20,95.00,0.00,NORMAL
04/05/26,4512,33.20,95.00,0.00,NORMAL
04/05/26,4513,33.20,95.00,0.00,NORMAL
04/05/26,4514,33.20,95.00,0.00,NORMAL
04/05/26,4515,33.20,95.00,0.00,NORMAL
04/05/26,4516,33.20,95.00,0.00,NORMAL
04/05/26,4517,33.10,95.00,0.00,NORMAL
04/05/26,4518,33.20,95.00,0.00,NORMAL
04/05/26,4519,33.30,95.00,0.00,NORMAL
04/05/26,4520,33.20,95.00,0.00,NORMAL
04/05/26,4521,33.30,95.00,0.00,NORMAL
04/05/26,4522,33.40,95.00,0.00,NORMAL
04/05/26,4523,33.40,95.00,0.00,NORMAL
04/05/26,4524,33.40,95.00,0.00,NORMAL
04/05/26,4525,33.40,95.00,0.00,NORMAL
04/05/26,4526,33.40,95.00,0.00,NORMAL
04/05/26,4527,33.30,95.00,0.00,NORMAL
04/05/26,4528,33.40,95.00,0.00,NORMAL
04/05/26,4529,33.40,95.00,0.00,NORMAL
04/05/26,4530,33.50,95.00,0.00,NORMAL
04/05/26,4531,33.60,95.00,0.00,NORMAL
04/05/26,4532,33.50,95.00,0.00,NORMAL
04/05/26,4533,33.50,95.00,0.00,NORMAL
04/05/26,4534,33.50,95.00,0.00,NORMAL
04/05/26,4535,33.60,95.00,0.00,NORMAL
04/05/26,4536,33.60,95.00,0.00,NORMAL
04/05/26,4537,33.50,95.00,0.00,NORMAL
04/05/26,4538,33.60,95.00,0.00,NORMAL
04/05/26,4539,33.60,95.00,0.00,NORMAL
04/05/26,4540,33.50,95.00,0.00,NORMAL
04/05/26,4541,33.50,95.00,0.00,NORMAL
04/05/26,4542,33.30,95.00,0.00,NORMAL
04/05/26,4543,33.40,95.00,0.00,NORMAL
04/05/26,4544,33.40,95.00,0.00,NORMAL
04/05/26,4545,33.30,95.00,0.00,NORMAL
04/05/26,4546,33.30,95.00,0.00,NORMAL
04/05/26,4547,33.30,95.00,0.00,NORMAL
04/05/26,4548,33.30,95.00,0.00,NORMAL
04/05/26,4549,33.30,95.00,0.00,NORMAL
04/05/26,4550,33.20,95.00,0.00,NORMAL
04/05/26,4551,33.10,95.00,0.00,NORMAL
04/05/26,4552,33.00,95.00,0.00,NORMAL
04/05/26,4553,32.90,95.00,0.00,NORMAL
04/05/26,4554,32.90,95.00,0.00,NORMAL
04/05/26,4555,32.90,95.00,0.00,NORMAL
04/05/26,4556,32.90,95.00,0.00,NORMAL
04/05/26,4557,32.90,95.00,0.00,NORMAL
04/05/26,4558,32.80,95.00,0.00,NORMAL
04/05/26,4559,32.80,95.00,0.00,NORMAL
04/05/26,4560,32.80,95.00,0.00,NORMAL
04/05/26,4561,32.80,95.00,0.00,NORMAL
04/05/26,4562,32.70,95.00,0.00,NORMAL
04/05/26,4563,32.70,95.00,0.00,NORMAL
04/05/26,4564,32.70,95.00,0.00,NORMAL
04/05/26,4565,32.80,95.00,0.00,NORMAL
04/05/26,4566,32.90,95.00,0.00,NORMAL
04/05/26,4567,32.90,95.00,0.00,NORMAL
04/05/26,4568,32.90,95.00,0.00,NORMAL
04/05/26,4569,33.00,95.00,0.00,NORMAL
04/05/26,4570,33.10,95.00,0.00,NORMAL
04/05/26,4571,33.10,95.00,0.00,NORMAL
04/05/26,4572,33.20,95.00,0.00,NORMAL
04/05/26,4573,33.20,95.00,0.00,NORMAL
04/05/26,4574,33.20,95.00,0.00,NORMAL
04/05/26,4575,33.20,95.00,0.00,NORMAL
04/05/26,4576,33.20,95.00,0.00,NORMAL
04/05/26,4577,33.30,95.00,0.00,NORMAL
04/05/26,4578,33.40,95.00,0.00,NORMAL
04/05/26,4579,33.40,95.00,0.00,NORMAL
04/05/26,4580,33.50,95.00,0.00,NORMAL
04/05/26,4581,33.60,95.00,0.00,NORMAL
04/05/26,4582,33.60,95.00,0.00,NORMAL
04/05/26,4583,33.70,95.00,0.00,NORMAL
04/05/26,4584,33.70,95.00,0.00,NORMAL
04/05/26,4585,33.70,95.00,0.00,NORMAL
04/05/26,4586,33.70,95.00,0.00,NORMAL
04/05/26,4587,33.70,95.00,0.00,NORMAL
04/05/26,4588,33.70,95.00,0.00,NORMAL
04/05/26,4589,33.70,95.00,0.00,NORMAL
04/05/26,4590,33.70,95.00,0.00,NORMAL
04/05/26,4591,33.70,95.00,0.00,NORMAL
04/05/26,4592,33.70,95.00,0.00,NORMAL
04/05/26,4593,33.70,95.00,0.00,NORMAL
04/05/26,4594,33.70,95.00,0.00,NORMAL
04/05/26,4595,33.70,95.00,0.00,NORMAL
04/05/26,4596,33.60,95.00,0.00,NORMAL
04/05/26,4597,33.50,95.00,0.00,NORMAL
04/05/26,4598,33.40,95.00,0.00,NORMAL
04/05/26,4599,33.20,95.00,0.00,NORMAL
04/05/26,4600,33.20,95.00,0.00,NORMAL
04/05/26,4601,33.10,95.00,0.00,NORMAL
04/05/26,4602,33.10,95.00,0.00,NORMAL
04/05/26,4603,33.10,95.00,0.00,NORMAL
04/05/26,4604,33.00,95.00,0.00,NORMAL
04/05/26,4605,32.90,95.00,0.00,NORMAL
04/05/26,4606,32.90,95.00,0.00,NORMAL
04/05/26,4607,32.90,95.00,0.00,NORMAL
04/05/26,4608,32.90,95.00,0.00,NORMAL
04/05/26,4609,32.90,95.00,0.00,NORMAL
04/05/26,4610,32.90,95.00,0.00,NORMAL
04/05/26,4611,32.80,95.00,0.00,NORMAL
04/05/26,4612,32.90,95.00,0.00,NORMAL
04/05/26,4613,32.90,95.00,0.00,NORMAL
04/05/26,4614,32.90,95.00,0.00,NORMAL
04/05/26,4615,32.90,95.00,0.00,NORMAL
04/05/26,4616,33.00,95.00,0.00,NORMAL
04/05/26,4617,33.00,95.00,0.00,NORMAL
04/05/26,4618,33.10,95.00,0.00,NORMAL
04/05/26,4619,33.20,95.00,0.00,NORMAL
04/05/26,4620,33.20,95.00,0.00,NORMAL
04/05/26,4621,33.30,95.00,0.00,NORMAL
04/05/26,4622,33.50,95.00,0.00,NORMAL
04/05/26,4623,33.60,95.00,0.00,NORMAL
04/05/26,4624,33.60,95.00,0.00,NORMAL
04/05/26,4625,33.70,95.00,0.00,NORMAL
04/05/26,4626,33.80,95.00,0.00,NORMAL
04/05/26,4627,33.80,95.00,0.00,NORMAL
04/05/26,4628,33.80,95.00,0.00,NORMAL
04/05/26,4629,33.70,95.00,0.00,NORMAL
04/05/26,4630,33.80,95.00,0.00,NORMAL
04/05/26,4631,33.70,95.00,0.00,NORMAL
04/05/26,4632,33.70,95.00,0.00,NORMAL
04/05/26,4633,33.70,95.00,0.00,NORMAL
04/05/26,4634,33.70,95.00,0.00,NORMAL
04/05/26,4635,33.60,95.00,0.00,NORMAL
04/05/26,4636,33.40,95.00,0.00,NORMAL
04/05/26,4637,33.20,95.00,0.00,NORMAL
04/05/26,4638,33.20,95.00,0.00,NORMAL
04/05/26,4639,33.10,95.00,0.00,NORMAL
04/05/26,4640,33.00,95.00,0.00,NORMAL
04/05/26,4641,33.00,95.00,0.00,NORMAL
04/05/26,4642,33.00,95.00,0.00,NORMAL
04/05/26,4643,33.00,95.00,0.00,NORMAL
04/05/26,4644,32.90,95.00,0.00,NORMAL
04/05/26,4645,32.80,95.00,0.00,NORMAL
04/05/26,4646,32.90,95.00,0.00,NORMAL
04/05/26,4647,32.70,95.00,0.00,NORMAL
04/05/26,4648,32.70,95.00,0.00,NORMAL
04/05/26,4649,32.70,95.00,0.00,NORMAL
04/05/26,4650,32.70,95.00,0.00,NORMAL
04/05/26,4651,32.70,95.00,0.00,NORMAL
04/05/26,4652,32.80,95.00,0.00,NORMAL
04/05/26,4653,32.70,95.00,0.00,NORMAL
04/05/26,4654,32.70,95.00,0.00,NORMAL
04/05/26,4655,32.70,95.00,0.00,NORMAL
04/05/26,4656,32.70,95.00,0.00,NORMAL
04/05/26,4657,32.70,95.00,0.00,NORMAL
04/05/26,4658,32.70,95.00,0.00,NORMAL
04/05/26,4659,32.70,95.00,0.00,NORMAL
04/05/26,4660,32.60,95.00,0.00,NORMAL
04/05/26,4661,32.60,95.00,0.00,NORMAL
04/05/26,4662,32.60,95.00,0.00,NORMAL
04/05/26,4663,32.50,95.00,0.00,NORMAL
04/05/26,4664,32.50,95.00,0.00,NORMAL
04/05/26,4665,32.50,95.00,0.00,NORMAL
04/05/26,4666,32.60,95.00,0.00,NORMAL
04/05/26,4667,32.60,95.00,0.00,NORMAL
04/05/26,4668,32.60,95.00,0.00,NORMAL
04/05/26,4669,32.70,95.00,0.00,NORMAL
04/05/26,4670,32.70,95.00,0.00,NORMAL
04/05/26,4671,32.70,95.00,0.00,NORMAL
04/05/26,4672,32.90,95.00,0.00,NORMAL
04/05/26,4673,32.80,95.00,0.00,NORMAL
04/05/26,4674,32.90,95.00,0.00,NORMAL
04/05/26,4675,33.00,95.00,0.00,NORMAL
04/05/26,4676,33.00,95.00,0.00,NORMAL
04/05/26,4677,33.00,95.00,0.00,NORMAL
04/05/26,4678,33.00,95.00,0.00,NORMAL
04/05/26,4679,33.00,95.00,0.00,NORMAL
04/05/26,4680,33.00,95.00,0.00,NORMAL
04/05/26,4681,32.90,95.00,0.00,NORMAL
04/05/26,4682,32.90,95.00,0.00,NORMAL
04/05/26,4683,32.90,95.00,0.00,NORMAL
04/05/26,4684,32.80,95.00,0.00,NORMAL
04/05/26,4685,32.90,95.00,0.00,NORMAL
04/05/26,4686,32.70,95.00,0.00,NORMAL
04/05/26,4687,32.70,95.00,0.00,NORMAL
04/05/26,4688,32.70,95.00,0.00,NORMAL
04/05/26,4689,32.70,95.00,0.00,NORMAL
04/05/26,4690,32.70,95.00,0.00,NORMAL
04/05/26,4691,32.70,95.00,0.00,NORMAL
04/05/26,4692,32.70,95.00,0.00,NORMAL
04/05/26,4693,32.70,95.00,0.00,NORMAL
04/05/26,4694,32.70,95.00,0.00,NORMAL
04/05/26,4695,32.80,95.00,0.00,NORMAL
04/05/26,4696,32.80,95.00,0.00,NORMAL
04/05/26,4697,32.90,95.00,0.00,NORMAL
04/05/26,4698,32.90,95.00,0.00,NORMAL
04/05/26,4699,33.00,95.00,0.00,NORMAL
04/05/26,4700,33.00,95.00,0.00,NORMAL
04/05/26,4701,33.10,95.00,0.00,NORMAL
04/05/26,4702,33.20,95.00,0.00,NORMAL
04/05/26,4703,33.10,95.00,0.00,NORMAL
04/05/26,4704,33.10,95.00,0.00,NORMAL
04/05/26,4705,33.10,95.00,0.00,NORMAL
04/05/26,4706,33.00,95.00,0.00,NORMAL
04/05/26,4707,32.90,95.00,0.00,NORMAL
04/05/26,4708,32.80,95.00,0.00,NORMAL
04/05/26,4709,32.70,95.00,0.00,NORMAL
04/05/26,4710,32.70,95.00,0.00,NORMAL
04/05/26,4711,32.70,95.00,0.00,NORMAL
04/05/26,4712,32.80,95.00,0.00,NORMAL
04/05/26,4713,32.90,95.00,0.00,NORMAL
04/05/26,4714,32.90,95.00,0.00,NORMAL
04/05/26,4715,33.00,95.00,0.00,NORMAL
04/05/26,4716,33.00,95.00,0.00,NORMAL
04/05/26,4717,33.00,95.00,0.00,NORMAL
04/05/26,4718,33.10,95.00,0.00,NORMAL
04/05/26,4719,33.20,95.00,0.00,NORMAL
04/05/26,4720,33.20,95.00,0.00,NORMAL
04/05/26,4721,33.30,95.00,0.00,NORMAL
04/05/26,4722,33.40,95.00,0.00,NORMAL
04/05/26,4723,33.40,95.00,0.00,NORMAL
04/05/26,4724,33.40,95.00,0.00,NORMAL
04/05/26,4725,33.50,95.00,0.00,NORMAL
04/05/26,4726,33.50,95.00,0.00,NORMAL
04/05/26,4727,33.40,95.00,0.00,NORMAL
04/05/26,4728,33.40,95.00,0.00,NORMAL
04/05/26,4729,33.40,95.00,0.00,NORMAL
04/05/26,4730,33.40,95.00,0.00,NORMAL
04/05/26,4731,33.40,95.00,0.00,NORMAL
04/05/26,4732,33.40,95.00,0.00,NORMAL
04/05/26,4733,33.50,95.00,0.00,NORMAL
04/05/26,4734,33.60,95.00,0.00,NORMAL
04/05/26,4735,33.70,95.00,0.00,NORMAL
04/05/26,4736,33.70,95.00,0.00,NORMAL
04/05/26,4737,33.70,95.00,0.00,NORMAL
04/05/26,4738,33.80,95.00,0.00,NORMAL
04/05/26,4739,33.70,95.00,0.00,NORMAL
04/05/26,4740,33.70,95.00,0.00,NORMAL
04/05/26,4741,33.70,95.00,0.00,NORMAL
04/05/26,4742,33.60,95.00,0.00,NORMAL
04/05/26,4743,33.60,95.00,0.00,NORMAL
04/05/26,4744,33.50,95.00,0.00,NORMAL
04/05/26,4745,33.50,95.00,0.00,NORMAL
04/05/26,4746,33.50,95.00,0.00,NORMAL
04/05/26,4747,33.40,95.00,0.00,NORMAL
04/05/26,4748,33.40,95.00,0.00,NORMAL
04/05/26,4749,33.30,95.00,0.00,NORMAL
04/05/26,4750,33.20,95.00,0.00,NORMAL
04/05/26,4751,33.10,95.00,0.00,NORMAL
04/05/26,4752,33.10,95.00,0.00,NORMAL
04/05/26,4753,33.10,95.00,0.00,NORMAL
04/05/26,4754,33.00,95.00,0.00,NORMAL
04/05/26,4755,33.00,95.00,0.00,NORMAL
04/05/26,4756,32.90,95.00,0.00,NORMAL
04/05/26,4757,32.90,95.00,0.00,NORMAL
04/05/26,4758,32.80,95.00,0.00,NORMAL
04/05/26,4759,32.80,95.00,0.00,NORMAL
04/05/26,4760,32.90,95.00,0.00,NORMAL
04/05/26,4761,32.90,95.00,0.00,NORMAL
04/05/26,4762,32.80,95.00,0.00,NORMAL
04/05/26,4763,32.80,95.00,0.00,NORMAL
04/05/26,4764,32.80,95.00,0.00,NORMAL
04/05/26,4765,32.70,95.00,0.00,NORMAL
04/05/26,4766,32.70,95.00,0.00,NORMAL
04/05/26,4767,32.60,95.00,0.00,NORMAL
04/05/26,4768,32.50,95.00,0.00,NORMAL
04/05/26,4769,32.40,95.00,0.00,NORMAL
04/05/26,4770,32.30,95.00,0.00,NORMAL
04/05/26,4771,32.20,95.00,0.00,NORMAL
04/05/26,4772,32.20,95.00,0.00,NORMAL
04/05/26,4773,32.20,95.00,0.00,NORMAL
04/05/26,4774,32.30,95.00,0.00,NORMAL
04/05/26,4775,32.20,95.00,0.00,NORMAL
04/05/26,4776,32.20,95.00,0.00,NORMAL
04/05/26,4777,32.20,95.00,0.00,NORMAL
04/05/26,4778,32.20,95.00,0.00,NORMAL
04/05/26,4779,32.20,95.00,0.00,NORMAL
04/05/26,4780,32.20,95.00,0.00,NORMAL
04/05/26,4781,32.20,95.00,0.00,NORMAL
04/05/26,4782,32.20,95.00,0.00,NORMAL
04/05/26,4783,32.20,95.00,0.00,NORMAL
04/05/26,4784,32.20,95.00,0.00,NORMAL
04/05/26,4785,32.20,95.00,0.00,NORMAL
04/05/26,4786,32.20,95.00,0.00,NORMAL
04/05/26,4787,32.20,95.00,0.00,NORMAL
04/05/26,4788,32.20,95.00,0.00,NORMAL
04/05/26,4789,32.20,95.00,0.00,NORMAL
04/05/26,4790,32.20,95.00,0.00,NORMAL
04/05/26,4791,32.20,95.00,0.00,NORMAL
04/05/26,4792,32.30,95.00,0.00,NORMAL
04/05/26,4793,32.30,95.00,0.00,NORMAL
04/05/26,4794,32.30,95.00,0.00,NORMAL
04/05/26,4795,32.40,95.00,0.00,NORMAL
04/05/26,4796,32.50,95.00,0.00,NORMAL
04/05/26,4797,32.60,95.00,0.00,NORMAL
04/05/26,4798,32.60,95.00,0.00,NORMAL
04/05/26,4799,32.60,95.00,0.00,NORMAL
04/05/26,4800,32.60,95.00,0.00,NORMAL
04/05/26,4801,32.90,95.00,0.00,NORMAL
04/05/26,4802,32.90,95.00,0.00,NORMAL
04/05/26,4803,32.90,95.00,0.00,NORMAL
04/05/26,4804,32.90,95.00,0.00,NORMAL
04/05/26,4805,33.00,95.00,0.00,NORMAL
04/05/26,4806,33.00,95.00,0.00,NORMAL
04/05/26,4807,33.10,95.00,0.00,NORMAL
04/05/26,4808,33.10,95.00,0.00,NORMAL
04/05/26,4809,33.10,95.00,0.00,NORMAL
04/05/26,4810,33.20,95.00,0.00,NORMAL
04/05/26,4811,33.30,95.00,0.00,NORMAL
04/05/26,4812,33.30,95.00,0.00,NORMAL
04/05/26,4813,33.40,95.00,0.00,NORMAL
04/05/26,4814,33.40,95.00,0.00,NORMAL
04/05/26,4815,33.40,95.00,0.00,NORMAL
04/05/26,4816,33.40,95.00,0.00,NORMAL
04/05/26,4817,33.40,95.00,0.00,NORMAL
04/05/26,4818,33.40,95.00,0.00,NORMAL
04/05/26,4819,33.40,95.00,0.00,NORMAL
04/05/26,4820,33.40,95.00,0.00,NORMAL
04/05/26,4821,33.40,95.00,0.00,NORMAL
04/05/26,4822,33.50,95.00,0.00,NORMAL
04/05/26,4823,33.50,95.00,0.00,NORMAL
04/05/26,4824,33.60,95.00,0.00,NORMAL
04/05/26,4825,33.60,95.00,0.00,NORMAL
04/05/26,4826,33.60,95.00,0.00,NORMAL
04/05/26,4827,33.50,95.00,0.00,NORMAL
04/05/26,4828,33.40,95.00,0.00,NORMAL
04/05/26,4829,33.40,95.00,0.00,NORMAL
04/05/26,4830,33.40,95.00,0.00,NORMAL
04/05/26,4831,33.40,95.00,0.00,NORMAL
04/05/26,4832,33.40,95.00,0.00,NORMAL
04/05/26,4833,33.40,95.00,0.00,NORMAL
04/05/26,4834,33.30,95.00,0.00,NORMAL
04/05/26,4835,33.30,95.00,0.00,NORMAL
04/05/26,4836,33.30,95.00,0.00,NORMAL
04/05/26,4837,33.30,95.00,0.00,NORMAL
04/05/26,4838,33.00,95.00,0.00,NORMAL
04/05/26,4839,33.30,95.00,0.00,NORMAL
04/05/26,4840,33.30,95.00,0.00,NORMAL
04/05/26,4841,33.20,95.00,0.00,NORMAL
04/05/26,4842,33.10,95.00,0.00,NORMAL
04/05/26,4843,33.10,95.00,0.00,NORMAL
04/05/26,4844,33.00,95.00,0.00,NORMAL
04/05/26,4845,32.90,95.00,0.00,NORMAL
04/05/26,4846,32.90,95.00,0.00,NORMAL
04/05/26,4847,32.80,95.00,0.00,NORMAL
04/05/26,4848,32.80,95.00,0.00,NORMAL
04/05/26,4849,32.80,95.00,0.00,NORMAL
04/05/26,4850,32.70,95.00,0.00,NORMAL
04/05/26,4851,32.60,95.00,0.00,NORMAL
04/05/26,4852,32.50,95.00,0.00,NORMAL
04/05/26,4853,32.60,95.00,0.00,NORMAL
04/05/26,4854,32.50,95.00,0.00,NORMAL
04/05/26,4855,32.50,95.00,0.00,NORMAL
04/05/26,4856,32.50,95.00,0.00,NORMAL
04/05/26,4857,32.40,95.00,0.00,NORMAL
04/05/26,4858,32.50,95.00,0.00,NORMAL
04/05/26,4859,32.40,95.00,0.00,NORMAL
04/05/26,4860,32.50,95.00,0.00,NORMAL
04/05/26,4861,32.50,95.00,0.00,NORMAL
04/05/26,4862,32.60,95.00,0.00,NORMAL
04/05/26,4863,32.50,95.00,0.00,NORMAL
04/05/26,4864,32.60,95.00,0.00,NORMAL
04/05/26,4865,32.60,95.00,0.00,NORMAL
04/05/26,4866,32.60,95.00,0.00,NORMAL
04/05/26,4867,32.60,95.00,0.00,NORMAL
04/05/26,4868,32.50,95.00,0.00,NORMAL
04/05/26,4869,32.50,95.00,0.00,NORMAL
04/05/26,4870,32.40,95.00,0.00,NORMAL
04/05/26,4871,32.50,95.00,0.00,NORMAL
04/05/26,4872,32.60,95.00,0.00,NORMAL
04/05/26,4873,32.40,95.00,0.00,NORMAL
04/05/26,4874,32.50,95.00,0.00,NORMAL
04/05/26,4875,32.50,95.00,0.00,NORMAL
04/05/26,4876,32.50,95.00,0.00,NORMAL
04/05/26,4877,32.60,95.00,0.00,NORMAL
04/05/26,4878,32.60,95.00,0.00,NORMAL
04/05/26,4879,32.60,95.00,0.00,NORMAL
04/05/26,4880,32.60,95.00,0.00,NORMAL
04/05/26,4881,32.60,95.00,0.00,NORMAL
04/05/26,4882,32.60,95.00,0.00,NORMAL
04/05/26,4883,32.70,95.00,0.00,NORMAL
04/05/26,4884,32.70,95.00,0.00,NORMAL
04/05/26,4885,32.70,95.00,0.00,NORMAL
04/05/26,4886,32.70,95.00,0.00,NORMAL
04/05/26,4887,32.70,95.00,0.00,NORMAL
04/05/26,4888,32.70,95.00,0.00,NORMAL
04/05/26,4889,32.60,95.00,0.00,NORMAL
04/05/26,4890,32.60,95.00,0.00,NORMAL
04/05/26,4891,32.50,95.00,0.00,NORMAL
04/05/26,4892,32.50,95.00,0.00,NORMAL
04/05/26,4893,32.50,95.00,0.00,NORMAL
04/05/26,4894,32.50,95.00,0.00,NORMAL
04/05/26,4895,32.50,95.00,0.00,NORMAL
04/05/26,4896,32.50,95.00,0.00,NORMAL
04/05/26,4897,32.60,95.00,0.00,NORMAL
04/05/26,4898,32.70,95.00,0.00,NORMAL
04/05/26,4899,32.70,95.00,0.00,NORMAL
04/05/26,4900,32.80,95.00,0.00,NORMAL
04/05/26,4901,32.80,95.00,0.00,NORMAL
04/05/26,4902,32.90,95.00,0.00,NORMAL
04/05/26,4903,32.90,95.00,0.00,NORMAL
04/05/26,4904,32.90,95.00,0.00,NORMAL
04/05/26,4905,32.90,95.00,0.00,NORMAL
04/05/26,4906,32.90,95.00,0.00,NORMAL
04/05/26,4907,32.80,95.00,0.00,NORMAL
04/05/26,4908,32.90,95.00,0.00,NORMAL
04/05/26,4909,32.80,95.00,0.00,NORMAL
04/05/26,4910,32.80,95.00,0.00,NORMAL
04/05/26,4911,32.80,95.00,0.00,NORMAL
04/05/26,4912,32.80,95.00,0.00,NORMAL
04/05/26,4913,32.80,95.00,0.00,NORMAL
04/05/26,4914,32.80,95.00,0.00,NORMAL
04/05/26,4915,32.70,95.00,0.00,NORMAL
04/05/26,4916,32.70,95.00,0.00,NORMAL
04/05/26,4917,32.70,95.00,0.00,NORMAL
04/05/26,4918,32.70,95.00,0.00,NORMAL
04/05/26,4919,32.70,95.00,0.00,NORMAL
04/05/26,4920,32.70,95.00,0.00,NORMAL
04/05/26,4921,32.80,95.00,0.00,NORMAL
04/05/26,4922,32.80,95.00,0.00,NORMAL
04/05/26,4923,32.80,95.00,0.00,NORMAL
04/05/26,4924,32.70,95.00,0.00,NORMAL
04/05/26,4925,32.70,95.00,0.00,NORMAL
04/05/26,4926,32.60,95.00,0.00,NORMAL
04/05/26,4927,32.60,95.00,0.00,NORMAL
04/05/26,4928,32.70,95.00,0.00,NORMAL
04/05/26,4929,32.60,95.00,0.00,NORMAL
04/05/26,4930,32.50,95.00,0.00,NORMAL
04/05/26,4931,32.50,95.00,0.00,NORMAL
04/05/26,4932,32.50,95.00,0.00,NORMAL
04/05/26,4933,32.40,95.00,0.00,NORMAL
04/05/26,4934,32.40,95.00,0.00,NORMAL
04/05/26,4935,32.40,95.00,0.00,NORMAL
04/05/26,4936,32.40,95.00,0.00,NORMAL
04/05/26,4937,32.40,95.00,0.00,NORMAL
04/05/26,4938,32.40,95.00,0.00,NORMAL
04/05/26,4939,32.40,95.00,0.00,NORMAL
04/05/26,4940,32.50,95.00,0.00,NORMAL
04/05/26,4941,32.50,95.00,0.00,NORMAL
04/05/26,4942,32.50,95.00,0.00,NORMAL
04/05/26,4943,32.40,95.00,0.00,NORMAL
04/05/26,4944,32.40,95.00,0.00,NORMAL
04/05/26,4945,32.40,95.00,0.00,NORMAL
04/05/26,4946,32.40,95.00,0.00,NORMAL
04/05/26,4947,32.40,95.00,0.00,NORMAL
04/05/26,4948,32.40,95.00,0.00,NORMAL
04/05/26,4949,32.40,95.00,0.00,NORMAL
04/05/26,4950,32.40,95.00,0.00,NORMAL
04/05/26,4951,32.40,95.00,0.00,NORMAL
04/05/26,4952,32.40,95.00,0.00,NORMAL
04/05/26,4953,32.40,95.00,0.00,NORMAL
04/05/26,4954,32.40,95.00,0.00,NORMAL
04/05/26,4955,32.30,95.00,0.00,NORMAL
04/05/26,4956,32.30,95.00,0.00,NORMAL
04/05/26,4957,32.30,95.00,0.00,NORMAL
04/05/26,4958,32.30,95.00,0.00,NORMAL
04/05/26,4959,32.30,95.00,0.00,NORMAL
04/05/26,4960,32.40,95.00,0.00,NORMAL
04/05/26,4961,32.40,95.00,0.00,NORMAL
04/05/26,4962,32.40,95.00,0.00,NORMAL
04/05/26,4963,32.40,95.00,0.00,NORMAL
04/05/26,4964,32.40,95.00,0.00,NORMAL
04/05/26,4965,32.50,95.00,0.00,NORMAL
04/05/26,4966,32.50,95.00,0.00,NORMAL
04/05/26,4967,32.40,95.00,0.00,NORMAL
04/05/26,4968,32.50,95.00,0.00,NORMAL
04/05/26,4969,32.50,95.00,0.00,NORMAL
04/05/26,4970,32.50,95.00,0.00,NORMAL
04/05/26,4971,32.50,95.00,0.00,NORMAL
04/05/26,4972,32.60,95.00,0.00,NORMAL
04/05/26,4973,32.60,95.00,0.00,NORMAL
04/05/26,4974,32.70,95.00,0.00,NORMAL
04/05/26,4975,32.70,95.00,0.00,NORMAL
04/05/26,4976,32.60,95.00,0.00,NORMAL
04/05/26,4977,32.60,95.00,0.00,NORMAL
04/05/26,4978,32.60,95.00,0.00,NORMAL
04/05/26,4979,32.60,95.00,0.00,NORMAL
04/05/26,4980,32.40,95.00,0.00,NORMAL
04/05/26,4981,32.40,95.00,0.00,NORMAL
04/05/26,4982,32.40,95.00,0.00,NORMAL
04/05/26,4983,32.70,95.00,0.00,NORMAL
04/05/26,4984,32.40,95.00,0.00,NORMAL
04/05/26,4985,32.50,95.00,0.00,NORMAL
04/05/26,4986,32.40,95.00,0.00,NORMAL
04/05/26,4987,32.40,95.00,0.00,NORMAL
04/05/26,4988,32.40,95.00,0.00,NORMAL
04/05/26,4989,32.40,95.00,0.00,NORMAL
04/05/26,4990,32.40,95.00,0.00,NORMAL
04/05/26,4991,32.50,95.00,0.00,NORMAL
04/05/26,4992,32.40,95.00,0.00,NORMAL
04/05/26,4993,32.40,95.00,0.00,NORMAL
04/05/26,4994,32.50,95.00,0.00,NORMAL
04/05/26,4995,32.40,95.00,0.00,NORMAL
04/05/26,4996,32.40,95.00,0.00,NORMAL
04/05/26,4997,32.30,95.00,0.00,NORMAL
04/05/26,4998,32.30,95.00,0.00,NORMAL
04/05/26,4999,32.20,95.00,0.00,NORMAL
04/05/26,5000,32.20,95.00,0.00,NORMAL
04/05/26,5001,32.20,95.00,0.00,NORMAL
04/05/26,5002,32.20,95.00,0.00,NORMAL
04/05/26,5003,32.20,95.00,0.00,NORMAL
04/05/26,5004,32.10,95.00,0.00,NORMAL
04/05/26,5005,32.10,95.00,0.00,NORMAL
04/05/26,5006,32.10,95.00,0.00,NORMAL
04/05/26,5007,32.10,95.00,0.00,NORMAL
04/05/26,5008,32.00,95.00,0.00,NORMAL
04/05/26,5009,32.00,95.00,0.00,NORMAL
04/05/26,5010,32.00,95.00,0.00,NORMAL
04/05/26,5011,32.00,95.00,0.00,NORMAL
04/05/26,5012,32.00,95.00,0.00,NORMAL
04/05/26,5013,32.10,95.00,0.00,NORMAL
04/05/26,5014,32.00,95.00,0.00,NORMAL
04/05/26,5015,32.00,95.00,0.00,NORMAL
04/05/26,5016,32.00,95.00,0.00,NORMAL
04/05/26,5017,32.00,95.00,0.00,NORMAL
04/05/26,5018,32.00,95.00,0.00,NORMAL
04/05/26,5019,32.00,95.00,0.00,NORMAL
04/05/26,5020,32.00,95.00,0.00,NORMAL
04/05/26,5021,31.90,95.00,0.00,NORMAL
04/05/26,5022,32.00,95.00,0.00,NORMAL
04/05/26,5023,32.00,95.00,0.00,NORMAL
04/05/26,5024,32.00,95.00,0.00,NORMAL
04/05/26,5025,32.00,95.00,0.00,NORMAL
04/05/26,5026,32.00,95.00,0.00,NORMAL
04/05/26,5027,32.00,95.00,0.00,NORMAL
04/05/26,5028,32.10,95.00,0.00,NORMAL
04/05/26,5029,32.10,95.00,0.00,NORMAL
04/05/26,5030,32.10,95.00,0.00,NORMAL
04/05/26,5031,32.00,95.00,0.00,NORMAL
04/05/26,5032,32.00,95.00,0.00,NORMAL
04/05/26,5033,32.00,95.00,0.00,NORMAL
04/05/26,5034,32.10,95.00,0.00,NORMAL
04/05/26,5035,32.00,95.00,0.00,NORMAL
05/05/26,5036,34.30,89.00,0.05,NORMAL
05/05/26,5037,34.30,89.00,0.00,NORMAL
05/05/26,5038,34.30,89.00,0.15,NORMAL
05/05/26,5039,34.30,89.00,0.00,NORMAL
05/05/26,5040,34.30,87.00,0.05,NORMAL
05/05/26,5041,34.50,86.00,0.05,NORMAL
05/05/26,5042,34.40,87.00,0.00,NORMAL
05/05/26,5043,34.40,87.00,0.10,NORMAL
05/05/26,5044,34.50,87.00,0.05,NORMAL
05/05/26,5045,34.50,87.00,0.05,NORMAL
05/05/26,5046,34.50,87.00,0.00,NORMAL
05/05/26,5047,34.70,86.00,0.00,NORMAL
05/05/26,5048,34.70,86.00,0.10,NORMAL
05/05/26,5049,34.70,84.00,0.30,NORMAL
05/05/26,5050,34.70,84.00,0.10,NORMAL
05/05/26,5051,34.80,84.00,0.00,NORMAL
05/05/26,5052,34.80,84.00,0.00,NORMAL
05/05/26,5053,34.80,84.00,0.05,NORMAL
05/05/26,5054,34.70,84.00,0.00,NORMAL
05/05/26,5055,34.70,85.00,0.05,NORMAL
05/05/26,5056,34.70,85.00,0.00,NORMAL
05/05/26,5057,34.70,85.00,0.00,NORMAL
05/05/26,5058,34.70,84.00,0.15,NORMAL
05/05/26,5059,34.70,84.00,0.95,NORMAL
05/05/26,5060,34.70,83.00,0.00,NORMAL
05/05/26,5061,34.50,84.00,0.00,NORMAL
05/05/26,5062,34.30,85.00,0.00,NORMAL
05/05/26,5063,34.00,86.00,0.00,NORMAL
05/05/26,5064,34.10,87.00,0.00,NORMAL
05/05/26,5065,34.10,86.00,0.00,NORMAL
05/05/26,5066,33.90,87.00,0.00,NORMAL
05/05/26,5067,33.90,88.00,0.00,NORMAL
05/05/26,5068,33.70,88.00,0.00,NORMAL
05/05/26,5069,33.70,88.00,0.00,NORMAL
05/05/26,5070,33.60,88.00,0.00,NORMAL
05/05/26,5071,33.60,88.00,0.00,NORMAL
05/05/26,5072,33.60,88.00,0.00,NORMAL
05/05/26,5073,33.60,89.00,0.00,NORMAL
05/05/26,5074,33.50,89.00,0.00,NORMAL
05/05/26,5075,33.60,89.00,0.00,NORMAL
05/05/26,5076,33.40,89.00,0.00,NORMAL
05/05/26,5077,33.60,88.00,0.00,NORMAL
05/05/26,5078,33.60,89.00,0.00,NORMAL
05/05/26,5079,33.50,89.00,0.00,NORMAL
05/05/26,5080,33.40,89.00,0.00,NORMAL
05/05/26,5081,33.50,89.00,0.00,NORMAL
05/05/26,5082,33.50,89.00,0.00,NORMAL
05/05/26,5083,33.40,89.00,0.00,NORMAL
05/05/26,5084,33.40,90.00,0.00,NORMAL
05/05/26,5085,33.40,90.00,0.00,NORMAL
05/05/26,5086,33.50,90.00,0.00,NORMAL
05/05/26,5087,33.50,90.00,0.00,NORMAL
05/05/26,5088,33.60,91.00,0.20,NORMAL
05/05/26,5089,33.60,90.00,0.15,NORMAL
05/05/26,5090,33.70,91.00,0.10,NORMAL
05/05/26,5091,33.70,90.00,0.35,NORMAL
05/05/26,5092,33.90,90.00,0.05,NORMAL
05/05/26,5093,34.00,89.00,0.05,NORMAL
05/05/26,5094,34.10,88.00,0.05,NORMAL
05/05/26,5095,34.20,88.00,0.00,NORMAL
05/05/26,5096,34.30,87.00,0.60,NORMAL
05/05/26,5097,34.50,86.00,0.00,NORMAL
05/05/26,5098,34.50,86.00,0.00,NORMAL
05/05/26,5099,34.70,85.00,0.00,NORMAL
05/05/26,5100,34.50,84.00,0.00,NORMAL
05/05/26,5101,34.50,85.00,0.00,NORMAL
05/05/26,5102,34.60,85.00,0.00,NORMAL
05/05/26,5103,34.70,85.00,0.00,NORMAL
05/05/26,5104,34.70,84.00,0.00,NORMAL
05/05/26,5105,34.50,84.00,0.00,NORMAL
05/05/26,5106,34.50,83.00,0.00,NORMAL
05/05/26,5107,34.30,83.00,0.25,NORMAL
05/05/26,5108,34.30,84.00,0.50,NORMAL
05/05/26,5109,34.00,85.00,0.20,NORMAL
05/05/26,5110,34.20,86.00,0.50,NORMAL
05/05/26,5111,34.20,86.00,0.05,NORMAL
05/05/26,5112,34.20,85.00,0.05,NORMAL
05/05/26,5113,34.20,85.00,0.00,NORMAL
05/05/26,5114,34.20,85.00,0.10,NORMAL
05/05/26,5115,34.20,85.00,0.50,NORMAL
05/05/26,5116,34.20,85.00,0.05,NORMAL
05/05/26,5117,34.30,85.00,0.00,NORMAL
05/05/26,5118,34.30,85.00,0.00,NORMAL
05/05/26,5119,34.40,85.00,0.00,NORMAL
05/05/26,5120,34.30,86.00,0.00,NORMAL
05/05/26,5121,34.30,85.00,0.00,NORMAL
05/05/26,5122,34.30,85.00,0.00,NORMAL
05/05/26,5123,34.30,84.00,0.00,NORMAL
05/05/26,5124,34.30,85.00,0.00,NORMAL
05/05/26,5125,34.20,85.00,0.00,NORMAL
05/05/26,5126,34.00,85.00,0.00,NORMAL
05/05/26,5127,33.90,86.00,0.00,NORMAL
05/05/26,5128,33.90,87.00,0.00,NORMAL
05/05/26,5129,33.90,88.00,0.15,NORMAL
05/05/26,5130,34.00,88.00,0.10,NORMAL
05/05/26,5131,33.90,88.00,0.20,NORMAL
05/05/26,5132,34.00,87.00,0.40,NORMAL
05/05/26,5133,34.10,87.00,0.00,NORMAL
05/05/26,5134,34.10,87.00,0.00,NORMAL
05/05/26,5135,34.20,87.00,0.05,NORMAL
05/05/26,5136,34.30,87.00,0.00,NORMAL
05/05/26,5137,34.40,86.00,0.90,NORMAL
05/05/26,5138,34.50,86.00,0.10,NORMAL
05/05/26,5139,34.50,86.00,0.00,NORMAL
05/05/26,5140,34.30,86.00,0.00,NORMAL
05/05/26,5141,34.50,86.00,0.00,NORMAL
05/05/26,5142,34.50,86.00,0.00,NORMAL
05/05/26,5143,34.50,86.00,0.00,NORMAL
05/05/26,5144,34.50,86.00,0.00,NORMAL
05/05/26,5145,34.50,84.00,0.00,NORMAL
05/05/26,5146,34.40,84.00,0.00,NORMAL
05/05/26,5147,34.40,84.00,0.00,NORMAL
05/05/26,5148,34.30,84.00,0.00,NORMAL
05/05/26,5149,34.30,84.00,0.00,NORMAL
05/05/26,5150,34.20,85.00,0.15,NORMAL
05/05/26,5151,34.20,85.00,0.00,NORMAL
05/05/26,5152,34.10,85.00,0.30,NORMAL
05/05/26,5153,34.00,86.00,0.10,NORMAL
05/05/26,5154,33.90,86.00,0.10,NORMAL
05/05/26,5155,33.90,86.00,0.00,NORMAL
05/05/26,5156,34.00,87.00,0.20,NORMAL
05/05/26,5157,33.90,86.00,0.05,NORMAL
05/05/26,5158,33.90,86.00,0.50,NORMAL
05/05/26,5159,33.90,86.00,0.05,NORMAL
05/05/26,5160,33.90,86.00,0.00,NORMAL
05/05/26,5161,34.00,86.00,0.00,NORMAL
05/05/26,5162,34.10,86.00,0.00,NORMAL
05/05/26,5163,34.20,86.00,0.00,NORMAL
05/05/26,5164,34.20,86.00,0.00,NORMAL
05/05/26,5165,34.30,86.00,0.00,NORMAL
05/05/26,5166,34.30,86.00,0.00,NORMAL
05/05/26,5167,34.30,86.00,0.00,NORMAL
05/05/26,5168,34.40,86.00,0.00,NORMAL
05/05/26,5169,34.40,85.00,0.00,NORMAL
05/05/26,5170,34.30,85.00,0.25,NORMAL
05/05/26,5171,34.30,85.00,0.00,NORMAL
05/05/26,5172,34.30,86.00,0.00,NORMAL
05/05/26,5173,34.40,86.00,0.35,NORMAL
05/05/26,5174,34.40,85.00,0.50,NORMAL
05/05/26,5175,34.40,85.00,0.10,NORMAL
05/05/26,5176,34.50,86.00,0.05,NORMAL
05/05/26,5177,34.50,86.00,0.05,NORMAL
05/05/26,5178,34.50,86.00,0.80,NORMAL
05/05/26,5179,34.70,86.00,0.20,NORMAL
05/05/26,5180,34.70,86.00,0.05,NORMAL
05/05/26,5181,34.70,86.00,0.00,NORMAL
05/05/26,5182,34.70,86.00,0.00,NORMAL
05/05/26,5183,34.70,85.00,0.00,NORMAL
05/05/26,5184,34.70,85.00,0.00,NORMAL
05/05/26,5185,34.50,86.00,0.00,NORMAL
05/05/26,5186,34.50,86.00,0.00,NORMAL
05/05/26,5187,34.50,85.00,0.00,NORMAL
05/05/26,5188,34.40,86.00,0.00,NORMAL
05/05/26,5189,34.40,87.00,0.00,NORMAL
05/05/26,5190,34.30,87.00,0.20,NORMAL
05/05/26,5191,34.30,88.00,0.20,NORMAL
05/05/26,5192,34.40,87.00,0.35,NORMAL
05/05/26,5193,34.30,87.00,0.55,NORMAL
05/05/26,5194,34.50,88.00,0.00,NORMAL
05/05/26,5195,34.70,87.00,0.05,NORMAL
05/05/26,5196,34.70,85.00,0.00,NORMAL
05/05/26,5197,34.70,84.00,0.05,NORMAL
05/05/26,5198,34.80,84.00,1.15,NORMAL
05/05/26,5199,35.00,84.00,0.00,NORMAL
05/05/26,5200,35.10,83.00,0.00,NORMAL
05/05/26,5201,35.10,83.00,0.00,NORMAL
05/05/26,5202,35.10,83.00,0.00,NORMAL
05/05/26,5203,35.10,83.00,0.00,NORMAL
05/05/26,5204,35.20,83.00,0.00,NORMAL
05/05/26,5205,35.20,83.00,0.00,NORMAL
05/05/26,5206,35.20,83.00,0.00,NORMAL
05/05/26,5207,35.30,82.00,0.00,NORMAL
05/05/26,5208,35.40,82.00,0.00,NORMAL
05/05/26,5209,35.40,82.00,0.00,NORMAL
05/05/26,5210,35.60,82.00,0.00,NORMAL
05/05/26,5211,35.40,82.00,0.00,NORMAL
05/05/26,5212,35.40,82.00,0.00,NORMAL
05/05/26,5213,35.40,82.00,0.35,NORMAL
05/05/26,5214,35.40,82.00,0.05,NORMAL
05/05/26,5215,35.40,81.00,0.05,NORMAL
05/05/26,5216,35.40,81.00,0.00,NORMAL
05/05/26,5217,35.40,82.00,0.00,NORMAL
05/05/26,5218,35.30,82.00,0.55,NORMAL
05/05/26,5219,35.20,82.00,0.00,NORMAL
05/05/26,5220,35.10,82.00,0.00,NORMAL
05/05/26,5221,35.10,83.00,0.00,NORMAL
05/05/26,5222,35.10,83.00,0.00,NORMAL
05/05/26,5223,35.10,82.00,0.00,NORMAL
05/05/26,5224,35.10,82.00,0.00,NORMAL
05/05/26,5225,35.10,82.00,0.00,NORMAL
05/05/26,5226,35.10,82.00,0.00,NORMAL
05/05/26,5227,35.10,82.00,0.00,NORMAL
05/05/26,5228,35.10,82.00,0.10,NORMAL
05/05/26,5229,35.10,82.00,0.30,NORMAL
05/05/26,5230,35.20,82.00,0.25,NORMAL
05/05/26,5231,35.20,82.00,0.30,NORMAL
05/05/26,5232,35.40,81.00,0.85,NORMAL
05/05/26,5233,35.60,81.00,0.00,NORMAL
05/05/26,5234,35.70,81.00,0.05,NORMAL
05/05/26,5235,35.70,80.00,0.00,NORMAL
05/05/26,5236,35.80,80.00,1.40,NORMAL
05/05/26,5237,35.90,78.00,0.00,NORMAL
05/05/26,5238,35.90,78.00,0.00,NORMAL
05/05/26,5239,35.90,78.00,0.00,NORMAL
05/05/26,5240,35.90,78.00,0.00,NORMAL
05/05/26,5241,35.80,78.00,0.00,NORMAL
05/05/26,5242,35.70,78.00,0.00,NORMAL
05/05/26,5243,35.50,78.00,0.00,NORMAL
05/05/26,5244,35.40,80.00,0.00,NORMAL
05/05/26,5245,35.10,81.00,0.00,NORMAL
05/05/26,5246,35.00,81.00,0.05,NORMAL
05/05/26,5247,34.80,81.00,0.15,NORMAL
05/05/26,5248,34.70,82.00,0.05,NORMAL
05/05/26,5249,34.50,82.00,0.05,NORMAL
05/05/26,5250,34.50,82.00,0.40,NORMAL
05/05/26,5251,34.40,81.00,0.10,NORMAL
05/05/26,5252,34.30,81.00,0.10,NORMAL
05/05/26,5253,34.30,82.00,0.50,NORMAL
05/05/26,5254,34.30,82.00,0.60,NORMAL
05/05/26,5255,34.30,83.00,0.00,NORMAL
05/05/26,5256,34.30,83.00,0.00,NORMAL
05/05/26,5257,34.30,83.00,0.00,NORMAL
05/05/26,5258,34.30,83.00,0.00,NORMAL
05/05/26,5259,34.30,84.00,0.00,NORMAL
05/05/26,5260,34.30,83.00,0.00,NORMAL
05/05/26,5261,34.20,83.00,0.00,NORMAL
05/05/26,5262,34.30,84.00,0.00,NORMAL
05/05/26,5263,34.30,84.00,0.00,NORMAL
05/05/26,5264,34.30,83.00,0.00,NORMAL
05/05/26,5265,34.30,82.00,0.10,NORMAL
05/05/26,5266,34.40,82.00,0.10,NORMAL
05/05/26,5267,34.30,81.00,0.10,NORMAL
05/05/26,5268,34.30,81.00,0.45,NORMAL
05/05/26,5269,34.30,81.00,0.00,NORMAL
05/05/26,5270,34.30,81.00,0.00,NORMAL
05/05/26,5271,34.30,81.00,0.05,NORMAL
05/05/26,5272,34.40,81.00,1.10,NORMAL
05/05/26,5273,34.30,81.00,0.00,NORMAL
05/05/26,5274,34.30,82.00,0.00,NORMAL
05/05/26,5275,34.30,82.00,0.00,NORMAL
05/05/26,5276,34.10,83.00,0.00,NORMAL
05/05/26,5277,34.30,83.00,0.00,NORMAL
05/05/26,5278,34.30,83.00,0.00,NORMAL
05/05/26,5279,34.30,84.00,0.00,NORMAL
05/05/26,5280,34.30,84.00,0.00,NORMAL
05/05/26,5281,34.30,84.00,0.00,NORMAL
05/05/26,5282,34.30,85.00,0.10,NORMAL
05/05/26,5283,34.30,84.00,0.35,NORMAL
05/05/26,5284,34.30,84.00,0.40,NORMAL
05/05/26,5285,34.30,83.00,0.20,NORMAL
05/05/26,5286,34.30,84.00,0.15,NORMAL
05/05/26,5287,34.40,83.00,0.05,NORMAL
05/05/26,5288,34.50,83.00,0.10,NORMAL
05/05/26,5289,34.50,83.00,0.10,NORMAL
05/05/26,5290,34.60,83.00,0.60,NORMAL
05/05/26,5291,34.70,83.00,0.00,NORMAL
05/05/26,5292,34.70,82.00,0.00,NORMAL
05/05/26,5293,34.60,82.00,0.00,NORMAL
05/05/26,5294,34.50,83.00,0.00,NORMAL
05/05/26,5295,34.50,83.00,0.00,NORMAL
05/05/26,5296,34.50,82.00,0.00,NORMAL
05/05/26,5297,34.50,83.00,0.00,NORMAL
05/05/26,5298,34.50,83.00,0.00,NORMAL
05/05/26,5299,34.50,83.00,0.00,NORMAL
05/05/26,5300,34.50,83.00,0.00,NORMAL
05/05/26,5301,34.60,83.00,0.20,NORMAL
05/05/26,5302,34.50,83.00,0.20,NORMAL
05/05/26,5303,34.60,83.00,0.25,NORMAL
05/05/26,5304,34.60,83.00,0.60,NORMAL
05/05/26,5305,34.50,83.00,0.00,NORMAL
05/05/26,5306,34.60,83.00,0.15,NORMAL
05/05/26,5307,34.70,83.00,0.10,NORMAL
05/05/26,5308,34.70,83.00,0.35,NORMAL
05/05/26,5309,34.90,83.00,0.20,NORMAL
05/05/26,5310,35.00,82.00,0.00,NORMAL
05/05/26,5311,34.90,81.00,0.00,NORMAL
05/05/26,5312,34.70,82.00,0.00,NORMAL
05/05/26,5313,34.60,83.00,0.00,NORMAL
05/05/26,5314,34.50,83.00,0.00,NORMAL
05/05/26,5315,34.50,83.00,0.00,NORMAL
05/05/26,5316,34.40,83.00,0.00,NORMAL
05/05/26,5317,34.40,84.00,0.00,NORMAL
05/05/26,5318,34.30,84.00,0.05,NORMAL
05/05/26,5319,34.30,84.00,0.55,NORMAL
05/05/26,5320,34.30,84.00,0.15,NORMAL
05/05/26,5321,34.30,84.00,0.30,NORMAL
05/05/26,5322,34.30,85.00,0.30,NORMAL
05/05/26,5323,34.50,84.00,0.20,NORMAL
05/05/26,5324,34.50,84.00,0.10,NORMAL
05/05/26,5325,34.50,84.00,0.10,NORMAL
05/05/26,5326,34.50,84.00,0.75,NORMAL
05/05/26,5327,34.60,84.00,0.05,NORMAL
05/05/26,5328,34.70,84.00,0.00,NORMAL
05/05/26,5329,34.70,83.00,0.00,NORMAL
05/05/26,5330,34.70,83.00,0.00,NORMAL
05/05/26,5331,34.70,84.00,0.00,NORMAL
05/05/26,5332,34.70,84.00,0.00,NORMAL
05/05/26,5333,34.70,84.00,0.00,NORMAL
05/05/26,5334,34.60,84.00,0.00,NORMAL
05/05/26,5335,34.60,84.00,0.00,NORMAL
05/05/26,5336,34.50,83.00,0.00,NORMAL
05/05/26,5337,34.50,83.00,0.30,NORMAL
05/05/26,5338,34.50,83.00,0.00,NORMAL
05/05/26,5339,34.50,83.00,0.05,NORMAL
05/05/26,5340,34.50,84.00,0.85,NORMAL
05/05/26,5341,34.50,82.00,0.15,NORMAL
05/05/26,5342,34.50,81.00,0.10,NORMAL
05/05/26,5343,34.50,81.00,0.15,NORMAL
05/05/26,5344,34.70,81.00,0.60,NORMAL
05/05/26,5345,34.70,80.00,0.20,NORMAL
05/05/26,5346,34.90,80.00,0.00,NORMAL
05/05/26,5347,34.90,79.00,0.00,NORMAL
05/05/26,5348,34.70,80.00,0.00,NORMAL
05/05/26,5349,34.70,79.00,0.00,NORMAL
05/05/26,5350,34.70,79.00,0.00,NORMAL
05/05/26,5351,34.70,79.00,0.00,NORMAL
05/05/26,5352,34.60,79.00,0.00,NORMAL
05/05/26,5353,34.60,80.00,0.00,NORMAL
05/05/26,5354,34.50,80.00,0.00,NORMAL
05/05/26,5355,34.60,80.00,0.00,NORMAL
05/05/26,5356,34.50,79.00,0.15,NORMAL
05/05/26,5357,34.50,80.00,0.20,NORMAL
05/05/26,5358,34.50,80.00,0.55,NORMAL
05/05/26,5359,34.30,80.00,0.00,NORMAL
05/05/26,5360,34.30,80.00,0.00,NORMAL
05/05/26,5361,34.50,80.00,0.00,NORMAL
05/05/26,5362,34.50,80.00,0.55,NORMAL
05/05/26,5363,34.50,81.00,0.05,NORMAL
05/05/26,5364,34.60,81.00,0.00,NORMAL
05/05/26,5365,34.70,81.00,0.00,NORMAL
05/05/26,5366,34.70,81.00,0.00,NORMAL
05/05/26,5367,34.70,82.00,0.00,NORMAL
05/05/26,5368,34.70,81.00,0.00,NORMAL
05/05/26,5369,34.70,79.00,0.00,NORMAL
05/05/26,5370,34.70,79.00,0.00,NORMAL
05/05/26,5371,34.70,79.00,0.00,NORMAL
05/05/26,5372,34.70,79.00,0.00,NORMAL
05/05/26,5373,34.60,79.00,0.05,NORMAL
05/05/26,5374,34.50,80.00,0.20,NORMAL
05/05/26,5375,34.50,80.00,0.10,NORMAL
05/05/26,5376,34.50,79.00,0.20,NORMAL
05/05/26,5377,34.50,78.00,0.00,NORMAL
05/05/26,5378,34.50,79.00,0.00,NORMAL
05/05/26,5379,34.50,79.00,0.15,NORMAL
05/05/26,5380,34.70,80.00,1.20,NORMAL
05/05/26,5381,34.70,78.00,0.00,NORMAL
05/05/26,5382,34.60,76.00,0.00,NORMAL
05/05/26,5383,34.90,77.00,0.00,NORMAL
05/05/26,5384,34.70,77.00,0.00,NORMAL
05/05/26,5385,34.70,78.00,0.00,NORMAL
05/05/26,5386,34.70,78.00,0.00,NORMAL
05/05/26,5387,34.70,78.00,0.00,NORMAL
05/05/26,5388,34.70,79.00,0.00,NORMAL
05/05/26,5389,34.70,80.00,0.00,NORMAL
05/05/26,5390,34.70,81.00,0.00,NORMAL
05/05/26,5391,34.70,81.00,0.15,NORMAL
05/05/26,5392,34.70,81.00,0.00,NORMAL
05/05/26,5393,34.60,81.00,0.00,NORMAL
05/05/26,5394,34.60,81.00,0.15,NORMAL
05/05/26,5395,34.50,80.00,0.20,NORMAL
05/05/26,5396,34.60,79.00,0.55,NORMAL
05/05/26,5397,34.70,79.00,0.05,NORMAL
05/05/26,5398,34.50,79.00,0.00,NORMAL
05/05/26,5399,34.70,79.00,0.00,NORMAL
05/05/26,5400,34.70,79.00,0.00,NORMAL
05/05/26,5401,34.70,80.00,0.00,NORMAL
05/05/26,5402,34.70,80.00,0.00,NORMAL
05/05/26,5403,34.70,80.00,0.00,NORMAL
05/05/26,5404,34.70,78.00,0.00,NORMAL
05/05/26,5405,34.50,75.00,0.00,NORMAL
05/05/26,5406,34.50,76.00,0.00,NORMAL
05/05/26,5407,34.30,76.00,0.10,NORMAL
05/05/26,5408,34.30,77.00,0.55,NORMAL
05/05/26,5409,34.30,77.00,0.05,NORMAL
05/05/26,5410,34.20,77.00,0.45,NORMAL
05/05/26,5411,34.20,78.00,0.10,NORMAL
05/05/26,5412,34.20,78.00,0.15,NORMAL
05/05/26,5413,34.30,78.00,0.15,NORMAL
05/05/26,5414,34.30,78.00,0.45,NORMAL
05/05/26,5415,34.30,77.00,0.00,NORMAL
05/05/26,5416,34.30,77.00,0.00,NORMAL
05/05/26,5417,34.30,77.00,0.00,NORMAL
05/05/26,5418,34.30,77.00,0.00,NORMAL
05/05/26,5419,34.30,77.00,0.00,NORMAL
05/05/26,5420,34.30,78.00,0.00,NORMAL
05/05/26,5421,34.50,78.00,0.00,NORMAL
05/05/26,5422,34.50,79.00,0.00,NORMAL
05/05/26,5423,34.50,79.00,0.00,NORMAL
05/05/26,5424,34.50,78.00,0.05,NORMAL
05/05/26,5425,34.50,79.00,0.00,NORMAL
05/05/26,5426,34.50,79.00,0.00,NORMAL
05/05/26,5427,34.50,80.00,0.10,NORMAL
05/05/26,5428,34.50,81.00,0.30,NORMAL
05/05/26,5429,34.50,81.00,0.05,NORMAL
05/05/26,5430,34.50,81.00,0.00,NORMAL
05/05/26,5431,34.50,81.00,0.10,NORMAL
05/05/26,5432,34.70,81.00,0.90,NORMAL
05/05/26,5433,34.70,81.00,0.00,NORMAL
05/05/26,5434,34.80,80.00,0.00,NORMAL
05/05/26,5435,34.80,80.00,0.00,NORMAL
05/05/26,5436,34.80,80.00,0.00,NORMAL
05/05/26,5437,34.80,79.00,0.00,NORMAL
05/05/26,5438,34.70,78.00,0.00,NORMAL
05/05/26,5439,34.70,79.00,0.00,NORMAL
05/05/26,5440,34.70,79.00,0.00,NORMAL
05/05/26,5441,34.70,79.00,0.00,NORMAL
05/05/26,5442,34.70,79.00,0.00,NORMAL
05/05/26,5443,34.50,77.00,0.30,NORMAL
05/05/26,5444,34.50,75.00,0.10,NORMAL
05/05/26,5445,34.30,76.00,0.10,NORMAL
05/05/26,5446,34.30,77.00,0.55,NORMAL
05/05/26,5447,34.30,79.00,0.05,NORMAL
05/05/26,5448,34.30,79.00,0.15,NORMAL
05/05/26,5449,34.30,80.00,0.30,NORMAL
05/05/26,5450,34.30,80.00,1.05,NORMAL
05/05/26,5451,34.30,80.00,0.05,NORMAL
05/05/26,5452,34.50,79.00,0.00,NORMAL
05/05/26,5453,34.50,79.00,0.00,NORMAL
05/05/26,5454,34.40,79.00,0.00,NORMAL
05/05/26,5455,34.50,79.00,0.00,NORMAL
05/05/26,5456,34.50,80.00,0.00,NORMAL
05/05/26,5457,34.50,80.00,0.00,NORMAL
05/05/26,5458,34.50,80.00,0.00,NORMAL
05/05/26,5459,34.50,80.00,0.00,NORMAL
05/05/26,5460,34.50,79.00,0.05,NORMAL
05/05/26,5461,34.50,79.00,0.20,NORMAL
05/05/26,5462,34.40,80.00,0.05,NORMAL
05/05/26,5463,34.40,79.00,0.00,NORMAL
05/05/26,5464,34.50,79.00,0.55,NORMAL
05/05/26,5465,34.30,79.00,0.10,NORMAL
05/05/26,5466,34.40,79.00,0.45,NORMAL
05/05/26,5467,34.50,79.00,0.25,NORMAL
05/05/26,5468,34.50,79.00,0.05,NORMAL
05/05/26,5469,34.50,79.00,0.65,NORMAL
05/05/26,5470,34.70,79.00,0.00,NORMAL
05/05/26,5471,34.70,79.00,0.00,NORMAL
05/05/26,5472,34.50,79.00,0.00,NORMAL
05/05/26,5473,34.70,79.00,0.00,NORMAL
05/05/26,5474,34.70,78.00,0.00,NORMAL
05/05/26,5475,34.70,78.00,0.00,NORMAL
05/05/26,5476,34.70,78.00,0.00,NORMAL
05/05/26,5477,34.70,78.00,0.00,NORMAL
05/05/26,5478,34.80,79.00,0.00,NORMAL
05/05/26,5479,34.80,78.00,0.05,NORMAL
05/05/26,5480,34.90,78.00,0.50,NORMAL
05/05/26,5481,34.90,78.00,0.35,NORMAL
05/05/26,5482,34.90,78.00,0.25,NORMAL
05/05/26,5483,34.90,78.00,0.65,NORMAL
05/05/26,5484,35.20,77.00,1.45,NORMAL
05/05/26,5485,35.30,77.00,0.05,NORMAL
05/05/26,5486,35.40,76.00,0.00,NORMAL
05/05/26,5487,35.40,76.00,0.00,NORMAL
05/05/26,5488,35.50,76.00,0.00,NORMAL
05/05/26,5489,35.40,75.00,0.00,NORMAL
05/05/26,5490,35.40,75.00,0.00,NORMAL
05/05/26,5491,35.40,75.00,0.00,NORMAL
05/05/26,5492,35.50,74.00,0.00,NORMAL
05/05/26,5493,35.60,73.00,0.00,NORMAL
05/05/26,5494,35.30,74.00,0.00,NORMAL
05/05/26,5495,35.30,74.00,0.00,NORMAL
05/05/26,5496,35.30,74.00,0.00,NORMAL
05/05/26,5497,35.30,74.00,0.00,NORMAL
05/05/26,5498,35.20,72.00,0.00,NORMAL
05/05/26,5499,35.00,73.00,0.00,NORMAL
05/05/26,5500,34.90,73.00,0.00,NORMAL
05/05/26,5501,34.80,74.00,0.00,NORMAL
05/05/26,5502,34.70,74.00,0.00,NORMAL
05/05/26,5503,34.70,73.00,0.00,NORMAL
05/05/26,5504,34.50,74.00,0.00,NORMAL
05/05/26,5505,34.50,74.00,0.00,NORMAL
05/05/26,5506,34.30,74.00,0.00,NORMAL
05/05/26,5507,34.30,75.00,0.00,NORMAL
05/05/26,5508,34.10,77.00,0.00,NORMAL
05/05/26,5509,34.10,78.00,0.00,NORMAL
05/05/26,5510,34.00,78.00,0.00,NORMAL
05/05/26,5511,34.00,79.00,0.00,NORMAL
05/05/26,5512,34.10,79.00,0.00,NORMAL
05/05/26,5513,34.20,79.00,0.00,NORMAL
05/05/26,5514,34.10,79.00,0.00,NORMAL
05/05/26,5515,34.10,78.00,0.00,NORMAL
05/05/26,5516,34.10,76.00,0.00,NORMAL
05/05/26,5517,34.10,77.00,0.00,NORMAL
05/05/26,5518,34.10,78.00,0.00,NORMAL
05/05/26,5519,34.00,79.00,0.00,NORMAL
05/05/26,5520,34.00,78.00,0.00,NORMAL
05/05/26,5521,34.00,78.00,0.00,NORMAL
05/05/26,5522,34.00,78.00,0.00,NORMAL
05/05/26,5523,34.00,77.00,0.00,NORMAL
05/05/26,5524,34.00,78.00,0.00,NORMAL
05/05/26,5525,34.10,79.00,0.00,NORMAL
05/05/26,5526,34.10,78.00,0.00,NORMAL
05/05/26,5527,34.00,78.00,0.00,NORMAL
05/05/26,5528,34.00,78.00,0.00,NORMAL
05/05/26,5529,34.00,78.00,0.00,NORMAL
05/05/26,5530,33.90,78.00,0.00,NORMAL
05/05/26,5531,33.90,77.00,0.00,NORMAL
05/05/26,5532,33.90,76.00,0.00,NORMAL
05/05/26,5533,33.90,77.00,0.00,NORMAL
05/05/26,5534,33.90,77.00,0.00,NORMAL
05/05/26,5535,33.90,78.00,0.00,NORMAL
05/05/26,5536,33.90,80.00,0.00,NORMAL
05/05/26,5537,33.90,80.00,0.00,NORMAL
05/05/26,5538,33.90,80.00,0.00,NORMAL
05/05/26,5539,33.90,79.00,0.00,NORMAL
05/05/26,5540,33.90,77.00,0.00,NORMAL
05/05/26,5541,33.80,77.00,0.00,NORMAL
05/05/26,5542,33.80,78.00,0.00,NORMAL
05/05/26,5543,33.80,78.00,0.00,NORMAL
05/05/26,5544,33.80,79.00,0.00,NORMAL
05/05/26,5545,33.90,79.00,0.00,NORMAL
05/05/26,5546,33.90,80.00,0.00,NORMAL
05/05/26,5547,33.90,80.00,0.00,NORMAL
05/05/26,5548,33.90,79.00,0.00,NORMAL
05/05/26,5549,33.90,80.00,0.00,NORMAL
05/05/26,5550,34.00,79.00,0.00,NORMAL
05/05/26,5551,34.10,79.00,0.00,NORMAL
05/05/26,5552,34.10,78.00,0.00,NORMAL
05/05/26,5553,34.10,78.00,0.00,NORMAL
05/05/26,5554,34.30,78.00,0.00,NORMAL
05/05/26,5555,34.30,78.00,0.00,NORMAL
05/05/26,5556,34.30,77.00,0.00,NORMAL
05/05/26,5557,34.30,77.00,0.00,NORMAL
05/05/26,5558,34.30,75.00,0.00,NORMAL
05/05/26,5559,34.30,76.00,0.00,NORMAL
05/05/26,5560,34.10,77.00,0.00,NORMAL
05/05/26,5561,34.10,78.00,0.00,NORMAL
05/05/26,5562,34.10,79.00,0.00,NORMAL
05/05/26,5563,34.10,80.00,0.00,NORMAL
05/05/26,5564,34.20,80.00,0.00,NORMAL
05/05/26,5565,34.10,80.00,0.00,NORMAL
05/05/26,5566,34.30,80.00,0.00,NORMAL
05/05/26,5567,34.30,80.00,0.00,NORMAL
05/05/26,5568,34.30,80.00,0.00,NORMAL
05/05/26,5569,34.40,80.00,0.00,NORMAL
05/05/26,5570,34.50,80.00,0.00,NORMAL
05/05/26,5571,34.70,79.00,0.00,NORMAL
05/05/26,5572,34.70,79.00,0.00,NORMAL
05/05/26,5573,34.70,78.00,0.00,NORMAL
05/05/26,5574,34.80,77.00,0.00,NORMAL
05/05/26,5575,34.70,77.00,0.00,NORMAL
05/05/26,5576,34.70,77.00,0.00,NORMAL
05/05/26,5577,34.70,76.00,0.00,NORMAL
05/05/26,5578,34.70,76.00,0.00,NORMAL
05/05/26,5579,34.80,77.00,0.00,NORMAL
05/05/26,5580,34.80,77.00,0.00,NORMAL
05/05/26,5581,34.70,77.00,0.00,NORMAL
05/05/26,5582,34.70,77.00,0.00,NORMAL
05/05/26,5583,34.70,78.00,0.00,NORMAL
05/05/26,5584,34.70,79.00,0.00,NORMAL
05/05/26,5585,34.70,79.00,0.00,NORMAL
05/05/26,5586,34.70,79.00,0.00,NORMAL
05/05/26,5587,34.70,79.00,0.00,NORMAL
05/05/26,5588,34.70,76.00,0.00,NORMAL
05/05/26,5589,34.70,77.00,0.00,NORMAL
05/05/26,5590,34.70,78.00,0.00,NORMAL
05/05/26,5591,34.70,78.00,0.00,NORMAL
05/05/26,5592,34.70,79.00,0.00,NORMAL
05/05/26,5593,34.70,78.00,0.00,NORMAL
05/05/26,5594,34.70,78.00,0.00,NORMAL
05/05/26,5595,34.70,77.00,0.00,NORMAL
05/05/26,5596,34.70,77.00,0.00,NORMAL
05/05/26,5597,34.50,76.00,0.00,NORMAL
05/05/26,5598,34.50,76.00,0.00,NORMAL
05/05/26,5599,34.50,76.00,0.00,NORMAL
05/05/26,5600,34.70,76.00,0.00,NORMAL
05/05/26,5601,34.70,75.00,0.00,NORMAL
05/05/26,5602,34.70,75.00,0.00,NORMAL
05/05/26,5603,34.70,75.00,0.00,NORMAL
05/05/26,5604,34.70,75.00,0.00,NORMAL
05/05/26,5605,34.70,75.00,0.00,NORMAL
05/05/26,5606,34.80,75.00,0.00,NORMAL
05/05/26,5607,34.90,75.00,0.00,NORMAL
05/05/26,5608,34.90,76.00,0.00,NORMAL
05/05/26,5609,35.00,76.00,0.00,NORMAL
05/05/26,5610,35.10,76.00,0.00,NORMAL
05/05/26,5611,35.20,75.00,0.00,NORMAL
05/05/26,5612,35.20,75.00,0.00,NORMAL
05/05/26,5613,35.30,74.00,0.00,NORMAL
05/05/26,5614,35.30,72.00,0.00,NORMAL
05/05/26,5615,35.20,71.00,0.00,NORMAL
05/05/26,5616,35.20,71.00,0.00,NORMAL
05/05/26,5617,34.90,71.00,0.00,NORMAL
05/05/26,5618,34.90,73.00,0.00,NORMAL
05/05/26,5619,34.80,74.00,0.00,NORMAL
05/05/26,5620,34.70,74.00,0.00,NORMAL
05/05/26,5621,34.50,73.00,0.00,NORMAL
05/05/26,5622,34.50,72.00,0.00,NORMAL
05/05/26,5623,34.30,73.00,0.00,NORMAL
05/05/26,5624,34.10,74.00,0.00,NORMAL
05/05/26,5625,34.10,75.00,0.00,NORMAL
05/05/26,5626,34.10,75.00,0.00,NORMAL
05/05/26,5627,34.10,75.00,0.00,NORMAL
05/05/26,5628,34.10,74.00,0.00,NORMAL
05/05/26,5629,34.10,75.00,0.00,NORMAL
05/05/26,5630,34.10,76.00,0.00,NORMAL
05/05/26,5631,34.10,76.00,0.00,NORMAL
05/05/26,5632,34.10,77.00,0.00,NORMAL
05/05/26,5633,34.10,78.00,0.00,NORMAL
05/05/26,5634,34.10,75.00,0.00,NORMAL
05/05/26,5635,34.00,75.00,0.00,NORMAL
05/05/26,5636,34.00,76.00,0.00,NORMAL
05/05/26,5637,33.90,74.00,0.00,NORMAL
05/05/26,5638,33.90,75.00,0.00,NORMAL
05/05/26,5639,33.90,76.00,0.00,NORMAL
05/05/26,5640,33.90,75.00,0.00,NORMAL
05/05/26,5641,33.90,74.00,0.00,NORMAL
05/05/26,5642,34.00,74.00,0.00,NORMAL
05/05/26,5643,33.90,74.00,0.00,NORMAL
05/05/26,5644,33.90,74.00,0.00,NORMAL
05/05/26,5645,34.10,74.00,0.00,NORMAL
05/05/26,5646,34.10,74.00,0.00,NORMAL
05/05/26,5647,34.10,73.00,0.00,NORMAL
05/05/26,5648,34.30,74.00,0.00,NORMAL
05/05/26,5649,34.30,74.00,0.00,NORMAL
05/05/26,5650,34.30,74.00,0.00,NORMAL
05/05/26,5651,34.40,75.00,0.00,NORMAL
05/05/26,5652,34.50,75.00,0.00,NORMAL
05/05/26,5653,34.50,72.00,0.00,NORMAL
05/05/26,5654,34.50,72.00,0.00,NORMAL
05/05/26,5655,34.50,73.00,0.00,NORMAL
05/05/26,5656,34.40,71.00,0.00,NORMAL
05/05/26,5657,34.30,71.00,0.00,NORMAL
05/05/26,5658,34.30,72.00,0.00,NORMAL
05/05/26,5659,34.30,72.00,0.00,NORMAL
05/05/26,5660,34.10,72.00,0.00,NORMAL
05/05/26,5661,34.10,71.00,0.00,NORMAL
05/05/26,5662,34.10,71.00,0.00,NORMAL
05/05/26,5663,34.30,71.00,0.00,NORMAL
05/05/26,5664,34.30,71.00,0.00,NORMAL
05/05/26,5665,34.30,72.00,0.00,NORMAL
05/05/26,5666,34.40,73.00,0.00,NORMAL
05/05/26,5667,34.50,73.00,0.00,NORMAL
05/05/26,5668,34.50,73.00,0.00,NORMAL
05/05/26,5669,34.50,73.00,0.00,NORMAL
05/05/26,5670,34.50,71.00,0.00,NORMAL
05/05/26,5671,34.50,71.00,0.00,NORMAL
05/05/26,5672,34.50,72.00,0.00,NORMAL
05/05/26,5673,34.50,72.00,0.00,NORMAL
05/05/26,5674,34.50,72.00,0.00,NORMAL
05/05/26,5675,34.50,72.00,0.00,NORMAL
05/05/26,5676,34.50,71.00,0.00,NORMAL
05/05/26,5677,34.30,71.00,0.00,NORMAL
05/05/26,5678,34.40,72.00,0.00,NORMAL
05/05/26,5679,34.40,73.00,0.00,NORMAL
05/05/26,5680,34.40,73.00,0.00,NORMAL
05/05/26,5681,34.40,72.00,0.00,NORMAL
05/05/26,5682,34.40,73.00,0.00,NORMAL
05/05/26,5683,34.40,73.00,0.00,NORMAL
05/05/26,5684,34.40,73.00,0.00,NORMAL
05/05/26,5685,34.50,73.00,0.00,NORMAL
05/05/26,5686,34.50,74.00,0.00,NORMAL
05/05/26,5687,34.50,74.00,0.00,NORMAL
05/05/26,5688,34.50,74.00,0.00,NORMAL
05/05/26,5689,34.60,74.00,0.00,NORMAL
05/05/26,5690,34.60,74.00,0.00,NORMAL
05/05/26,5691,34.70,74.00,0.00,NORMAL
05/05/26,5692,34.70,73.00,0.00,NORMAL
05/05/26,5693,34.70,73.00,0.00,NORMAL
05/05/26,5694,34.70,73.00,0.00,NORMAL
05/05/26,5695,34.90,73.00,0.00,NORMAL
05/05/26,5696,34.90,73.00,0.00,NORMAL
05/05/26,5697,34.90,70.00,0.00,NORMAL
05/05/26,5698,34.70,71.00,0.00,NORMAL
05/05/26,5699,34.70,72.00,0.00,NORMAL
05/05/26,5700,34.70,72.00,0.00,NORMAL
05/05/26,5701,34.70,72.00,0.00,NORMAL
05/05/26,5702,34.70,72.00,0.00,NORMAL
05/05/26,5703,34.70,73.00,0.00,NORMAL
05/05/26,5704,34.70,73.00,0.00,NORMAL
05/05/26,5705,34.90,73.00,0.00,NORMAL
05/05/26,5706,34.70,73.00,0.00,NORMAL
05/05/26,5707,34.70,73.00,0.00,NORMAL
05/05/26,5708,34.90,73.00,0.00,NORMAL
05/05/26,5709,34.70,74.00,0.00,NORMAL
05/05/26,5710,34.70,74.00,0.00,NORMAL
05/05/26,5711,34.70,72.00,0.00,NORMAL
05/05/26,5712,34.70,71.00,0.00,NORMAL
05/05/26,5713,34.50,72.00,0.00,NORMAL
05/05/26,5714,34.50,71.00,0.00,NORMAL
05/05/26,5715,34.20,72.00,0.00,NORMAL
05/05/26,5716,34.40,72.00,0.00,NORMAL
05/05/26,5717,34.50,73.00,0.00,NORMAL
05/05/26,5718,34.40,73.00,0.00,NORMAL
05/05/26,5719,34.30,73.00,0.00,NORMAL
05/05/26,5720,34.40,70.00,0.00,NORMAL
05/05/26,5721,34.30,70.00,0.00,NORMAL
05/05/26,5722,34.10,71.00,0.00,NORMAL
05/05/26,5723,34.10,71.00,0.00,NORMAL
05/05/26,5724,34.10,72.00,0.00,NORMAL
05/05/26,5725,34.10,72.00,0.00,NORMAL
05/05/26,5726,34.10,72.00,0.00,NORMAL
05/05/26,5727,34.10,71.00,0.00,NORMAL
05/05/26,5728,34.10,71.00,0.00,NORMAL
05/05/26,5729,34.10,72.00,0.00,NORMAL
05/05/26,5730,34.10,73.00,0.00,NORMAL
05/05/26,5731,34.10,74.00,0.00,NORMAL
05/05/26,5732,34.10,73.00,0.00,NORMAL
05/05/26,5733,34.00,75.00,0.00,NORMAL
05/05/26,5734,33.90,75.00,0.00,NORMAL
05/05/26,5735,33.90,75.00,0.00,NORMAL
05/05/26,5736,33.90,76.00,0.00,NORMAL
05/05/26,5737,33.90,76.00,0.00,NORMAL
05/05/26,5738,33.90,76.00,0.00,NORMAL
05/05/26,5739,33.90,76.00,0.00,NORMAL
05/05/26,5740,34.00,76.00,0.00,NORMAL
05/05/26,5741,34.10,76.00,0.00,NORMAL
05/05/26,5742,34.10,75.00,0.00,NORMAL
05/05/26,5743,34.20,75.00,0.00,NORMAL
05/05/26,5744,34.30,75.00,0.00,NORMAL
05/05/26,5745,34.20,74.00,0.00,NORMAL
05/05/26,5746,34.20,74.00,0.00,NORMAL
05/05/26,5747,34.20,74.00,0.00,NORMAL
05/05/26,5748,34.30,73.00,0.00,NORMAL
05/05/26,5749,34.30,74.00,0.00,NORMAL
05/05/26,5750,34.30,74.00,0.00,NORMAL
05/05/26,5751,34.30,74.00,0.00,NORMAL
05/05/26,5752,34.30,72.00,0.00,NORMAL
05/05/26,5753,34.30,72.00,0.00,NORMAL
05/05/26,5754,34.30,72.00,0.00,NORMAL
05/05/26,5755,34.30,72.00,0.00,NORMAL
05/05/26,5756,34.30,72.00,0.00,NORMAL
05/05/26,5757,34.30,71.00,0.00,NORMAL
05/05/26,5758,34.20,68.00,0.00,NORMAL
05/05/26,5759,34.10,69.00,0.00,NORMAL
05/05/26,5760,34.10,71.00,0.00,NORMAL
05/05/26,5761,34.10,71.00,0.00,NORMAL
05/05/26,5762,34.00,71.00,0.00,NORMAL
05/05/26,5763,33.90,72.00,0.00,NORMAL
05/05/26,5764,33.90,73.00,0.00,NORMAL
05/05/26,5765,33.80,73.00,0.00,NORMAL
05/05/26,5766,33.70,72.00,0.00,NORMAL
05/05/26,5767,33.70,74.00,0.00,NORMAL
05/05/26,5768,33.60,75.00,0.00,NORMAL
05/05/26,5769,33.50,76.00,0.00,NORMAL
05/05/26,5770,33.50,76.00,0.00,NORMAL
05/05/26,5771,33.60,76.00,0.00,NORMAL
05/05/26,5772,33.60,78.00,0.00,NORMAL
05/05/26,5773,33.60,78.00,0.00,NORMAL
05/05/26,5774,33.60,79.00,0.00,NORMAL
05/05/26,5775,33.60,79.00,0.00,NORMAL
05/05/26,5776,33.70,79.00,0.00,NORMAL
05/05/26,5777,33.70,79.00,0.00,NORMAL
05/05/26,5778,33.70,78.00,0.00,NORMAL
05/05/26,5779,33.70,78.00,0.00,NORMAL
05/05/26,5780,33.60,78.00,0.00,NORMAL
05/05/26,5781,33.80,78.00,0.00,NORMAL
05/05/26,5782,33.90,77.00,0.00,NORMAL
05/05/26,5783,33.90,74.00,0.00,NORMAL
05/05/26,5784,33.90,73.00,0.00,NORMAL
05/05/26,5785,33.90,74.00,0.00,NORMAL
05/05/26,5786,33.90,75.00,0.00,NORMAL
05/05/26,5787,33.90,75.00,0.00,NORMAL
05/05/26,5788,34.00,76.00,0.00,NORMAL
05/05/26,5789,34.00,76.00,0.00,NORMAL
05/05/26,5790,33.90,77.00,0.00,NORMAL
05/05/26,5791,33.90,76.00,0.00,NORMAL
05/05/26,5792,33.90,76.00,0.00,NORMAL
05/05/26,5793,33.90,76.00,0.00,NORMAL
05/05/26,5794,33.90,76.00,0.00,NORMAL
05/05/26,5795,33.90,77.00,0.00,NORMAL
05/05/26,5796,33.90,75.00,0.00,NORMAL
05/05/26,5797,33.90,76.00,0.00,NORMAL
05/05/26,5798,33.90,76.00,0.00,NORMAL
05/05/26,5799,33.80,77.00,0.00,NORMAL
05/05/26,5800,33.80,77.00,0.00,NORMAL
05/05/26,5801,33.90,77.00,0.00,NORMAL
05/05/26,5802,33.90,77.00,0.00,NORMAL
05/05/26,5803,34.00,78.00,0.00,NORMAL
05/05/26,5804,34.10,78.00,0.00,NORMAL
05/05/26,5805,34.10,78.00,0.00,NORMAL
05/05/26,5806,34.10,77.00,0.00,NORMAL
05/05/26,5807,34.10,75.00,0.00,NORMAL
05/05/26,5808,34.10,76.00,0.00,NORMAL
05/05/26,5809,34.10,76.00,0.00,NORMAL
05/05/26,5810,34.10,76.00,0.00,NORMAL
05/05/26,5811,34.00,76.00,0.00,NORMAL
05/05/26,5812,34.00,76.00,0.00,NORMAL
05/05/26,5813,34.00,76.00,0.00,NORMAL
05/05/26,5814,34.00,75.00,0.00,NORMAL
05/05/26,5815,34.00,75.00,0.00,NORMAL
05/05/26,5816,34.10,75.00,0.00,NORMAL
05/05/26,5817,34.10,75.00,0.00,NORMAL
05/05/26,5818,34.20,75.00,0.00,NORMAL
05/05/26,5819,34.20,75.00,0.00,NORMAL
05/05/26,5820,34.10,75.00,0.00,NORMAL
05/05/26,5821,34.20,76.00,0.00,NORMAL
05/05/26,5822,34.20,76.00,0.00,NORMAL
05/05/26,5823,34.10,76.00,0.00,NORMAL
05/05/26,5824,34.20,76.00,0.00,NORMAL
05/05/26,5825,34.20,75.00,0.00,NORMAL
05/05/26,5826,34.20,74.00,0.00,NORMAL
05/05/26,5827,34.20,75.00,0.00,NORMAL
05/05/26,5828,34.30,75.00,0.00,NORMAL
05/05/26,5829,34.30,74.00,0.00,NORMAL
05/05/26,5830,34.30,73.00,0.00,NORMAL
05/05/26,5831,34.20,72.00,0.00,NORMAL
05/05/26,5832,34.10,72.00,0.00,NORMAL
05/05/26,5833,34.10,72.00,0.00,NORMAL
05/05/26,5834,34.10,72.00,0.00,NORMAL
05/05/26,5835,34.10,73.00,0.00,NORMAL
05/05/26,5836,34.10,73.00,0.00,NORMAL
05/05/26,5837,34.10,74.00,0.00,NORMAL
05/05/26,5838,34.10,74.00,0.00,NORMAL
05/05/26,5839,34.10,74.00,0.00,NORMAL
05/05/26,5840,34.10,74.00,0.00,NORMAL
05/05/26,5841,34.20,74.00,0.00,NORMAL
05/05/26,5842,34.20,74.00,0.00,NORMAL
05/05/26,5843,34.30,74.00,0.00,NORMAL
05/05/26,5844,34.30,74.00,0.00,NORMAL
05/05/26,5845,34.50,74.00,0.00,NORMAL
05/05/26,5846,34.50,74.00,0.00,NORMAL
05/05/26,5847,34.50,74.00,0.00,NORMAL
05/05/26,5848,34.50,73.00,0.00,NORMAL
05/05/26,5849,34.30,73.00,0.00,NORMAL
05/05/26,5850,34.20,73.00,0.00,NORMAL
05/05/26,5851,34.20,74.00,0.00,NORMAL
05/05/26,5852,34.10,75.00,0.00,NORMAL
05/05/26,5853,34.00,75.00,0.00,NORMAL
05/05/26,5854,33.90,76.00,0.00,NORMAL
05/05/26,5855,33.90,76.00,0.00,NORMAL
05/05/26,5856,33.90,77.00,0.00,NORMAL
05/05/26,5857,33.70,77.00,0.00,NORMAL
05/05/26,5858,33.70,77.00,0.00,NORMAL
05/05/26,5859,33.60,78.00,0.00,NORMAL
05/05/26,5860,33.60,78.00,0.00,NORMAL
05/05/26,5861,33.70,78.00,0.00,NORMAL
05/05/26,5862,33.70,78.00,0.00,NORMAL
05/05/26,5863,33.70,78.00,0.00,NORMAL
05/05/26,5864,33.80,78.00,0.00,NORMAL
05/05/26,5865,33.80,78.00,0.00,NORMAL
05/05/26,5866,33.80,77.00,0.00,NORMAL
05/05/26,5867,33.80,77.00,0.00,NORMAL
05/05/26,5868,33.80,77.00,0.00,NORMAL
05/05/26,5869,33.90,77.00,0.00,NORMAL
05/05/26,5870,33.70,77.00,0.00,NORMAL
05/05/26,5871,33.70,77.00,0.00,NORMAL
05/05/26,5872,33.70,78.00,0.00,NORMAL
05/05/26,5873,33.70,78.00,0.00,NORMAL
05/05/26,5874,33.70,78.00,0.00,NORMAL
05/05/26,5875,33.60,78.00,0.00,NORMAL
05/05/26,5876,33.60,78.00,0.00,NORMAL
05/05/26,5877,33.60,78.00,0.00,NORMAL
05/05/26,5878,33.50,78.00,0.00,NORMAL
05/05/26,5879,33.50,78.00,0.00,NORMAL
05/05/26,5880,33.50,78.00,0.00,NORMAL
05/05/26,5881,33.50,79.00,0.00,NORMAL
05/05/26,5882,33.60,79.00,0.00,NORMAL
05/05/26,5883,33.40,79.00,0.00,NORMAL
05/05/26,5884,33.40,79.00,0.00,NORMAL
05/05/26,5885,33.40,79.00,0.00,NORMAL
05/05/26,5886,33.40,79.00,0.00,NORMAL
05/05/26,5887,33.40,80.00,0.00,NORMAL
05/05/26,5888,33.40,80.00,0.00,NORMAL
05/05/26,5889,33.40,80.00,0.00,NORMAL
05/05/26,5890,33.20,80.00,0.00,NORMAL
05/05/26,5891,33.20,81.00,0.00,NORMAL
05/05/26,5892,33.20,81.00,0.00,NORMAL
05/05/26,5893,33.10,80.00,0.00,NORMAL
05/05/26,5894,33.00,80.00,0.00,NORMAL
05/05/26,5895,33.00,81.00,0.00,NORMAL
05/05/26,5896,33.00,81.00,0.00,NORMAL
05/05/26,5897,33.00,81.00,0.00,NORMAL
05/05/26,5898,33.00,81.00,0.00,NORMAL
05/05/26,5899,33.00,81.00,0.00,NORMAL
05/05/26,5900,33.00,81.00,0.00,NORMAL
05/05/26,5901,33.00,81.00,0.00,NORMAL
05/05/26,5902,33.00,81.00,0.00,NORMAL
05/05/26,5903,33.00,81.00,0.00,NORMAL
05/05/26,5904,32.90,80.00,0.00,NORMAL
05/05/26,5905,32.90,80.00,0.00,NORMAL
05/05/26,5906,32.90,81.00,0.00,NORMAL
05/05/26,5907,32.90,81.00,0.00,NORMAL
05/05/26,5908,32.90,81.00,0.00,NORMAL
05/05/26,5909,32.90,81.00,0.00,NORMAL
05/05/26,5910,32.90,81.00,0.00,NORMAL
05/05/26,5911,32.70,81.00,0.00,NORMAL
05/05/26,5912,32.80,81.00,0.00,NORMAL
05/05/26,5913,32.70,81.00,0.00,NORMAL
05/05/26,5914,32.70,81.00,0.00,NORMAL
05/05/26,5915,32.70,81.00,0.00,NORMAL
05/05/26,5916,32.70,82.00,0.00,NORMAL
05/05/26,5917,32.70,82.00,0.00,NORMAL
05/05/26,5918,32.70,82.00,0.00,NORMAL
05/05/26,5919,32.70,82.00,0.00,NORMAL
05/05/26,5920,32.70,82.00,0.00,NORMAL
05/05/26,5921,32.70,82.00,0.00,NORMAL
05/05/26,5922,32.70,82.00,0.00,NORMAL
05/05/26,5923,32.70,82.00,0.00,NORMAL
05/05/26,5924,32.70,82.00,0.00,NORMAL
05/05/26,5925,32.70,81.00,0.00,NORMAL
05/05/26,5926,32.70,82.00,0.00,NORMAL
05/05/26,5927,32.50,82.00,0.00,NORMAL
05/05/26,5928,32.70,82.00,0.00,NORMAL
05/05/26,5929,32.70,83.00,0.00,NORMAL
05/05/26,5930,32.70,83.00,0.00,NORMAL
05/05/26,5931,32.70,82.00,0.00,NORMAL
05/05/26,5932,32.70,83.00,0.00,NORMAL
05/05/26,5933,32.70,83.00,0.00,NORMAL
05/05/26,5934,32.70,83.00,0.00,NORMAL
05/05/26,5935,32.50,83.00,0.00,NORMAL
05/05/26,5936,32.50,82.00,0.00,NORMAL
05/05/26,5937,32.50,83.00,0.00,NORMAL
05/05/26,5938,32.40,83.00,0.00,NORMAL
05/05/26,5939,32.40,83.00,0.00,NORMAL
05/05/26,5940,32.40,84.00,0.00,NORMAL
05/05/26,5941,32.40,84.00,0.00,NORMAL
05/05/26,5942,32.50,83.00,0.00,NORMAL
05/05/26,5943,32.60,83.00,0.00,NORMAL
05/05/26,5944,32.60,83.00,0.00,NORMAL
05/05/26,5945,32.70,82.00,0.00,NORMAL
05/05/26,5946,32.50,82.00,0.00,NORMAL
05/05/26,5947,32.70,82.00,0.00,NORMAL
05/05/26,5948,32.50,82.00,0.00,NORMAL
05/05/26,5949,32.50,83.00,0.00,NORMAL
05/05/26,5950,32.50,83.00,0.00,NORMAL
05/05/26,5951,32.50,83.00,0.00,NORMAL
05/05/26,5952,32.50,83.00,0.00,NORMAL
05/05/26,5953,32.50,83.00,0.00,NORMAL
05/05/26,5954,32.50,84.00,0.00,NORMAL
05/05/26,5955,32.50,83.00,0.00,NORMAL
05/05/26,5956,32.50,83.00,0.00,NORMAL
05/05/26,5957,32.50,83.00,0.00,NORMAL
05/05/26,5958,32.50,84.00,0.00,NORMAL
05/05/26,5959,32.50,84.00,0.00,NORMAL
05/05/26,5960,32.50,84.00,0.00,NORMAL
05/05/26,5961,32.50,84.00,0.00,NORMAL
05/05/26,5962,32.60,84.00,0.00,NORMAL
05/05/26,5963,32.60,84.00,0.00,NORMAL
05/05/26,5964,32.70,84.00,0.00,NORMAL
05/05/26,5965,32.90,83.00,0.00,NORMAL
05/05/26,5966,32.70,83.00,0.00,NORMAL
05/05/26,5967,32.70,83.00,0.00,NORMAL
05/05/26,5968,32.70,83.00,0.00,NORMAL
05/05/26,5969,32.70,83.00,0.00,NORMAL
05/05/26,5970,32.90,83.00,0.00,NORMAL
05/05/26,5971,32.90,83.00,0.00,NORMAL
05/05/26,5972,32.90,83.00,0.00,NORMAL
05/05/26,5973,33.00,84.00,0.00,NORMAL
05/05/26,5974,32.90,83.00,0.00,NORMAL
05/05/26,5975,33.00,84.00,0.00,NORMAL
05/05/26,5976,33.00,83.00,0.00,NORMAL
05/05/26,5977,33.00,84.00,0.00,NORMAL
05/05/26,5978,33.20,84.00,0.00,NORMAL
05/05/26,5979,33.00,84.00,0.00,NORMAL
05/05/26,5980,33.20,84.00,0.00,NORMAL
05/05/26,5981,33.00,83.00,0.00,NORMAL
05/05/26,5982,33.00,83.00,0.00,NORMAL
05/05/26,5983,33.00,84.00,0.00,NORMAL
05/05/26,5984,33.00,84.00,0.00,NORMAL
05/05/26,5985,33.00,84.00,0.00,NORMAL
05/05/26,5986,32.90,84.00,0.00,NORMAL
05/05/26,5987,33.00,84.00,0.00,NORMAL
05/05/26,5988,32.90,83.00,0.00,NORMAL
05/05/26,5989,33.00,84.00,0.00,NORMAL
05/05/26,5990,32.90,83.00,0.00,NORMAL
05/05/26,5991,33.00,84.00,0.00,NORMAL
05/05/26,5992,33.00,84.00,0.00,NORMAL
05/05/26,5993,33.00,84.00,0.00,NORMAL
05/05/26,5994,33.00,84.00,0.00,NORMAL
05/05/26,5995,32.90,83.00,0.00,NORMAL
05/05/26,5996,32.90,83.00,0.00,NORMAL
05/05/26,5997,33.00,84.00,0.00,NORMAL
05/05/26,5998,32.90,83.00,0.00,NORMAL
05/05/26,5999,32.90,84.00,0.00,NORMAL
05/05/26,6000,32.90,84.00,0.00,NORMAL
05/05/26,6001,32.90,84.00,0.00,NORMAL
05/05/26,6002,33.00,85.00,0.00,NORMAL
05/05/26,6003,32.90,84.00,0.00,NORMAL
05/05/26,6004,32.90,84.00,0.00,NORMAL
05/05/26,6005,32.90,84.00,0.00,NORMAL
05/05/26,6006,32.90,84.00,0.00,NORMAL
05/05/26,6007,32.90,84.00,0.00,NORMAL
05/05/26,6008,32.90,84.00,0.00,NORMAL
05/05/26,6009,32.90,84.00,0.00,NORMAL
05/05/26,6010,32.90,84.00,0.00,NORMAL
05/05/26,6011,32.90,84.00,0.00,NORMAL
05/05/26,6012,32.90,85.00,0.00,NORMAL
05/05/26,6013,32.90,84.00,0.00,NORMAL
05/05/26,6014,32.90,84.00,0.00,NORMAL
05/05/26,6015,32.90,84.00,0.00,NORMAL
05/05/26,6016,32.90,84.00,0.00,NORMAL
05/05/26,6017,32.80,85.00,0.00,NORMAL
05/05/26,6018,32.90,85.00,0.00,NORMAL
05/05/26,6019,32.80,85.00,0.00,NORMAL
05/05/26,6020,32.90,84.00,0.00,NORMAL
05/05/26,6021,32.90,84.00,0.00,NORMAL
05/05/26,6022,32.80,84.00,0.00,NORMAL
05/05/26,6023,32.80,85.00,0.00,NORMAL
05/05/26,6024,32.90,84.00,0.00,NORMAL
05/05/26,6025,32.60,84.00,0.00,NORMAL
05/05/26,6026,32.70,84.00,0.00,NORMAL
05/05/26,6027,32.70,85.00,0.00,NORMAL
05/05/26,6028,32.70,85.00,0.00,NORMAL
05/05/26,6029,32.70,85.00,0.00,NORMAL
05/05/26,6030,32.60,85.00,0.00,NORMAL
05/05/26,6031,32.60,85.00,0.00,NORMAL
05/05/26,6032,32.60,85.00,0.00,NORMAL
05/05/26,6033,32.60,85.00,0.00,NORMAL
05/05/26,6034,32.60,86.00,0.00,NORMAL
05/05/26,6035,32.50,85.00,0.00,NORMAL
05/05/26,6036,32.60,86.00,0.00,NORMAL
05/05/26,6037,32.60,86.00,0.00,NORMAL
05/05/26,6038,32.60,86.00,0.00,NORMAL
05/05/26,6039,32.70,86.00,0.00,NORMAL
05/05/26,6040,32.90,86.00,0.00,NORMAL
05/05/26,6041,32.70,86.00,0.00,NORMAL
05/05/26,6042,32.70,85.00,0.00,NORMAL
05/05/26,6043,32.70,86.00,0.00,NORMAL
05/05/26,6044,32.70,85.00,0.00,NORMAL
05/05/26,6045,32.70,86.00,0.00,NORMAL
05/05/26,6046,32.70,85.00,0.00,NORMAL
05/05/26,6047,32.70,86.00,0.00,NORMAL
05/05/26,6048,32.70,85.00,0.00,NORMAL
05/05/26,6049,32.70,85.00,0.00,NORMAL
05/05/26,6050,32.70,86.00,0.00,NORMAL
05/05/26,6051,32.70,86.00,0.00,NORMAL
05/05/26,6052,32.90,86.00,0.00,NORMAL
05/05/26,6053,32.80,85.00,0.00,NORMAL
05/05/26,6054,32.80,86.00,0.00,NORMAL
05/05/26,6055,32.90,86.00,0.00,NORMAL
05/05/26,6056,32.90,85.00,0.00,NORMAL
05/05/26,6057,32.90,85.00,0.00,NORMAL
05/05/26,6058,32.80,85.00,0.00,NORMAL
05/05/26,6059,32.70,86.00,0.00,NORMAL
05/05/26,6060,32.50,86.00,0.00,NORMAL
05/05/26,6061,32.70,86.00,0.00,NORMAL
05/05/26,6062,32.70,86.00,0.00,NORMAL
05/05/26,6063,32.70,86.00,0.00,NORMAL
05/05/26,6064,32.70,87.00,0.00,NORMAL
05/05/26,6065,32.70,86.00,0.00,NORMAL
05/05/26,6066,32.70,86.00,0.00,NORMAL
05/05/26,6067,32.80,86.00,0.00,NORMAL
05/05/26,6068,32.80,86.00,0.00,NORMAL
05/05/26,6069,32.90,86.00,0.00,NORMAL
05/05/26,6070,32.90,86.00,0.00,NORMAL
05/05/26,6071,32.90,86.00,0.00,NORMAL
05/05/26,6072,32.70,86.00,0.00,NORMAL
05/05/26,6073,32.80,87.00,0.00,NORMAL
05/05/26,6074,32.90,87.00,0.00,NORMAL
05/05/26,6075,32.90,87.00,0.00,NORMAL
05/05/26,6076,32.90,87.00,0.00,NORMAL
05/05/26,6077,32.90,87.00,0.00,NORMAL
05/05/26,6078,32.90,87.00,0.00,NORMAL
05/05/26,6079,33.00,88.00,0.00,NORMAL
05/05/26,6080,33.20,88.00,0.00,NORMAL
05/05/26,6081,33.20,87.00,0.00,NORMAL
05/05/26,6082,33.00,87.00,0.00,NORMAL
05/05/26,6083,33.20,87.00,0.00,NORMAL
05/05/26,6084,33.20,87.00,0.00,NORMAL
05/05/26,6085,33.20,87.00,0.00,NORMAL
05/05/26,6086,33.20,87.00,0.00,NORMAL
05/05/26,6087,33.20,87.00,0.00,NORMAL
05/05/26,6088,33.40,87.00,0.00,NORMAL
05/05/26,6089,33.40,87.00,0.00,NORMAL
05/05/26,6090,33.40,87.00,0.00,NORMAL
05/05/26,6091,33.40,87.00,0.00,NORMAL
05/05/26,6092,33.40,86.00,0.00,NORMAL
05/05/26,6093,33.40,86.00,0.00,NORMAL
05/05/26,6094,33.40,86.00,0.00,NORMAL
05/05/26,6095,33.40,86.00,0.00,NORMAL
05/05/26,6096,33.40,86.00,0.00,NORMAL
05/05/26,6097,33.20,86.00,0.00,NORMAL
05/05/26,6098,33.20,86.00,0.00,NORMAL
05/05/26,6099,33.20,87.00,0.00,NORMAL
05/05/26,6100,33.20,87.00,0.00,NORMAL
05/05/26,6101,33.00,87.00,0.00,NORMAL
05/05/26,6102,33.00,88.00,0.00,NORMAL
05/05/26,6103,33.00,88.00,0.00,NORMAL
05/05/26,6104,33.00,87.00,0.00,NORMAL
05/05/26,6105,32.90,87.00,0.00,NORMAL
05/05/26,6106,32.90,87.00,0.00,NORMAL
05/05/26,6107,32.90,87.00,0.00,NORMAL
05/05/26,6108,32.90,87.00,0.00,NORMAL
05/05/26,6109,32.90,87.00,0.00,NORMAL
05/05/26,6110,32.90,88.00,0.00,NORMAL
05/05/26,6111,32.90,88.00,0.00,NORMAL
05/05/26,6112,32.90,87.00,0.00,NORMAL
05/05/26,6113,32.90,88.00,0.00,NORMAL
05/05/26,6114,32.90,88.00,0.00,NORMAL
05/05/26,6115,32.90,87.00,0.00,NORMAL
05/05/26,6116,32.90,87.00,0.00,NORMAL
05/05/26,6117,32.80,87.00,0.00,NORMAL
05/05/26,6118,32.80,88.00,0.00,NORMAL
05/05/26,6119,32.80,88.00,0.00,NORMAL
05/05/26,6120,32.80,88.00,0.00,NORMAL
05/05/26,6121,32.80,88.00,0.00,NORMAL
05/05/26,6122,32.80,88.00,0.00,NORMAL
05/05/26,6123,32.80,89.00,0.00,NORMAL
05/05/26,6124,32.80,89.00,0.00,NORMAL
05/05/26,6125,32.80,89.00,0.00,NORMAL
05/05/26,6126,32.80,89.00,0.00,NORMAL
05/05/26,6127,32.80,89.00,0.00,NORMAL
05/05/26,6128,32.80,89.00,0.00,NORMAL
05/05/26,6129,32.80,89.00,0.00,NORMAL
05/05/26,6130,32.70,89.00,0.00,NORMAL
05/05/26,6131,32.80,89.00,0.00,NORMAL
05/05/26,6132,32.90,90.00,0.00,NORMAL
05/05/26,6133,32.90,90.00,0.00,NORMAL
05/05/26,6134,32.90,90.00,0.00,NORMAL
05/05/26,6135,32.90,90.00,0.00,NORMAL
05/05/26,6136,32.90,90.00,0.00,NORMAL
05/05/26,6137,32.90,90.00,0.00,NORMAL
05/05/26,6138,32.90,90.00,0.00,NORMAL
05/05/26,6139,33.00,91.00,0.00,NORMAL
05/05/26,6140,33.00,91.00,0.00,NORMAL
05/05/26,6141,33.00,91.00,0.00,NORMAL
05/05/26,6142,33.00,91.00,0.00,NORMAL
05/05/26,6143,33.20,91.00,0.00,NORMAL
05/05/26,6144,33.10,91.00,0.00,NORMAL
05/05/26,6145,33.10,91.00,0.00,NORMAL
05/05/26,6146,33.20,91.00,0.00,NORMAL
05/05/26,6147,33.20,91.00,0.00,NORMAL
05/05/26,6148,33.20,91.00,0.00,NORMAL
05/05/26,6149,33.40,90.00,0.00,NORMAL
05/05/26,6150,33.40,90.00,0.00,NORMAL
05/05/26,6151,33.40,90.00,0.00,NORMAL
05/05/26,6152,33.20,90.00,0.00,NORMAL
05/05/26,6153,33.20,90.00,0.00,NORMAL
05/05/26,6154,33.20,90.00,0.00,NORMAL
05/05/26,6155,33.20,90.00,0.00,NORMAL
05/05/26,6156,33.10,90.00,0.00,NORMAL
05/05/26,6157,33.00,91.00,0.00,NORMAL
05/05/26,6158,33.00,91.00,0.00,NORMAL
05/05/26,6159,32.90,90.00,0.00,NORMAL
05/05/26,6160,32.90,91.00,0.00,NORMAL
05/05/26,6161,32.90,91.00,0.00,NORMAL
05/05/26,6162,32.90,91.00,0.00,NORMAL
05/05/26,6163,32.90,91.00,0.00,NORMAL
05/05/26,6164,32.90,91.00,0.00,NORMAL
05/05/26,6165,32.80,91.00,0.00,NORMAL
05/05/26,6166,32.90,91.00,0.00,NORMAL
05/05/26,6167,32.80,91.00,0.00,NORMAL
05/05/26,6168,32.90,91.00,0.00,NORMAL
05/05/26,6169,32.90,92.00,0.00,NORMAL
05/05/26,6170,32.90,91.00,0.00,NORMAL
05/05/26,6171,32.90,91.00,0.00,NORMAL
05/05/26,6172,32.80,92.00,0.00,NORMAL
05/05/26,6173,32.80,92.00,0.00,NORMAL
05/05/26,6174,32.80,92.00,0.00,NORMAL
05/05/26,6175,32.70,92.00,0.00,NORMAL
05/05/26,6176,32.70,92.00,0.00,NORMAL
05/05/26,6177,32.70,92.00,0.00,NORMAL
05/05/26,6178,32.70,92.00,0.00,NORMAL
05/05/26,6179,32.70,93.00,0.00,NORMAL
05/05/26,6180,32.70,93.00,0.00,NORMAL
05/05/26,6181,32.70,93.00,0.00,NORMAL
05/05/26,6182,32.70,93.00,0.00,NORMAL
05/05/26,6183,32.70,94.00,0.00,NORMAL
05/05/26,6184,32.70,94.00,0.00,NORMAL
05/05/26,6185,32.50,94.00,0.00,NORMAL
05/05/26,6186,32.50,94.00,0.00,NORMAL
05/05/26,6187,32.40,95.00,0.00,NORMAL
05/05/26,6188,32.40,95.00,0.00,NORMAL
05/05/26,6189,32.40,95.00,0.00,NORMAL
05/05/26,6190,32.30,95.00,0.00,NORMAL
05/05/26,6191,32.40,95.00,0.00,NORMAL
05/05/26,6192,32.40,95.00,0.00,NORMAL
05/05/26,6193,32.40,95.00,0.00,NORMAL
05/05/26,6194,32.40,95.00,0.00,NORMAL
05/05/26,6195,32.40,95.00,0.00,NORMAL
05/05/26,6196,32.40,95.00,0.00,NORMAL
05/05/26,6197,32.40,95.00,0.00,NORMAL
05/05/26,6198,32.40,95.00,0.00,NORMAL
05/05/26,6199,32.40,95.00,0.00,NORMAL
05/05/26,6200,32.30,95.00,0.00,NORMAL
05/05/26,6201,32.40,95.00,0.00,NORMAL
05/05/26,6202,32.40,95.00,0.00,NORMAL
05/05/26,6203,32.40,95.00,0.00,NORMAL
05/05/26,6204,32.40,95.00,0.00,NORMAL
05/05/26,6205,32.30,95.00,0.00,NORMAL
05/05/26,6206,32.40,95.00,0.00,NORMAL
05/05/26,6207,32.40,95.00,0.00,NORMAL
05/05/26,6208,32.40,95.00,0.00,NORMAL
05/05/26,6209,32.40,95.00,0.00,NORMAL
05/05/26,6210,32.40,95.00,0.00,NORMAL
05/05/26,6211,32.40,95.00,0.00,NORMAL
05/05/26,6212,32.40,95.00,0.00,NORMAL
05/05/26,6213,32.30,95.00,0.00,NORMAL
05/05/26,6214,32.30,95.00,0.00,NORMAL
05/05/26,6215,32.20,95.00,0.00,NORMAL
05/05/26,6216,32.20,95.00,0.00,NORMAL
05/05/26,6217,32.10,95.00,0.00,NORMAL
05/05/26,6218,32.10,95.00,0.00,NORMAL
05/05/26,6219,32.00,95.00,0.00,NORMAL
05/05/26,6220,32.00,95.00,0.00,NORMAL
05/05/26,6221,32.00,95.00,0.00,NORMAL
05/05/26,6222,32.00,95.00,0.00,NORMAL
05/05/26,6223,32.00,95.00,0.00,NORMAL
05/05/26,6224,32.10,95.00,0.00,NORMAL
05/05/26,6225,32.10,95.00,0.00,NORMAL
05/05/26,6226,32.10,95.00,0.00,NORMAL
05/05/26,6227,32.10,95.00,0.00,NORMAL
05/05/26,6228,32.10,95.00,0.00,NORMAL
05/05/26,6229,32.10,95.00,0.00,NORMAL
05/05/26,6230,32.10,95.00,0.00,NORMAL
05/05/26,6231,32.10,95.00,0.00,NORMAL
05/05/26,6232,32.10,95.00,0.00,NORMAL
05/05/26,6233,32.10,95.00,0.00,NORMAL
05/05/26,6234,32.10,95.00,0.00,NORMAL
05/05/26,6235,32.10,95.00,0.00,NORMAL
05/05/26,6236,32.00,95.00,0.00,NORMAL
05/05/26,6237,32.00,95.00,0.00,NORMAL
05/05/26,6238,32.00,95.00,0.00,NORMAL
05/05/26,6239,31.90,95.00,0.00,NORMAL
05/05/26,6240,31.90,95.00,0.00,NORMAL
05/05/26,6241,32.00,95.00,0.00,NORMAL
05/05/26,6242,31.90,95.00,0.00,NORMAL
05/05/26,6243,31.90,95.00,0.00,NORMAL
05/05/26,6244,32.00,95.00,0.00,NORMAL
05/05/26,6245,32.10,95.00,0.00,NORMAL
05/05/26,6246,32.00,95.00,0.00,NORMAL
05/05/26,6247,31.90,95.00,0.00,NORMAL
05/05/26,6248,31.90,95.00,0.00,NORMAL
05/05/26,6249,31.90,95.00,0.00,NORMAL
05/05/26,6250,31.90,95.00,0.00,NORMAL
05/05/26,6251,31.90,95.00,0.00,NORMAL
05/05/26,6252,31.90,95.00,0.00,NORMAL
05/05/26,6253,31.90,95.00,0.00,NORMAL
05/05/26,6254,31.90,95.00,0.00,NORMAL
05/05/26,6255,31.90,95.00,0.00,NORMAL
05/05/26,6256,31.90,95.00,0.00,NORMAL
05/05/26,6257,31.90,95.00,0.00,NORMAL
05/05/26,6258,31.90,95.00,0.00,NORMAL
05/05/26,6259,31.90,95.00,0.00,NORMAL
05/05/26,6260,31.90,95.00,0.00,NORMAL
05/05/26,6261,31.90,95.00,0.00,NORMAL
05/05/26,6262,31.90,95.00,0.00,NORMAL
05/05/26,6263,31.90,95.00,0.00,NORMAL
05/05/26,6264,31.90,95.00,0.00,NORMAL
05/05/26,6265,31.90,95.00,0.00,NORMAL
05/05/26,6266,31.90,95.00,0.00,NORMAL
05/05/26,6267,31.90,95.00,0.00,NORMAL
05/05/26,6268,31.80,95.00,0.00,NORMAL
05/05/26,6269,31.90,95.00,0.00,NORMAL
05/05/26,6270,31.90,95.00,0.00,NORMAL
05/05/26,6271,31.90,95.00,0.00,NORMAL
05/05/26,6272,31.90,95.00,0.00,NORMAL
05/05/26,6273,31.90,95.00,0.00,NORMAL
05/05/26,6274,31.90,95.00,0.00,NORMAL
05/05/26,6275,31.80,95.00,0.00,NORMAL
05/05/26,6276,31.70,95.00,0.00,NORMAL
05/05/26,6277,31.70,95.00,0.00,NORMAL
05/05/26,6278,31.70,95.00,0.00,NORMAL
05/05/26,6279,31.70,95.00,0.00,NORMAL
05/05/26,6280,31.60,95.00,0.00,NORMAL
05/05/26,6281,31.60,95.00,0.00,NORMAL
05/05/26,6282,31.70,95.00,0.00,NORMAL
05/05/26,6283,31.70,95.00,0.00,NORMAL
05/05/26,6284,31.70,95.00,0.00,NORMAL
05/05/26,6285,31.60,95.00,0.00,NORMAL
05/05/26,6286,31.60,95.00,0.00,NORMAL
05/05/26,6287,31.60,95.00,0.00,NORMAL
05/05/26,6288,31.50,95.00,0.00,NORMAL
05/05/26,6289,31.50,95.00,0.00,NORMAL
05/05/26,6290,31.60,95.00,0.00,NORMAL
05/05/26,6291,31.60,95.00,0.00,NORMAL
05/05/26,6292,31.60,95.00,0.00,NORMAL
05/05/26,6293,31.50,95.00,0.00,NORMAL
05/05/26,6294,31.50,95.00,0.00,NORMAL
05/05/26,6295,31.60,95.00,0.00,NORMAL
05/05/26,6296,31.60,95.00,0.00,NORMAL
05/05/26,6297,31.60,95.00,0.00,NORMAL
05/05/26,6298,31.60,95.00,0.00,NORMAL
05/05/26,6299,31.60,95.00,0.00,NORMAL
05/05/26,6300,31.70,95.00,0.00,NORMAL
05/05/26,6301,31.70,95.00,0.00,NORMAL
05/05/26,6302,31.70,95.00,0.00,NORMAL
05/05/26,6303,31.70,95.00,0.00,NORMAL
05/05/26,6304,31.70,95.00,0.00,NORMAL
05/05/26,6305,31.70,95.00,0.00,NORMAL
05/05/26,6306,31.70,95.00,0.00,NORMAL
05/05/26,6307,31.80,95.00,0.00,NORMAL
05/05/26,6308,31.80,95.00,0.00,NORMAL
05/05/26,6309,31.80,95.00,0.00,NORMAL
05/05/26,6310,31.80,95.00,0.00,NORMAL
05/05/26,6311,31.80,95.00,0.00,NORMAL
05/05/26,6312,31.80,95.00,0.00,NORMAL
05/05/26,6313,31.80,95.00,0.00,NORMAL
05/05/26,6314,31.70,95.00,0.00,NORMAL
05/05/26,6315,31.70,95.00,0.00,NORMAL
05/05/26,6316,31.70,95.00,0.00,NORMAL
05/05/26,6317,31.70,95.00,0.00,NORMAL
05/05/26,6318,31.70,95.00,0.00,NORMAL
05/05/26,6319,31.70,95.00,0.00,NORMAL
05/05/26,6320,31.70,95.00,0.00,NORMAL
05/05/26,6321,31.70,95.00,0.00,NORMAL
05/05/26,6322,31.70,95.00,0.00,NORMAL
05/05/26,6323,31.70,95.00,0.00,NORMAL
05/05/26,6324,31.70,95.00,0.00,NORMAL
05/05/26,6325,31.70,95.00,0.00,NORMAL
05/05/26,6326,31.70,95.00,0.00,NORMAL
05/05/26,6327,31.80,95.00,0.00,NORMAL
05/05/26,6328,31.80,95.00,0.00,NORMAL
05/05/26,6329,31.80,95.00,0.00,NORMAL
05/05/26,6330,31.80,95.00,0.00,NORMAL
05/05/26,6331,31.80,95.00,0.00,NORMAL
05/05/26,6332,31.80,95.00,0.00,NORMAL
05/05/26,6333,31.80,95.00,0.00,NORMAL
05/05/26,6334,31.80,95.00,0.00,NORMAL
05/05/26,6335,31.80,95.00,0.00,NORMAL
05/05/26,6336,31.80,95.00,0.00,NORMAL
05/05/26,6337,31.80,95.00,0.00,NORMAL
05/05/26,6338,31.90,95.00,0.00,NORMAL
05/05/26,6339,31.90,95.00,0.00,NORMAL
05/05/26,6340,31.90,95.00,0.00,NORMAL
05/05/26,6341,31.90,95.00,0.00,NORMAL
05/05/26,6342,31.90,95.00,0.00,NORMAL
05/05/26,6343,31.90,95.00,0.00,NORMAL
05/05/26,6344,31.90,95.00,0.00,NORMAL
05/05/26,6345,31.90,95.00,0.00,NORMAL
05/05/26,6346,31.90,95.00,0.00,NORMAL
05/05/26,6347,31.90,95.00,0.00,NORMAL
05/05/26,6348,31.90,95.00,0.00,NORMAL
05/05/26,6349,31.80,95.00,0.00,NORMAL
05/05/26,6350,31.80,95.00,0.00,NORMAL
05/05/26,6351,31.80,95.00,0.00,NORMAL
05/05/26,6352,31.80,95.00,0.00,NORMAL
05/05/26,6353,31.80,95.00,0.00,NORMAL
05/05/26,6354,31.80,95.00,0.00,NORMAL
05/05/26,6355,31.70,95.00,0.00,NORMAL
05/05/26,6356,31.70,95.00,0.00,NORMAL
05/05/26,6357,31.70,95.00,0.00,NORMAL
05/05/26,6358,31.70,95.00,0.00,NORMAL
05/05/26,6359,31.70,95.00,0.00,NORMAL
05/05/26,6360,31.70,95.00,0.00,NORMAL
05/05/26,6361,31.70,95.00,0.00,NORMAL
05/05/26,6362,31.80,95.00,0.00,NORMAL
05/05/26,6363,31.70,95.00,0.00,NORMAL
05/05/26,6364,31.80,95.00,0.00,NORMAL
05/05/26,6365,31.70,95.00,0.00,NORMAL
05/05/26,6366,31.70,95.00,0.00,NORMAL
05/05/26,6367,31.60,95.00,0.00,NORMAL
05/05/26,6368,31.60,95.00,0.00,NORMAL
05/05/26,6369,31.60,95.00,0.00,NORMAL
05/05/26,6370,31.70,95.00,0.00,NORMAL
05/05/26,6371,31.70,95.00,0.00,NORMAL
05/05/26,6372,31.70,95.00,0.00,NORMAL
05/05/26,6373,31.70,95.00,0.00,NORMAL
05/05/26,6374,31.70,95.00,0.00,NORMAL
05/05/26,6375,31.60,95.00,0.00,NORMAL
05/05/26,6376,31.60,95.00,0.00,NORMAL
05/05/26,6377,31.60,95.00,0.00,NORMAL
05/05/26,6378,31.50,95.00,0.00,NORMAL
05/05/26,6379,31.50,95.00,0.00,NORMAL
05/05/26,6380,31.50,95.00,0.00,NORMAL
05/05/26,6381,31.50,95.00,0.00,NORMAL
05/05/26,6382,31.50,95.00,0.00,NORMAL
05/05/26,6383,31.50,95.00,0.00,NORMAL
05/05/26,6384,31.50,95.00,0.00,NORMAL
05/05/26,6385,31.50,95.00,0.00,NORMAL
05/05/26,6386,31.50,95.00,0.00,NORMAL
05/05/26,6387,31.50,95.00,0.00,NORMAL
05/05/26,6388,31.50,95.00,0.00,NORMAL
05/05/26,6389,31.40,95.00,0.00,NORMAL
05/05/26,6390,31.50,95.00,0.00,NORMAL
05/05/26,6391,31.40,95.00,0.00,NORMAL
05/05/26,6392,31.40,95.00,0.00,NORMAL
05/05/26,6393,31.40,95.00,0.00,NORMAL
05/05/26,6394,31.40,95.00,0.00,NORMAL
05/05/26,6395,31.40,95.00,0.00,NORMAL
05/05/26,6396,31.40,95.00,0.00,NORMAL
05/05/26,6397,31.40,95.00,0.00,NORMAL
05/05/26,6398,31.40,95.00,0.00,NORMAL
05/05/26,6399,31.40,95.00,0.00,NORMAL
05/05/26,6400,31.40,95.00,0.00,NORMAL
05/05/26,6401,31.40,95.00,0.00,NORMAL
05/05/26,6402,31.40,95.00,0.00,NORMAL
05/05/26,6403,31.40,95.00,0.00,NORMAL
05/05/26,6404,31.40,95.00,0.00,NORMAL
05/05/26,6405,31.40,95.00,0.00,NORMAL
05/05/26,6406,31.40,95.00,0.00,NORMAL
05/05/26,6407,31.40,95.00,0.00,NORMAL
05/05/26,6408,31.40,95.00,0.00,NORMAL
05/05/26,6409,31.20,95.00,0.00,NORMAL
06/05/26,6410,35.40,79.00,0.10,NORMAL
06/05/26,6411,35.60,80.00,0.05,NORMAL
06/05/26,6412,35.30,79.00,0.15,NORMAL
06/05/26,6413,35.20,80.00,0.15,NORMAL
06/05/26,6414,35.20,80.00,0.05,NORMAL
06/05/26,6415,35.30,80.00,0.00,NORMAL
06/05/26,6416,35.30,80.00,0.25,NORMAL
06/05/26,6417,35.40,80.00,0.05,NORMAL
06/05/26,6418,35.60,80.00,0.00,NORMAL
06/05/26,6419,35.80,79.00,0.10,NORMAL
06/05/26,6420,35.80,79.00,0.05,NORMAL
06/05/26,6421,35.60,79.00,0.00,NORMAL
06/05/26,6422,35.60,79.00,0.00,NORMAL
06/05/26,6423,35.60,79.00,0.15,NORMAL
06/05/26,6424,35.70,78.00,0.10,NORMAL
06/05/26,6425,35.70,78.00,0.05,NORMAL
06/05/26,6426,35.70,77.00,0.00,NORMAL
06/05/26,6427,35.70,76.00,0.10,NORMAL
06/05/26,6428,35.70,75.00,0.10,NORMAL
06/05/26,6429,35.60,76.00,0.15,NORMAL
06/05/26,6430,35.50,76.00,0.05,NORMAL
06/05/26,6431,35.40,77.00,0.05,NORMAL
06/05/26,6432,35.30,78.00,0.10,NORMAL
06/05/26,6433,35.30,78.00,0.10,NORMAL
06/05/26,6434,35.30,78.00,0.05,NORMAL
06/05/26,6435,35.50,77.00,0.15,NORMAL
06/05/26,6436,35.70,77.00,0.05,NORMAL
06/05/26,6437,35.90,76.00,0.10,NORMAL
06/05/26,6438,36.00,77.00,0.05,NORMAL
06/05/26,6439,36.10,76.00,0.20,WARNING
06/05/26,6440,36.10,76.00,0.10,WARNING
06/05/26,6441,36.10,76.00,0.10,WARNING
06/05/26,6442,35.90,75.00,0.05,NORMAL
06/05/26,6443,35.80,76.00,0.00,NORMAL
06/05/26,6444,35.70,76.00,0.10,NORMAL
06/05/26,6445,35.60,77.00,0.00,NORMAL
06/05/26,6446,35.70,77.00,0.10,NORMAL
06/05/26,6447,35.70,77.00,0.05,NORMAL
06/05/26,6448,35.70,77.00,0.20,NORMAL
06/05/26,6449,35.80,77.00,0.05,NORMAL
06/05/26,6450,35.70,77.00,0.15,NORMAL
06/05/26,6451,35.80,76.00,0.05,NORMAL
06/05/26,6452,35.80,77.00,0.05,NORMAL
06/05/26,6453,35.70,77.00,0.00,NORMAL
06/05/26,6454,35.70,77.00,0.15,NORMAL
06/05/26,6455,35.70,77.00,0.05,NORMAL
06/05/26,6456,35.80,77.00,0.10,NORMAL
06/05/26,6457,35.70,77.00,0.00,NORMAL
06/05/26,6458,35.90,77.00,0.00,NORMAL
06/05/26,6459,36.20,77.00,0.05,WARNING
06/05/26,6460,36.20,76.00,0.00,WARNING
06/05/26,6461,36.30,76.00,0.10,WARNING
06/05/26,6462,36.30,76.00,0.05,WARNING
06/05/26,6463,36.30,76.00,0.05,WARNING
06/05/26,6464,36.60,76.00,0.10,WARNING
06/05/26,6465,36.70,76.00,0.00,WARNING
06/05/26,6466,36.80,75.00,0.05,WARNING
06/05/26,6467,37.00,75.00,0.00,WARNING
06/05/26,6468,37.00,74.00,0.05,WARNING
06/05/26,6469,37.30,74.00,0.10,WARNING
06/05/26,6470,37.40,75.00,0.00,WARNING
06/05/26,6471,37.50,74.00,0.10,WARNING
06/05/26,6472,37.60,73.00,0.05,WARNING
06/05/26,6473,37.70,73.00,0.05,WARNING
06/05/26,6474,37.70,72.00,0.05,WARNING
06/05/26,6475,37.70,71.00,0.05,WARNING
06/05/26,6476,37.80,72.00,0.05,WARNING
06/05/26,6477,37.80,72.00,0.10,WARNING
06/05/26,6478,37.70,71.00,0.00,WARNING
06/05/26,6479,37.80,71.00,0.00,WARNING
06/05/26,6480,37.70,71.00,0.00,WARNING
06/05/26,6481,37.70,71.00,0.00,WARNING
06/05/26,6482,37.70,71.00,0.55,WARNING
06/05/26,6483,37.70,70.00,0.00,WARNING
06/05/26,6484,37.50,71.00,0.00,WARNING
06/05/26,6485,37.50,72.00,0.00,WARNING
06/05/26,6486,37.20,72.00,0.00,WARNING
06/05/26,6487,37.10,73.00,0.00,WARNING
06/05/26,6488,37.00,73.00,0.00,WARNING
06/05/26,6489,37.00,73.00,0.00,WARNING
06/05/26,6490,37.00,73.00,0.00,WARNING
06/05/26,6491,36.90,73.00,0.00,WARNING
06/05/26,6492,36.90,73.00,0.05,WARNING
06/05/26,6493,37.10,73.00,0.05,WARNING
06/05/26,6494,36.70,73.00,0.05,WARNING
06/05/26,6495,36.70,73.00,0.20,WARNING
06/05/26,6496,36.70,73.00,0.10,WARNING
06/05/26,6497,36.70,73.00,0.00,WARNING
06/05/26,6498,36.70,73.00,0.10,WARNING
06/05/26,6499,36.90,73.00,0.00,WARNING
06/05/26,6500,37.00,72.00,0.00,WARNING
06/05/26,6501,37.20,71.00,0.05,WARNING
06/05/26,6502,37.30,71.00,0.00,WARNING
06/05/26,6503,37.30,71.00,0.00,WARNING
06/05/26,6504,37.40,70.00,0.05,WARNING
06/05/26,6505,37.40,70.00,0.00,WARNING
06/05/26,6506,37.50,70.00,0.05,WARNING
06/05/26,6507,37.40,70.00,0.00,WARNING
06/05/26,6508,37.40,70.00,0.05,WARNING
06/05/26,6509,37.40,71.00,0.25,WARNING
06/05/26,6510,37.20,71.00,0.00,WARNING
06/05/26,6511,37.20,70.00,0.15,WARNING
06/05/26,6512,37.00,71.00,0.20,WARNING
06/05/26,6513,37.00,72.00,0.10,WARNING
06/05/26,6514,37.00,72.00,0.00,WARNING
06/05/26,6515,37.30,72.00,0.10,WARNING
06/05/26,6516,37.30,72.00,0.10,WARNING
06/05/26,6517,37.30,71.00,0.10,WARNING
06/05/26,6518,37.30,71.00,0.15,WARNING
06/05/26,6519,37.40,71.00,0.25,WARNING
06/05/26,6520,37.30,70.00,0.10,WARNING
06/05/26,6521,37.30,70.00,0.20,WARNING
06/05/26,6522,37.20,70.00,0.20,WARNING
06/05/26,6523,37.00,71.00,0.05,WARNING
06/05/26,6524,37.00,71.00,0.00,WARNING
06/05/26,6525,37.00,71.00,0.15,WARNING
06/05/26,6526,37.20,71.00,0.10,WARNING
06/05/26,6527,37.00,70.00,0.10,WARNING
06/05/26,6528,37.00,71.00,0.05,WARNING
06/05/26,6529,36.90,71.00,0.10,WARNING
06/05/26,6530,36.90,71.00,0.25,WARNING
06/05/26,6531,36.90,71.00,0.05,WARNING
06/05/26,6532,37.00,71.00,0.40,WARNING
06/05/26,6533,37.00,71.00,0.15,WARNING
06/05/26,6534,37.00,71.00,0.15,WARNING
06/05/26,6535,36.80,71.00,0.00,WARNING
06/05/26,6536,36.70,71.00,0.00,WARNING
06/05/26,6537,36.70,71.00,0.00,WARNING
06/05/26,6538,36.70,71.00,0.00,WARNING
06/05/26,6539,36.80,72.00,0.00,WARNING
06/05/26,6540,36.70,72.00,0.00,WARNING
06/05/26,6541,36.70,72.00,0.00,WARNING
06/05/26,6542,36.70,72.00,0.00,WARNING
06/05/26,6543,36.70,72.00,0.00,WARNING
06/05/26,6544,36.70,72.00,0.05,WARNING
06/05/26,6545,36.70,72.00,0.00,WARNING
06/05/26,6546,36.60,72.00,0.00,WARNING
06/05/26,6547,36.60,72.00,0.05,WARNING
06/05/26,6548,36.60,72.00,0.30,WARNING
06/05/26,6549,36.60,72.00,0.00,WARNING
06/05/26,6550,36.60,72.00,0.05,WARNING
06/05/26,6551,36.70,72.00,0.10,WARNING
06/05/26,6552,36.70,72.00,0.35,WARNING
06/05/26,6553,36.80,72.00,0.20,WARNING
06/05/26,6554,36.90,71.00,0.30,WARNING
06/05/26,6555,36.90,71.00,0.20,WARNING
06/05/26,6556,37.00,71.00,0.35,WARNING
06/05/26,6557,36.90,69.00,0.40,WARNING
06/05/26,6558,36.80,69.00,0.10,WARNING
06/05/26,6559,36.80,68.00,0.10,WARNING
06/05/26,6560,36.90,69.00,0.10,WARNING
06/05/26,6561,36.80,69.00,0.15,WARNING
06/05/26,6562,36.80,69.00,0.15,WARNING
06/05/26,6563,36.80,69.00,0.05,WARNING
06/05/26,6564,36.90,69.00,0.40,WARNING
06/05/26,6565,37.00,69.00,0.70,WARNING
06/05/26,6566,37.10,69.00,0.00,WARNING
06/05/26,6567,37.30,68.00,0.00,WARNING
06/05/26,6568,36.80,69.00,0.00,WARNING
06/05/26,6569,36.70,71.00,0.00,WARNING
06/05/26,6570,36.70,71.00,0.00,WARNING
06/05/26,6571,36.60,71.00,0.00,WARNING
06/05/26,6572,36.60,71.00,0.00,WARNING
06/05/26,6573,36.60,71.00,0.00,WARNING
06/05/26,6574,36.40,71.00,0.00,WARNING
06/05/26,6575,36.40,71.00,0.05,WARNING
06/05/26,6576,36.40,72.00,0.05,WARNING
06/05/26,6577,36.30,71.00,0.00,WARNING
06/05/26,6578,36.30,72.00,0.35,WARNING
06/05/26,6579,36.40,72.00,0.10,WARNING
06/05/26,6580,36.40,71.00,0.10,WARNING
06/05/26,6581,36.40,71.00,0.10,WARNING
06/05/26,6582,36.30,71.00,0.00,WARNING
06/05/26,6583,36.20,71.00,0.20,WARNING
06/05/26,6584,36.20,72.00,0.25,WARNING
06/05/26,6585,36.20,72.00,0.10,WARNING
06/05/26,6586,36.30,73.00,0.10,WARNING
06/05/26,6587,36.40,72.00,0.10,WARNING
06/05/26,6588,36.70,71.00,0.10,WARNING
06/05/26,6589,36.80,70.00,0.15,WARNING
06/05/26,6590,36.90,70.00,0.20,WARNING
06/05/26,6591,37.00,69.00,0.05,WARNING
06/05/26,6592,37.10,68.00,0.05,WARNING
06/05/26,6593,37.00,68.00,0.00,WARNING
06/05/26,6594,37.10,68.00,0.15,WARNING
06/05/26,6595,37.10,69.00,0.05,WARNING
06/05/26,6596,37.10,68.00,0.05,WARNING
06/05/26,6597,37.10,68.00,0.00,WARNING
06/05/26,6598,37.00,68.00,0.00,WARNING
06/05/26,6599,37.00,68.00,0.00,WARNING
06/05/26,6600,36.90,68.00,0.00,WARNING
06/05/26,6601,36.90,69.00,0.00,WARNING
06/05/26,6602,36.80,69.00,0.05,WARNING
06/05/26,6603,36.70,69.00,0.00,WARNING
06/05/26,6604,36.70,70.00,0.00,WARNING
06/05/26,6605,36.70,70.00,0.05,WARNING
06/05/26,6606,36.60,71.00,0.05,WARNING
06/05/26,6607,36.60,71.00,0.05,WARNING
06/05/26,6608,36.60,71.00,0.15,WARNING
06/05/26,6609,36.60,71.00,0.60,WARNING
06/05/26,6610,36.60,72.00,0.00,WARNING
06/05/26,6611,36.60,75.00,0.00,WARNING
06/05/26,6612,36.30,76.00,0.00,WARNING
06/05/26,6613,36.20,78.00,0.00,WARNING
06/05/26,6614,36.20,79.00,0.00,WARNING
06/05/26,6615,35.90,79.00,0.00,NORMAL
06/05/26,6616,35.90,80.00,0.00,NORMAL
06/05/26,6617,35.80,81.00,0.00,NORMAL
06/05/26,6618,35.70,81.00,0.10,NORMAL
06/05/26,6619,35.70,80.00,0.05,NORMAL
06/05/26,6620,35.70,81.00,0.05,NORMAL
06/05/26,6621,35.70,82.00,0.10,NORMAL
06/05/26,6622,35.70,82.00,0.35,NORMAL
06/05/26,6623,35.70,82.00,0.00,NORMAL
06/05/26,6624,35.70,81.00,0.05,NORMAL
06/05/26,6625,35.70,81.00,0.05,NORMAL
06/05/26,6626,35.70,82.00,0.05,NORMAL
06/05/26,6627,35.70,82.00,0.05,NORMAL
06/05/26,6628,35.70,82.00,0.05,NORMAL
06/05/26,6629,35.80,82.00,0.00,NORMAL
06/05/26,6630,35.90,82.00,0.25,NORMAL
06/05/26,6631,35.90,82.00,0.10,NORMAL
06/05/26,6632,35.90,82.00,0.20,NORMAL
06/05/26,6633,35.90,82.00,0.00,NORMAL
06/05/26,6634,35.90,83.00,0.00,NORMAL
06/05/26,6635,35.90,82.00,0.05,NORMAL
06/05/26,6636,35.80,82.00,0.55,NORMAL
06/05/26,6637,35.80,83.00,0.05,NORMAL
06/05/26,6638,35.70,83.00,0.00,NORMAL
06/05/26,6639,35.70,83.00,0.00,NORMAL
06/05/26,6640,35.60,83.00,0.00,NORMAL
06/05/26,6641,35.40,84.00,0.00,NORMAL
06/05/26,6642,35.30,84.00,0.00,NORMAL
06/05/26,6643,35.00,85.00,0.00,NORMAL
06/05/26,6644,34.90,86.00,0.00,NORMAL
06/05/26,6645,34.90,86.00,0.00,NORMAL
06/05/26,6646,34.90,86.00,0.10,NORMAL
06/05/26,6647,34.90,86.00,0.05,NORMAL
06/05/26,6648,35.00,86.00,0.05,NORMAL
06/05/26,6649,34.90,87.00,0.10,NORMAL
06/05/26,6650,34.90,87.00,0.00,NORMAL
06/05/26,6651,35.00,87.00,0.00,NORMAL
06/05/26,6652,35.20,87.00,0.05,NORMAL
06/05/26,6653,35.20,87.00,0.00,NORMAL
06/05/26,6654,35.20,87.00,0.00,NORMAL
06/05/26,6655,35.20,87.00,0.10,NORMAL
06/05/26,6656,35.30,87.00,0.20,NORMAL
06/05/26,6657,35.30,86.00,0.05,NORMAL
06/05/26,6658,35.30,86.00,0.15,NORMAL
06/05/26,6659,35.20,86.00,0.00,NORMAL
06/05/26,6660,35.00,87.00,0.45,NORMAL
06/05/26,6661,34.90,87.00,0.00,NORMAL
06/05/26,6662,34.90,88.00,0.00,NORMAL
06/05/26,6663,34.80,88.00,0.00,NORMAL
06/05/26,6664,34.70,88.00,0.00,NORMAL
06/05/26,6665,34.70,88.00,0.00,NORMAL
06/05/26,6666,34.50,89.00,0.00,NORMAL
06/05/26,6667,34.50,90.00,0.00,NORMAL
06/05/26,6668,34.40,90.00,0.00,NORMAL
06/05/26,6669,34.30,91.00,0.00,NORMAL
06/05/26,6670,34.40,91.00,0.00,NORMAL
06/05/26,6671,34.40,91.00,0.00,NORMAL
06/05/26,6672,34.40,92.00,0.05,NORMAL
06/05/26,6673,34.40,93.00,0.00,NORMAL
06/05/26,6674,34.40,93.00,0.10,NORMAL
06/05/26,6675,34.40,93.00,0.15,NORMAL
06/05/26,6676,34.50,94.00,0.00,NORMAL
06/05/26,6677,34.40,94.00,0.00,NORMAL
06/05/26,6678,34.40,94.00,0.05,NORMAL
06/05/26,6679,34.50,94.00,0.00,NORMAL
06/05/26,6680,34.50,94.00,0.00,NORMAL
06/05/26,6681,34.70,94.00,0.05,NORMAL
06/05/26,6682,34.70,94.00,0.55,NORMAL
06/05/26,6683,34.70,94.00,0.00,NORMAL
06/05/26,6684,34.70,94.00,0.00,NORMAL
06/05/26,6685,34.90,94.00,0.00,NORMAL
06/05/26,6686,35.00,94.00,0.00,NORMAL
06/05/26,6687,35.00,93.00,0.00,NORMAL
06/05/26,6688,35.00,93.00,0.00,NORMAL
06/05/26,6689,35.10,93.00,0.00,NORMAL
06/05/26,6690,35.10,93.00,0.00,NORMAL
06/05/26,6691,35.10,93.00,0.00,NORMAL
06/05/26,6692,35.20,93.00,0.15,NORMAL
06/05/26,6693,35.30,94.00,0.05,NORMAL
06/05/26,6694,35.30,91.00,0.15,NORMAL
06/05/26,6695,35.40,91.00,0.50,NORMAL
06/05/26,6696,35.30,91.00,0.10,NORMAL
06/05/26,6697,35.40,91.00,0.05,NORMAL
06/05/26,6698,35.40,91.00,0.15,NORMAL
06/05/26,6699,35.60,91.00,0.05,NORMAL
06/05/26,6700,35.60,91.00,0.05,NORMAL
06/05/26,6701,35.50,88.00,0.15,NORMAL
06/05/26,6702,35.60,88.00,0.00,NORMAL
06/05/26,6703,35.50,89.00,0.05,NORMAL
06/05/26,6704,35.60,89.00,0.10,NORMAL
06/05/26,6705,35.60,90.00,0.00,NORMAL
06/05/26,6706,35.60,90.00,0.05,NORMAL
06/05/26,6707,35.70,90.00,0.00,NORMAL
06/05/26,6708,35.80,90.00,0.50,NORMAL
06/05/26,6709,35.80,90.00,0.00,NORMAL
06/05/26,6710,36.00,90.00,0.00,NORMAL
06/05/26,6711,36.00,90.00,0.00,NORMAL
06/05/26,6712,35.90,90.00,0.00,NORMAL
06/05/26,6713,35.80,89.00,0.00,NORMAL
06/05/26,6714,35.80,88.00,0.00,NORMAL
06/05/26,6715,35.70,88.00,0.00,NORMAL
06/05/26,6716,35.60,89.00,0.00,NORMAL
06/05/26,6717,35.50,89.00,0.00,NORMAL
06/05/26,6718,35.40,90.00,0.05,NORMAL
06/05/26,6719,35.30,90.00,0.00,NORMAL
06/05/26,6720,35.20,91.00,0.15,NORMAL
06/05/26,6721,35.20,92.00,0.30,NORMAL
06/05/26,6722,35.20,92.00,0.00,NORMAL
06/05/26,6723,35.20,92.00,0.05,NORMAL
06/05/26,6724,35.40,92.00,0.00,NORMAL
06/05/26,6725,35.60,92.00,0.00,NORMAL
06/05/26,6726,35.70,89.00,0.10,NORMAL
06/05/26,6727,35.70,89.00,0.00,NORMAL
06/05/26,6728,35.80,88.00,0.15,NORMAL
06/05/26,6729,35.80,88.00,0.05,NORMAL
06/05/26,6730,35.90,88.00,0.10,NORMAL
06/05/26,6731,35.80,87.00,0.05,NORMAL
06/05/26,6732,35.70,87.00,0.05,NORMAL
06/05/26,6733,35.90,86.00,0.05,NORMAL
06/05/26,6734,35.90,87.00,0.15,NORMAL
06/05/26,6735,35.90,87.00,1.40,NORMAL
06/05/26,6736,35.80,87.00,0.05,NORMAL
06/05/26,6737,35.70,87.00,0.05,NORMAL
06/05/26,6738,35.60,88.00,0.00,NORMAL
06/05/26,6739,35.50,89.00,0.00,NORMAL
06/05/26,6740,35.50,90.00,0.00,NORMAL
06/05/26,6741,35.40,91.00,0.00,NORMAL
06/05/26,6742,35.40,91.00,0.00,NORMAL
06/05/26,6743,35.30,90.00,0.00,NORMAL
06/05/26,6744,35.40,89.00,0.00,NORMAL
06/05/26,6745,35.30,90.00,0.00,NORMAL
06/05/26,6746,35.40,90.00,0.05,NORMAL
06/05/26,6747,35.40,90.00,0.10,NORMAL
06/05/26,6748,35.40,90.00,0.00,NORMAL
06/05/26,6749,35.50,89.00,0.45,NORMAL
06/05/26,6750,35.50,88.00,0.00,NORMAL
06/05/26,6751,35.60,88.00,0.00,NORMAL
06/05/26,6752,35.80,87.00,0.00,NORMAL
06/05/26,6753,35.90,87.00,0.00,NORMAL
06/05/26,6754,35.90,87.00,0.00,NORMAL
06/05/26,6755,36.00,88.00,0.00,NORMAL
06/05/26,6756,35.90,87.00,0.00,NORMAL
06/05/26,6757,36.00,88.00,0.05,NORMAL
06/05/26,6758,35.70,88.00,0.00,NORMAL
06/05/26,6759,35.70,88.00,0.05,NORMAL
06/05/26,6760,35.80,88.00,0.00,NORMAL
06/05/26,6761,35.80,89.00,0.00,NORMAL
06/05/26,6762,35.90,87.00,0.05,NORMAL
06/05/26,6763,35.90,87.00,0.00,NORMAL
06/05/26,6764,35.80,87.00,0.10,NORMAL
06/05/26,6765,35.90,87.00,0.05,NORMAL
06/05/26,6766,35.90,86.00,0.10,NORMAL
06/05/26,6767,36.00,86.00,0.00,NORMAL
06/05/26,6768,35.90,84.00,1.00,NORMAL
06/05/26,6769,35.90,85.00,0.00,NORMAL
06/05/26,6770,35.80,85.00,0.00,NORMAL
06/05/26,6771,35.70,86.00,0.00,NORMAL
06/05/26,6772,35.60,87.00,0.00,NORMAL
06/05/26,6773,35.40,88.00,0.00,NORMAL
06/05/26,6774,35.40,88.00,0.00,NORMAL
06/05/26,6775,35.30,88.00,0.00,NORMAL
06/05/26,6776,35.20,89.00,0.00,NORMAL
06/05/26,6777,35.00,90.00,0.00,NORMAL
06/05/26,6778,35.10,90.00,0.05,NORMAL
06/05/26,6779,35.10,90.00,0.05,NORMAL
06/05/26,6780,34.90,91.00,0.05,NORMAL
06/05/26,6781,34.90,91.00,0.10,NORMAL
06/05/26,6782,35.20,90.00,0.15,NORMAL
06/05/26,6783,35.20,91.00,0.00,NORMAL
06/05/26,6784,35.00,89.00,0.00,NORMAL
06/05/26,6785,35.00,89.00,0.10,NORMAL
06/05/26,6786,35.20,90.00,0.20,NORMAL
06/05/26,6787,35.00,90.00,0.15,NORMAL
06/05/26,6788,35.30,89.00,0.10,NORMAL
06/05/26,6789,35.30,89.00,0.20,NORMAL
06/05/26,6790,35.40,90.00,0.40,NORMAL
06/05/26,6791,35.50,89.00,0.40,NORMAL
06/05/26,6792,35.50,89.00,0.10,NORMAL
06/05/26,6793,35.50,89.00,0.15,NORMAL
06/05/26,6794,35.60,89.00,0.30,NORMAL
06/05/26,6795,35.60,90.00,0.40,NORMAL
06/05/26,6796,35.60,89.00,0.60,NORMAL
06/05/26,6797,35.60,89.00,0.10,NORMAL
06/05/26,6798,35.70,88.00,0.05,NORMAL
06/05/26,6799,35.50,89.00,0.20,NORMAL
06/05/26,6800,35.70,88.00,0.25,NORMAL
06/05/26,6801,35.60,88.00,0.25,NORMAL
06/05/26,6802,35.70,88.00,0.80,NORMAL
06/05/26,6803,35.70,89.00,0.00,NORMAL
06/05/26,6804,35.70,89.00,0.00,NORMAL
06/05/26,6805,35.50,89.00,0.00,NORMAL
06/05/26,6806,35.40,87.00,0.00,NORMAL
06/05/26,6807,35.30,88.00,0.00,NORMAL
06/05/26,6808,35.20,88.00,0.00,NORMAL
06/05/26,6809,35.00,88.00,0.00,NORMAL
06/05/26,6810,34.80,89.00,0.00,NORMAL
06/05/26,6811,34.80,89.00,0.00,NORMAL
06/05/26,6812,34.70,89.00,0.10,NORMAL
06/05/26,6813,34.70,89.00,0.35,NORMAL
06/05/26,6814,34.60,90.00,0.15,NORMAL
06/05/26,6815,34.70,91.00,0.45,NORMAL
06/05/26,6816,34.70,90.00,0.00,NORMAL
06/05/26,6817,34.90,90.00,0.00,NORMAL
06/05/26,6818,34.90,90.00,0.00,NORMAL
06/05/26,6819,35.20,90.00,0.00,NORMAL
06/05/26,6820,35.30,90.00,0.15,NORMAL
06/05/26,6821,35.50,90.00,0.05,NORMAL
06/05/26,6822,35.60,89.00,0.10,NORMAL
06/05/26,6823,35.70,88.00,0.05,NORMAL
06/05/26,6824,35.70,86.00,0.00,NORMAL
06/05/26,6825,35.80,85.00,0.10,NORMAL
06/05/26,6826,35.90,86.00,0.15,NORMAL
06/05/26,6827,35.90,86.00,0.15,NORMAL
06/05/26,6828,36.10,86.00,0.10,WARNING
06/05/26,6829,35.90,85.00,0.00,NORMAL
06/05/26,6830,35.80,85.00,0.05,NORMAL
06/05/26,6831,35.90,86.00,0.05,NORMAL
06/05/26,6832,35.70,85.00,0.00,NORMAL
06/05/26,6833,36.20,85.00,0.50,WARNING
06/05/26,6834,36.10,86.00,0.00,WARNING
06/05/26,6835,36.10,86.00,0.00,WARNING
06/05/26,6836,35.90,85.00,0.00,NORMAL
06/05/26,6837,35.80,86.00,0.00,NORMAL
06/05/26,6838,35.70,86.00,0.00,NORMAL
06/05/26,6839,35.80,85.00,0.00,NORMAL
06/05/26,6840,35.70,85.00,0.00,NORMAL
06/05/26,6841,35.70,85.00,0.00,NORMAL
06/05/26,6842,35.70,84.00,0.00,NORMAL
06/05/26,6843,35.70,85.00,0.00,NORMAL
06/05/26,6844,35.70,86.00,0.15,NORMAL
06/05/26,6845,35.70,86.00,0.05,NORMAL
06/05/26,6846,35.50,87.00,0.00,NORMAL
06/05/26,6847,35.50,88.00,0.00,NORMAL
06/05/26,6848,35.50,88.00,0.00,NORMAL
06/05/26,6849,35.40,88.00,0.00,NORMAL
06/05/26,6850,35.40,88.00,0.00,NORMAL
06/05/26,6851,35.30,88.00,0.00,NORMAL
06/05/26,6852,35.20,88.00,0.00,NORMAL
06/05/26,6853,35.30,89.00,0.00,NORMAL
06/05/26,6854,35.40,89.00,0.00,NORMAL
06/05/26,6855,35.30,88.00,0.00,NORMAL
06/05/26,6856,35.30,89.00,0.00,NORMAL
06/05/26,6857,35.20,88.00,0.00,NORMAL
06/05/26,6858,35.30,88.00,0.00,NORMAL
06/05/26,6859,35.00,88.00,0.00,NORMAL
06/05/26,6860,35.20,88.00,0.00,NORMAL
06/05/26,6861,35.20,89.00,0.00,NORMAL
06/05/26,6862,35.20,88.00,0.00,NORMAL
06/05/26,6863,35.20,89.00,0.00,NORMAL
06/05/26,6864,35.00,89.00,0.00,NORMAL
06/05/26,6865,35.00,89.00,0.00,NORMAL
06/05/26,6866,34.90,89.00,0.00,NORMAL
06/05/26,6867,34.90,90.00,0.00,NORMAL
06/05/26,6868,34.80,90.00,0.00,NORMAL
06/05/26,6869,34.70,91.00,0.00,NORMAL
06/05/26,6870,34.70,90.00,0.00,NORMAL
06/05/26,6871,34.70,89.00,0.00,NORMAL
06/05/26,6872,34.70,89.00,0.00,NORMAL
06/05/26,6873,34.70,90.00,0.00,NORMAL
06/05/26,6874,34.70,90.00,0.00,NORMAL
06/05/26,6875,34.70,91.00,0.00,NORMAL
06/05/26,6876,34.70,91.00,0.00,NORMAL
06/05/26,6877,34.70,92.00,0.00,NORMAL
06/05/26,6878,34.70,92.00,0.00,NORMAL
06/05/26,6879,34.70,92.00,0.00,NORMAL
06/05/26,6880,34.50,91.00,0.00,NORMAL
06/05/26,6881,34.50,92.00,0.00,NORMAL
06/05/26,6882,34.40,93.00,0.00,NORMAL
06/05/26,6883,34.40,93.00,0.00,NORMAL
06/05/26,6884,34.30,93.00,0.00,NORMAL
06/05/26,6885,34.30,93.00,0.00,NORMAL
06/05/26,6886,34.30,93.00,0.00,NORMAL
06/05/26,6887,34.30,93.00,0.00,NORMAL
06/05/26,6888,34.30,93.00,0.00,NORMAL
06/05/26,6889,34.30,93.00,0.00,NORMAL
06/05/26,6890,34.30,93.00,0.00,NORMAL
06/05/26,6891,34.40,93.00,0.00,NORMAL
06/05/26,6892,34.40,92.00,0.00,NORMAL
06/05/26,6893,34.40,92.00,0.00,NORMAL
06/05/26,6894,34.40,92.00,0.00,NORMAL
06/05/26,6895,34.40,93.00,0.00,NORMAL
06/05/26,6896,34.50,93.00,0.00,NORMAL
06/05/26,6897,34.50,93.00,0.00,NORMAL
06/05/26,6898,34.50,93.00,0.00,NORMAL
06/05/26,6899,34.50,93.00,0.00,NORMAL
06/05/26,6900,34.70,93.00,0.00,NORMAL
06/05/26,6901,34.70,93.00,0.00,NORMAL
06/05/26,6902,34.70,93.00,0.00,NORMAL
06/05/26,6903,34.70,92.00,0.00,NORMAL
06/05/26,6904,34.70,93.00,0.00,NORMAL
06/05/26,6905,34.70,93.00,0.00,NORMAL
06/05/26,6906,34.70,94.00,0.00,NORMAL
06/05/26,6907,34.70,94.00,0.00,NORMAL
06/05/26,6908,34.70,93.00,0.00,NORMAL
06/05/26,6909,34.70,93.00,0.00,NORMAL
06/05/26,6910,34.70,93.00,0.00,NORMAL
06/05/26,6911,34.90,94.00,0.00,NORMAL
06/05/26,6912,34.90,94.00,0.00,NORMAL
06/05/26,6913,35.00,93.00,0.00,NORMAL
06/05/26,6914,34.90,93.00,0.00,NORMAL
06/05/26,6915,34.80,93.00,0.00,NORMAL
06/05/26,6916,34.80,94.00,0.00,NORMAL
06/05/26,6917,34.70,94.00,0.00,NORMAL
06/05/26,6918,34.70,93.00,0.00,NORMAL
06/05/26,6919,34.70,93.00,0.00,NORMAL
06/05/26,6920,34.50,94.00,0.00,NORMAL
06/05/26,6921,34.50,95.00,0.00,NORMAL
06/05/26,6922,34.50,95.00,0.00,NORMAL
06/05/26,6923,34.70,95.00,0.00,NORMAL
06/05/26,6924,34.70,95.00,0.00,NORMAL
06/05/26,6925,34.70,95.00,0.00,NORMAL
06/05/26,6926,34.70,95.00,0.00,NORMAL
06/05/26,6927,34.70,95.00,0.00,NORMAL
06/05/26,6928,34.70,95.00,0.00,NORMAL
06/05/26,6929,34.70,94.00,0.00,NORMAL
06/05/26,6930,34.70,94.00,0.00,NORMAL
06/05/26,6931,34.70,95.00,0.00,NORMAL
06/05/26,6932,34.80,95.00,0.00,NORMAL
06/05/26,6933,34.70,95.00,0.00,NORMAL
06/05/26,6934,34.70,95.00,0.00,NORMAL
06/05/26,6935,34.70,95.00,0.00,NORMAL
06/05/26,6936,34.90,95.00,0.00,NORMAL
06/05/26,6937,34.90,95.00,0.00,NORMAL
06/05/26,6938,35.00,95.00,0.00,NORMAL
06/05/26,6939,35.00,94.00,0.00,NORMAL
06/05/26,6940,35.00,94.00,0.00,NORMAL
06/05/26,6941,35.00,94.00,0.00,NORMAL
06/05/26,6942,35.10,95.00,0.00,NORMAL
06/05/26,6943,35.20,94.00,0.00,NORMAL
06/05/26,6944,35.30,92.00,0.00,NORMAL
06/05/26,6945,35.30,92.00,0.00,NORMAL
06/05/26,6946,35.30,92.00,0.00,NORMAL
06/05/26,6947,35.30,90.00,0.00,NORMAL
06/05/26,6948,35.10,89.00,0.00,NORMAL
06/05/26,6949,34.90,89.00,0.00,NORMAL
06/05/26,6950,34.70,91.00,0.00,NORMAL
06/05/26,6951,34.50,92.00,0.00,NORMAL
06/05/26,6952,34.50,92.00,0.00,NORMAL
06/05/26,6953,34.50,92.00,0.00,NORMAL
06/05/26,6954,34.50,92.00,0.00,NORMAL
06/05/26,6955,34.50,91.00,0.00,NORMAL
06/05/26,6956,34.40,92.00,0.00,NORMAL
06/05/26,6957,34.50,93.00,0.00,NORMAL
06/05/26,6958,34.50,93.00,0.00,NORMAL
06/05/26,6959,34.50,94.00,0.00,NORMAL
06/05/26,6960,34.40,94.00,0.00,NORMAL
06/05/26,6961,34.40,94.00,0.00,NORMAL
06/05/26,6962,34.30,94.00,0.00,NORMAL
06/05/26,6963,34.30,93.00,0.00,NORMAL
06/05/26,6964,34.30,94.00,0.00,NORMAL
06/05/26,6965,34.10,94.00,0.00,NORMAL
06/05/26,6966,34.10,95.00,0.00,NORMAL
06/05/26,6967,34.10,95.00,0.00,NORMAL
06/05/26,6968,34.10,95.00,0.00,NORMAL
06/05/26,6969,34.30,95.00,0.00,NORMAL
06/05/26,6970,34.30,95.00,0.00,NORMAL
06/05/26,6971,34.40,95.00,0.00,NORMAL
06/05/26,6972,34.30,94.00,0.00,NORMAL
06/05/26,6973,34.30,95.00,0.00,NORMAL
06/05/26,6974,34.30,95.00,0.00,NORMAL
06/05/26,6975,34.30,95.00,0.00,NORMAL
06/05/26,6976,34.40,95.00,0.00,NORMAL
06/05/26,6977,34.50,95.00,0.00,NORMAL
06/05/26,6978,34.50,94.00,0.00,NORMAL
06/05/26,6979,34.50,94.00,0.00,NORMAL
06/05/26,6980,34.30,95.00,0.00,NORMAL
06/05/26,6981,34.30,95.00,0.00,NORMAL
06/05/26,6982,34.30,95.00,0.00,NORMAL
06/05/26,6983,34.30,95.00,0.00,NORMAL
06/05/26,6984,34.30,95.00,0.00,NORMAL
06/05/26,6985,34.30,95.00,0.00,NORMAL
06/05/26,6986,34.30,95.00,0.00,NORMAL
06/05/26,6987,34.30,95.00,0.00,NORMAL
06/05/26,6988,34.30,95.00,0.00,NORMAL
06/05/26,6989,34.30,95.00,0.00,NORMAL
06/05/26,6990,34.30,95.00,0.00,NORMAL
06/05/26,6991,34.10,95.00,0.00,NORMAL
06/05/26,6992,34.10,95.00,0.00,NORMAL
06/05/26,6993,34.10,95.00,0.00,NORMAL
06/05/26,6994,34.10,95.00,0.00,NORMAL
06/05/26,6995,34.10,95.00,0.00,NORMAL
06/05/26,6996,34.10,95.00,0.00,NORMAL
06/05/26,6997,34.10,95.00,0.00,NORMAL
06/05/26,6998,34.10,95.00,0.00,NORMAL
06/05/26,6999,34.00,95.00,0.00,NORMAL
06/05/26,7000,33.90,95.00,0.00,NORMAL
06/05/26,7001,33.90,95.00,0.00,NORMAL
06/05/26,7002,33.90,95.00,0.00,NORMAL
06/05/26,7003,33.90,95.00,0.00,NORMAL
06/05/26,7004,33.90,95.00,0.00,NORMAL
06/05/26,7005,34.00,95.00,0.00,NORMAL
06/05/26,7006,34.00,94.00,0.00,NORMAL
06/05/26,7007,34.00,95.00,0.00,NORMAL
06/05/26,7008,33.90,94.00,0.00,NORMAL
06/05/26,7009,33.90,95.00,0.00,NORMAL
06/05/26,7010,33.90,95.00,0.00,NORMAL
06/05/26,7011,33.90,95.00,0.00,NORMAL
06/05/26,7012,33.90,94.00,0.00,NORMAL
06/05/26,7013,33.90,94.00,0.00,NORMAL
06/05/26,7014,33.90,93.00,0.00,NORMAL
06/05/26,7015,33.90,94.00,0.00,NORMAL
06/05/26,7016,33.90,94.00,0.00,NORMAL
06/05/26,7017,34.00,95.00,0.00,NORMAL
06/05/26,7018,34.10,94.00,0.00,NORMAL
06/05/26,7019,34.10,94.00,0.00,NORMAL
06/05/26,7020,34.20,94.00,0.00,NORMAL
06/05/26,7021,34.30,94.00,0.00,NORMAL
06/05/26,7022,34.30,93.00,0.00,NORMAL
06/05/26,7023,34.30,93.00,0.00,NORMAL
06/05/26,7024,34.50,93.00,0.00,NORMAL
06/05/26,7025,34.50,93.00,0.00,NORMAL
06/05/26,7026,34.50,93.00,0.00,NORMAL
06/05/26,7027,34.50,93.00,0.00,NORMAL
06/05/26,7028,34.50,93.00,0.00,NORMAL
06/05/26,7029,34.50,94.00,0.00,NORMAL
06/05/26,7030,34.60,94.00,0.00,NORMAL
06/05/26,7031,34.70,93.00,0.00,NORMAL
06/05/26,7032,34.70,93.00,0.00,NORMAL
06/05/26,7033,34.70,92.00,0.00,NORMAL
06/05/26,7034,34.70,92.00,0.00,NORMAL
06/05/26,7035,34.70,92.00,0.00,NORMAL
06/05/26,7036,34.70,93.00,0.00,NORMAL
06/05/26,7037,34.70,92.00,0.00,NORMAL
06/05/26,7038,34.70,91.00,0.00,NORMAL
06/05/26,7039,34.70,92.00,0.00,NORMAL
06/05/26,7040,34.70,92.00,0.00,NORMAL
06/05/26,7041,34.70,92.00,0.00,NORMAL
06/05/26,7042,34.70,92.00,0.00,NORMAL
06/05/26,7043,34.70,92.00,0.00,NORMAL
06/05/26,7044,34.70,91.00,0.00,NORMAL
06/05/26,7045,34.60,91.00,0.00,NORMAL
06/05/26,7046,34.50,92.00,0.00,NORMAL
06/05/26,7047,34.50,93.00,0.00,NORMAL
06/05/26,7048,34.50,93.00,0.00,NORMAL
06/05/26,7049,34.60,93.00,0.00,NORMAL
06/05/26,7050,34.60,92.00,0.00,NORMAL
06/05/26,7051,34.60,92.00,0.00,NORMAL
06/05/26,7052,34.50,92.00,0.00,NORMAL
06/05/26,7053,34.50,93.00,0.00,NORMAL
06/05/26,7054,34.50,93.00,0.00,NORMAL
06/05/26,7055,34.60,93.00,0.00,NORMAL
06/05/26,7056,34.50,92.00,0.00,NORMAL
06/05/26,7057,34.50,91.00,0.00,NORMAL
06/05/26,7058,34.30,91.00,0.00,NORMAL
06/05/26,7059,34.30,92.00,0.00,NORMAL
06/05/26,7060,34.50,92.00,0.00,NORMAL
06/05/26,7061,34.50,93.00,0.00,NORMAL
06/05/26,7062,34.50,92.00,0.00,NORMAL
06/05/26,7063,34.50,91.00,0.00,NORMAL
06/05/26,7064,34.50,92.00,0.00,NORMAL
06/05/26,7065,34.30,92.00,0.00,NORMAL
06/05/26,7066,34.30,93.00,0.00,NORMAL
06/05/26,7067,34.30,94.00,0.00,NORMAL
06/05/26,7068,34.20,93.00,0.00,NORMAL
06/05/26,7069,34.10,93.00,0.00,NORMAL
06/05/26,7070,34.10,94.00,0.00,NORMAL
06/05/26,7071,34.00,94.00,0.00,NORMAL
06/05/26,7072,33.90,95.00,0.00,NORMAL
06/05/26,7073,33.90,95.00,0.00,NORMAL
06/05/26,7074,33.90,95.00,0.00,NORMAL
06/05/26,7075,33.80,95.00,0.00,NORMAL
06/05/26,7076,33.80,95.00,0.00,NORMAL
06/05/26,7077,33.80,95.00,0.00,NORMAL
06/05/26,7078,33.70,95.00,0.00,NORMAL
06/05/26,7079,33.70,95.00,0.00,NORMAL
06/05/26,7080,33.50,95.00,0.00,NORMAL
06/05/26,7081,33.40,95.00,0.00,NORMAL
06/05/26,7082,33.40,95.00,0.00,NORMAL
06/05/26,7083,33.20,95.00,0.00,NORMAL
06/05/26,7084,33.20,95.00,0.00,NORMAL
06/05/26,7085,33.10,95.00,0.00,NORMAL
06/05/26,7086,33.00,95.00,0.00,NORMAL
06/05/26,7087,33.00,95.00,0.00,NORMAL
06/05/26,7088,32.90,95.00,0.00,NORMAL
06/05/26,7089,32.90,95.00,0.00,NORMAL
06/05/26,7090,32.90,95.00,0.00,NORMAL
06/05/26,7091,32.90,95.00,0.00,NORMAL
06/05/26,7092,32.90,95.00,0.00,NORMAL
06/05/26,7093,32.90,95.00,0.00,NORMAL
06/05/26,7094,32.90,95.00,0.00,NORMAL
06/05/26,7095,32.90,95.00,0.00,NORMAL
06/05/26,7096,32.90,95.00,0.00,NORMAL
06/05/26,7097,32.90,95.00,0.00,NORMAL
06/05/26,7098,32.90,95.00,0.00,NORMAL
06/05/26,7099,32.80,95.00,0.00,NORMAL
06/05/26,7100,32.80,95.00,0.00,NORMAL
06/05/26,7101,32.80,95.00,0.00,NORMAL
06/05/26,7102,32.80,95.00,0.00,NORMAL
06/05/26,7103,32.90,95.00,0.00,NORMAL
06/05/26,7104,32.80,95.00,0.00,NORMAL
06/05/26,7105,32.80,95.00,0.00,NORMAL
06/05/26,7106,32.80,95.00,0.00,NORMAL
06/05/26,7107,32.80,95.00,0.00,NORMAL
06/05/26,7108,32.80,95.00,0.00,NORMAL
06/05/26,7109,32.80,95.00,0.00,NORMAL
06/05/26,7110,32.80,95.00,0.00,NORMAL
06/05/26,7111,32.70,95.00,0.00,NORMAL
06/05/26,7112,32.70,95.00,0.00,NORMAL
06/05/26,7113,32.70,95.00,0.00,NORMAL
06/05/26,7114,32.70,95.00,0.00,NORMAL
06/05/26,7115,32.50,95.00,0.00,NORMAL
06/05/26,7116,32.50,95.00,0.00,NORMAL
06/05/26,7117,32.50,95.00,0.00,NORMAL
06/05/26,7118,32.50,95.00,0.00,NORMAL
06/05/26,7119,32.50,95.00,0.00,NORMAL
06/05/26,7120,32.40,95.00,0.00,NORMAL
06/05/26,7121,32.40,95.00,0.00,NORMAL
06/05/26,7122,32.40,95.00,0.00,NORMAL
06/05/26,7123,32.40,95.00,0.00,NORMAL
06/05/26,7124,32.40,95.00,0.00,NORMAL
06/05/26,7125,32.40,95.00,0.00,NORMAL
06/05/26,7126,32.50,95.00,0.00,NORMAL
06/05/26,7127,32.50,95.00,0.00,NORMAL
06/05/26,7128,32.40,95.00,0.00,NORMAL
06/05/26,7129,32.50,95.00,0.00,NORMAL
06/05/26,7130,32.50,95.00,0.00,NORMAL
06/05/26,7131,32.70,95.00,0.00,NORMAL
06/05/26,7132,32.70,95.00,0.00,NORMAL
06/05/26,7133,32.70,95.00,0.00,NORMAL
06/05/26,7134,32.70,95.00,0.00,NORMAL
06/05/26,7135,32.70,95.00,0.00,NORMAL
06/05/26,7136,32.70,95.00,0.00,NORMAL
06/05/26,7137,32.70,95.00,0.00,NORMAL
06/05/26,7138,32.70,95.00,0.00,NORMAL
06/05/26,7139,32.70,95.00,0.00,NORMAL
06/05/26,7140,32.70,95.00,0.00,NORMAL
06/05/26,7141,32.70,95.00,0.00,NORMAL
06/05/26,7142,32.70,95.00,0.00,NORMAL
06/05/26,7143,32.70,95.00,0.00,NORMAL
06/05/26,7144,32.70,95.00,0.00,NORMAL
06/05/26,7145,32.70,95.00,0.00,NORMAL
06/05/26,7146,32.70,95.00,0.00,NORMAL
06/05/26,7147,32.70,95.00,0.00,NORMAL
06/05/26,7148,32.70,95.00,0.00,NORMAL
06/05/26,7149,32.70,95.00,0.00,NORMAL
06/05/26,7150,32.60,95.00,0.00,NORMAL
06/05/26,7151,32.40,95.00,0.00,NORMAL
06/05/26,7152,32.60,95.00,0.00,NORMAL
06/05/26,7153,32.60,95.00,0.00,NORMAL
06/05/26,7154,32.60,95.00,0.00,NORMAL
06/05/26,7155,32.60,95.00,0.00,NORMAL
06/05/26,7156,32.60,95.00,0.00,NORMAL
06/05/26,7157,32.60,95.00,0.00,NORMAL
06/05/26,7158,32.70,95.00,0.00,NORMAL
06/05/26,7159,32.60,95.00,0.00,NORMAL
06/05/26,7160,32.60,95.00,0.00,NORMAL
06/05/26,7161,32.70,95.00,0.00,NORMAL
06/05/26,7162,32.60,95.00,0.00,NORMAL
06/05/26,7163,32.60,95.00,0.00,NORMAL
06/05/26,7164,32.60,95.00,0.00,NORMAL
06/05/26,7165,32.50,95.00,0.00,NORMAL
06/05/26,7166,32.50,95.00,0.00,NORMAL
06/05/26,7167,32.50,95.00,0.00,NORMAL
06/05/26,7168,32.50,95.00,0.00,NORMAL
06/05/26,7169,32.40,95.00,0.00,NORMAL
06/05/26,7170,32.40,95.00,0.00,NORMAL
06/05/26,7171,32.40,95.00,0.00,NORMAL
06/05/26,7172,32.40,95.00,0.00,NORMAL
06/05/26,7173,32.40,95.00,0.00,NORMAL
06/05/26,7174,32.40,95.00,0.00,NORMAL
06/05/26,7175,32.40,95.00,0.00,NORMAL
06/05/26,7176,32.30,95.00,0.00,NORMAL
06/05/26,7177,32.30,95.00,0.00,NORMAL
06/05/26,7178,32.50,95.00,0.00,NORMAL
06/05/26,7179,32.30,95.00,0.00,NORMAL
06/05/26,7180,32.30,95.00,0.00,NORMAL
06/05/26,7181,32.30,95.00,0.00,NORMAL
06/05/26,7182,32.30,95.00,0.00,NORMAL
06/05/26,7183,32.20,95.00,0.00,NORMAL
06/05/26,7184,32.30,95.00,0.00,NORMAL
06/05/26,7185,32.20,95.00,0.00,NORMAL
06/05/26,7186,32.30,95.00,0.00,NORMAL
06/05/26,7187,32.20,95.00,0.00,NORMAL
06/05/26,7188,32.20,95.00,0.00,NORMAL
06/05/26,7189,32.20,95.00,0.00,NORMAL
06/05/26,7190,32.20,95.00,0.00,NORMAL
06/05/26,7191,32.10,95.00,0.00,NORMAL
06/05/26,7192,32.10,95.00,0.00,NORMAL
06/05/26,7193,32.10,95.00,0.00,NORMAL
06/05/26,7194,32.10,95.00,0.00,NORMAL
06/05/26,7195,32.10,95.00,0.00,NORMAL
06/05/26,7196,32.10,95.00,0.00,NORMAL
06/05/26,7197,32.10,95.00,0.00,NORMAL
06/05/26,7198,32.10,95.00,0.00,NORMAL
06/05/26,7199,32.10,95.00,0.00,NORMAL
06/05/26,7200,32.10,95.00,0.00,NORMAL
06/05/26,7201,32.10,95.00,0.00,NORMAL
06/05/26,7202,32.10,95.00,0.00,NORMAL
06/05/26,7203,32.10,95.00,0.00,NORMAL
06/05/26,7204,32.10,95.00,0.00,NORMAL
06/05/26,7205,32.10,95.00,0.00,NORMAL
06/05/26,7206,32.10,95.00,0.00,NORMAL
06/05/26,7207,32.10,95.00,0.00,NORMAL
06/05/26,7208,32.20,95.00,0.00,NORMAL
06/05/26,7209,32.20,95.00,0.00,NORMAL
06/05/26,7210,32.20,95.00,0.00,NORMAL
06/05/26,7211,32.20,95.00,0.00,NORMAL
06/05/26,7212,32.20,95.00,0.00,NORMAL
06/05/26,7213,32.20,95.00,0.00,NORMAL
06/05/26,7214,32.20,95.00,0.00,NORMAL
06/05/26,7215,32.20,95.00,0.00,NORMAL
06/05/26,7216,32.20,95.00,0.00,NORMAL
06/05/26,7217,32.20,95.00,0.00,NORMAL
06/05/26,7218,32.20,95.00,0.00,NORMAL
06/05/26,7219,32.20,95.00,0.00,NORMAL
06/05/26,7220,32.20,95.00,0.00,NORMAL
06/05/26,7221,32.20,95.00,0.00,NORMAL
06/05/26,7222,32.20,95.00,0.00,NORMAL
06/05/26,7223,32.20,95.00,0.00,NORMAL
06/05/26,7224,32.20,95.00,0.00,NORMAL
06/05/26,7225,32.20,95.00,0.00,NORMAL
06/05/26,7226,32.10,95.00,0.00,NORMAL
06/05/26,7227,32.10,95.00,0.00,NORMAL
06/05/26,7228,32.10,95.00,0.00,NORMAL
06/05/26,7229,32.10,95.00,0.00,NORMAL
06/05/26,7230,32.00,95.00,0.00,NORMAL
06/05/26,7231,32.00,95.00,0.00,NORMAL
06/05/26,7232,32.00,95.00,0.00,NORMAL
06/05/26,7233,31.90,95.00,0.00,NORMAL
06/05/26,7234,31.90,95.00,0.00,NORMAL
06/05/26,7235,31.90,95.00,0.00,NORMAL
06/05/26,7236,31.90,95.00,0.00,NORMAL
06/05/26,7237,31.90,95.00,0.00,NORMAL
06/05/26,7238,31.90,95.00,0.00,NORMAL
06/05/26,7239,31.90,95.00,0.00,NORMAL
06/05/26,7240,31.90,95.00,0.00,NORMAL
06/05/26,7241,31.90,95.00,0.00,NORMAL
06/05/26,7242,31.90,95.00,0.00,NORMAL
06/05/26,7243,31.90,95.00,0.00,NORMAL
06/05/26,7244,32.00,95.00,0.00,NORMAL
06/05/26,7245,32.00,95.00,0.00,NORMAL
06/05/26,7246,32.00,95.00,0.00,NORMAL
06/05/26,7247,32.00,95.00,0.00,NORMAL
06/05/26,7248,31.90,95.00,0.00,NORMAL
06/05/26,7249,31.90,95.00,0.00,NORMAL
06/05/26,7250,31.80,95.00,0.00,NORMAL
06/05/26,7251,31.90,95.00,0.00,NORMAL
06/05/26,7252,31.80,95.00,0.00,NORMAL
06/05/26,7253,31.90,95.00,0.00,NORMAL
06/05/26,7254,31.80,95.00,0.00,NORMAL
06/05/26,7255,31.80,95.00,0.00,NORMAL
06/05/26,7256,31.80,95.00,0.00,NORMAL
06/05/26,7257,31.80,95.00,0.00,NORMAL
06/05/26,7258,31.80,95.00,0.00,NORMAL
06/05/26,7259,31.80,95.00,0.00,NORMAL
06/05/26,7260,31.80,95.00,0.00,NORMAL
06/05/26,7261,31.60,95.00,0.00,NORMAL
06/05/26,7262,31.70,95.00,0.00,NORMAL
06/05/26,7263,31.70,95.00,0.00,NORMAL
06/05/26,7264,31.70,95.00,0.00,NORMAL
06/05/26,7265,31.70,95.00,0.00,NORMAL
06/05/26,7266,31.70,95.00,0.00,NORMAL
06/05/26,7267,31.60,95.00,0.00,NORMAL
06/05/26,7268,31.60,95.00,0.00,NORMAL
06/05/26,7269,31.60,95.00,0.00,NORMAL
06/05/26,7270,31.70,95.00,0.00,NORMAL
06/05/26,7271,31.60,95.00,0.00,NORMAL
06/05/26,7272,31.60,95.00,0.00,NORMAL
06/05/26,7273,31.60,95.00,0.00,NORMAL
06/05/26,7274,31.60,95.00,0.00,NORMAL
06/05/26,7275,31.40,95.00,0.00,NORMAL
06/05/26,7276,31.60,95.00,0.00,NORMAL
06/05/26,7277,31.60,95.00,0.00,NORMAL
06/05/26,7278,31.60,95.00,0.00,NORMAL
06/05/26,7279,31.60,95.00,0.00,NORMAL
06/05/26,7280,31.60,95.00,0.00,NORMAL
06/05/26,7281,31.70,95.00,0.00,NORMAL
06/05/26,7282,31.70,95.00,0.00,NORMAL
06/05/26,7283,31.70,95.00,0.00,NORMAL
06/05/26,7284,31.60,95.00,0.00,NORMAL
06/05/26,7285,31.60,95.00,0.00,NORMAL
06/05/26,7286,31.70,95.00,0.00,NORMAL
06/05/26,7287,31.70,95.00,0.00,NORMAL
06/05/26,7288,31.70,95.00,0.00,NORMAL
06/05/26,7289,31.60,95.00,0.00,NORMAL
06/05/26,7290,31.70,95.00,0.00,NORMAL
06/05/26,7291,31.70,95.00,0.00,NORMAL
06/05/26,7292,31.70,95.00,0.00,NORMAL
06/05/26,7293,31.70,95.00,0.00,NORMAL
06/05/26,7294,31.60,95.00,0.00,NORMAL
06/05/26,7295,31.60,95.00,0.00,NORMAL
06/05/26,7296,31.60,95.00,0.00,NORMAL
06/05/26,7297,31.60,95.00,0.00,NORMAL
06/05/26,7298,31.70,95.00,0.00,NORMAL
06/05/26,7299,31.60,95.00,0.00,NORMAL
06/05/26,7300,31.60,95.00,0.00,NORMAL
06/05/26,7301,31.60,95.00,0.00,NORMAL
06/05/26,7302,31.60,95.00,0.00,NORMAL
06/05/26,7303,31.60,95.00,0.00,NORMAL
06/05/26,7304,31.70,95.00,0.00,NORMAL
06/05/26,7305,31.60,95.00,0.00,NORMAL
06/05/26,7306,31.60,95.00,0.00,NORMAL
06/05/26,7307,31.60,95.00,0.00,NORMAL
06/05/26,7308,31.60,95.00,0.00,NORMAL
06/05/26,7309,31.60,95.00,0.00,NORMAL
06/05/26,7310,31.60,95.00,0.00,NORMAL
06/05/26,7311,31.60,95.00,0.00,NORMAL
06/05/26,7312,31.60,95.00,0.00,NORMAL
06/05/26,7313,31.70,95.00,0.00,NORMAL
06/05/26,7314,31.70,95.00,0.00,NORMAL
06/05/26,7315,31.70,95.00,0.00,NORMAL
06/05/26,7316,31.70,95.00,0.00,NORMAL
06/05/26,7317,31.70,95.00,0.00,NORMAL
06/05/26,7318,31.70,95.00,0.00,NORMAL
06/05/26,7319,31.70,95.00,0.00,NORMAL
06/05/26,7320,31.70,95.00,0.00,NORMAL
06/05/26,7321,31.70,95.00,0.00,NORMAL
06/05/26,7322,31.70,95.00,0.00,NORMAL
06/05/26,7323,31.70,95.00,0.00,NORMAL
06/05/26,7324,31.70,95.00,0.00,NORMAL
06/05/26,7325,31.70,95.00,0.00,NORMAL
06/05/26,7326,31.70,95.00,0.00,NORMAL
06/05/26,7327,31.70,95.00,0.00,NORMAL
06/05/26,7328,31.60,95.00,0.00,NORMAL
06/05/26,7329,31.70,95.00,0.00,NORMAL
06/05/26,7330,31.70,95.00,0.00,NORMAL
06/05/26,7331,31.50,95.00,0.00,NORMAL
06/05/26,7332,31.60,95.00,0.00,NORMAL
06/05/26,7333,31.60,95.00,0.00,NORMAL
06/05/26,7334,31.60,95.00,0.00,NORMAL
06/05/26,7335,31.60,95.00,0.00,NORMAL
06/05/26,7336,31.60,95.00,0.00,NORMAL
06/05/26,7337,31.60,95.00,0.00,NORMAL
06/05/26,7338,31.50,95.00,0.00,NORMAL
06/05/26,7339,31.50,95.00,0.00,NORMAL
06/05/26,7340,31.50,95.00,0.00,NORMAL
06/05/26,7341,31.50,95.00,0.00,NORMAL
06/05/26,7342,31.50,95.00,0.00,NORMAL
06/05/26,7343,31.50,95.00,0.00,NORMAL
06/05/26,7344,31.50,95.00,0.00,NORMAL
06/05/26,7345,31.60,95.00,0.00,NORMAL
06/05/26,7346,31.60,95.00,0.00,NORMAL
06/05/26,7347,31.60,95.00,0.00,NORMAL
06/05/26,7348,31.60,95.00,0.00,NORMAL
06/05/26,7349,31.70,95.00,0.00,NORMAL
06/05/26,7350,31.70,95.00,0.00,NORMAL
06/05/26,7351,31.70,95.00,0.00,NORMAL
06/05/26,7352,31.70,95.00,0.00,NORMAL
06/05/26,7353,31.70,95.00,0.00,NORMAL
06/05/26,7354,31.70,95.00,0.00,NORMAL
06/05/26,7355,31.60,95.00,0.00,NORMAL
06/05/26,7356,31.50,95.00,0.00,NORMAL
06/05/26,7357,31.40,95.00,0.00,NORMAL
06/05/26,7358,31.30,95.00,0.00,NORMAL
06/05/26,7359,31.20,95.00,0.00,NORMAL
06/05/26,7360,31.20,95.00,0.00,NORMAL
06/05/26,7361,31.20,95.00,0.00,NORMAL
06/05/26,7362,31.30,95.00,0.00,NORMAL
06/05/26,7363,30.90,95.00,0.00,NORMAL
06/05/26,7364,31.20,95.00,0.00,NORMAL
06/05/26,7365,31.20,95.00,0.00,NORMAL
06/05/26,7366,31.20,95.00,0.00,NORMAL
06/05/26,7367,31.40,95.00,0.00,NORMAL
06/05/26,7368,31.20,95.00,0.00,NORMAL
06/05/26,7369,31.20,95.00,0.00,NORMAL
06/05/26,7370,31.20,95.00,0.00,NORMAL
06/05/26,7371,31.30,95.00,0.00,NORMAL
06/05/26,7372,31.30,95.00,0.00,NORMAL
06/05/26,7373,31.30,95.00,0.00,NORMAL
06/05/26,7374,31.30,95.00,0.00,NORMAL
06/05/26,7375,31.40,95.00,0.00,NORMAL
06/05/26,7376,31.40,95.00,0.00,NORMAL
06/05/26,7377,31.40,95.00,0.00,NORMAL
06/05/26,7378,31.40,95.00,0.00,NORMAL
06/05/26,7379,31.50,95.00,0.00,NORMAL
06/05/26,7380,31.50,95.00,0.00,NORMAL
06/05/26,7381,31.50,95.00,0.00,NORMAL
06/05/26,7382,31.40,95.00,0.00,NORMAL
06/05/26,7383,31.40,95.00,0.00,NORMAL
06/05/26,7384,31.40,95.00,0.00,NORMAL
06/05/26,7385,31.40,95.00,0.00,NORMAL
06/05/26,7386,31.40,95.00,0.00,NORMAL
06/05/26,7387,31.40,95.00,0.00,NORMAL
06/05/26,7388,31.40,95.00,0.00,NORMAL
06/05/26,7389,31.40,95.00,0.00,NORMAL
06/05/26,7390,31.30,95.00,0.00,NORMAL
06/05/26,7391,31.30,95.00,0.00,NORMAL
06/05/26,7392,31.30,95.00,0.00,NORMAL
06/05/26,7393,31.30,95.00,0.00,NORMAL
06/05/26,7394,31.30,95.00,0.00,NORMAL
06/05/26,7395,31.30,95.00,0.00,NORMAL
06/05/26,7396,31.40,95.00,0.00,NORMAL
06/05/26,7397,31.40,95.00,0.00,NORMAL
06/05/26,7398,31.40,95.00,0.00,NORMAL
06/05/26,7399,31.40,95.00,0.00,NORMAL
06/05/26,7400,31.40,95.00,0.00,NORMAL
06/05/26,7401,31.50,95.00,0.30,NORMAL
06/05/26,7402,31.40,95.00,0.15,NORMAL
06/05/26,7403,31.40,95.00,0.15,NORMAL
06/05/26,7404,31.30,95.00,0.45,NORMAL
06/05/26,7405,31.40,95.00,0.00,NORMAL
06/05/26,7406,31.50,95.00,0.05,NORMAL
06/05/26,7407,31.60,95.00,0.05,NORMAL
06/05/26,7408,31.80,95.00,0.10,NORMAL
06/05/26,7409,31.90,95.00,0.10,NORMAL
06/05/26,7410,32.00,95.00,0.05,NORMAL
06/05/26,7411,32.20,95.00,0.05,NORMAL
06/05/26,7412,32.40,95.00,0.15,NORMAL
06/05/26,7413,32.60,95.00,0.10,NORMAL
06/05/26,7414,32.60,95.00,0.05,NORMAL
06/05/26,7415,32.70,95.00,0.10,NORMAL
06/05/26,7416,32.70,95.00,0.00,NORMAL
06/05/26,7417,32.70,95.00,0.00,NORMAL
06/05/26,7418,32.80,95.00,0.00,NORMAL
06/05/26,7419,32.90,95.00,0.05,NORMAL
06/05/26,7420,32.90,95.00,0.15,NORMAL
06/05/26,7421,32.90,95.00,0.15,NORMAL
06/05/26,7422,32.90,95.00,0.00,NORMAL
06/05/26,7423,33.00,95.00,0.05,NORMAL
06/05/26,7424,32.90,95.00,0.05,NORMAL
06/05/26,7425,32.90,95.00,0.10,NORMAL
06/05/26,7426,32.70,95.00,0.15,NORMAL
06/05/26,7427,32.50,95.00,0.20,NORMAL
06/05/26,7428,32.30,95.00,0.10,NORMAL
06/05/26,7429,32.20,95.00,0.15,NORMAL
06/05/26,7430,32.00,95.00,0.15,NORMAL
06/05/26,7431,32.00,95.00,0.20,NORMAL
06/05/26,7432,31.90,95.00,0.10,NORMAL
06/05/26,7433,31.90,95.00,0.05,NORMAL
06/05/26,7434,31.90,95.00,0.10,NORMAL
06/05/26,7435,31.90,95.00,0.05,NORMAL
06/05/26,7436,31.90,95.00,0.20,NORMAL
06/05/26,7437,31.90,95.00,0.05,NORMAL
06/05/26,7438,31.90,95.00,0.00,NORMAL
06/05/26,7439,31.90,95.00,0.10,NORMAL
06/05/26,7440,31.90,95.00,0.15,NORMAL
06/05/26,7441,31.90,95.00,0.00,NORMAL
06/05/26,7442,31.90,95.00,0.05,NORMAL
06/05/26,7443,31.90,95.00,0.15,NORMAL
06/05/26,7444,31.70,95.00,0.05,NORMAL
06/05/26,7445,31.60,95.00,0.10,NORMAL
06/05/26,7446,31.50,95.00,0.05,NORMAL
06/05/26,7447,31.50,95.00,0.10,NORMAL
06/05/26,7448,31.50,95.00,0.05,NORMAL
06/05/26,7449,31.40,95.00,0.15,NORMAL
06/05/26,7450,31.40,95.00,0.00,NORMAL
06/05/26,7451,31.40,95.00,0.25,NORMAL
06/05/26,7452,31.40,95.00,0.05,NORMAL
06/05/26,7453,31.40,95.00,0.00,NORMAL
06/05/26,7454,31.40,95.00,0.05,NORMAL
06/05/26,7455,31.40,95.00,0.20,NORMAL
06/05/26,7456,31.40,95.00,0.00,NORMAL
06/05/26,7457,31.40,95.00,0.05,NORMAL
06/05/26,7458,31.40,95.00,0.00,NORMAL
06/05/26,7459,31.40,95.00,0.05,NORMAL
06/05/26,7460,31.20,95.00,0.05,NORMAL
06/05/26,7461,31.20,95.00,0.20,NORMAL
06/05/26,7462,31.20,95.00,0.15,NORMAL
06/05/26,7463,31.20,95.00,0.05,NORMAL
06/05/26,7464,31.20,95.00,0.00,NORMAL
06/05/26,7465,31.20,95.00,0.00,NORMAL
06/05/26,7466,31.20,95.00,0.00,NORMAL
06/05/26,7467,31.20,95.00,0.05,NORMAL
06/05/26,7468,31.20,95.00,0.15,NORMAL
06/05/26,7469,31.20,95.00,0.15,NORMAL
06/05/26,7470,31.10,95.00,0.10,NORMAL
06/05/26,7471,30.90,95.00,0.10,NORMAL
06/05/26,7472,30.90,95.00,0.05,NORMAL
06/05/26,7473,30.90,95.00,0.05,NORMAL
06/05/26,7474,30.90,95.00,0.00,NORMAL
06/05/26,7475,31.00,95.00,0.00,NORMAL
06/05/26,7476,31.10,95.00,0.15,NORMAL
06/05/26,7477,31.10,95.00,0.00,NORMAL
06/05/26,7478,31.10,95.00,0.10,NORMAL
06/05/26,7479,31.10,95.00,0.10,NORMAL
06/05/26,7480,31.10,95.00,0.00,NORMAL
06/05/26,7481,31.00,95.00,0.05,NORMAL
06/05/26,7482,31.00,95.00,0.05,NORMAL
06/05/26,7483,31.10,95.00,0.15,NORMAL
06/05/26,7484,31.20,95.00,0.10,NORMAL
06/05/26,7485,31.10,95.00,0.05,NORMAL
06/05/26,7486,31.20,95.00,0.05,NORMAL
06/05/26,7487,31.20,95.00,0.00,NORMAL
06/05/26,7488,31.20,95.00,0.05,NORMAL
06/05/26,7489,31.20,95.00,0.05,NORMAL
06/05/26,7490,31.40,95.00,0.05,NORMAL
06/05/26,7491,31.40,95.00,0.00,NORMAL
06/05/26,7492,31.50,95.00,0.05,NORMAL
06/05/26,7493,31.50,95.00,0.05,NORMAL
06/05/26,7494,31.60,95.00,0.10,NORMAL
06/05/26,7495,31.50,95.00,0.05,NORMAL
06/05/26,7496,31.70,95.00,0.00,NORMAL
06/05/26,7497,31.60,95.00,0.20,NORMAL
06/05/26,7498,31.70,95.00,0.05,NORMAL
06/05/26,7499,31.70,95.00,0.05,NORMAL
06/05/26,7500,31.70,95.00,0.10,NORMAL
06/05/26,7501,31.70,95.00,0.10,NORMAL
06/05/26,7502,31.70,95.00,0.05,NORMAL
06/05/26,7503,31.70,95.00,0.00,NORMAL
06/05/26,7504,31.70,95.00,0.15,NORMAL
06/05/26,7505,31.70,95.00,0.10,NORMAL
06/05/26,7506,31.60,95.00,0.10,NORMAL
06/05/26,7507,31.40,95.00,0.00,NORMAL
06/05/26,7508,31.50,95.00,0.30,NORMAL
06/05/26,7509,31.50,95.00,0.05,NORMAL
06/05/26,7510,31.40,95.00,0.00,NORMAL
06/05/26,7511,31.40,95.00,0.00,NORMAL
06/05/26,7512,31.40,95.00,0.00,NORMAL
06/05/26,7513,31.50,95.00,0.00,NORMAL
06/05/26,7514,31.40,95.00,0.00,NORMAL
06/05/26,7515,31.40,95.00,0.00,NORMAL
06/05/26,7516,31.40,95.00,0.00,NORMAL
06/05/26,7517,31.40,95.00,0.00,NORMAL
06/05/26,7518,31.40,95.00,0.00,NORMAL
06/05/26,7519,31.40,95.00,0.00,NORMAL
06/05/26,7520,31.20,95.00,0.00,NORMAL
06/05/26,7521,31.20,95.00,0.00,NORMAL
06/05/26,7522,31.20,95.00,0.00,NORMAL
06/05/26,7523,31.20,95.00,0.00,NORMAL
06/05/26,7524,31.20,95.00,0.00,NORMAL
06/05/26,7525,31.20,95.00,0.00,NORMAL
06/05/26,7526,31.10,95.00,0.00,NORMAL
06/05/26,7527,31.10,95.00,0.00,NORMAL
06/05/26,7528,31.00,95.00,0.00,NORMAL
06/05/26,7529,30.90,95.00,0.00,NORMAL
06/05/26,7530,30.90,95.00,0.00,NORMAL
06/05/26,7531,30.90,95.00,0.00,NORMAL
06/05/26,7532,30.90,95.00,0.00,NORMAL
06/05/26,7533,30.70,95.00,0.00,NORMAL
06/05/26,7534,30.70,95.00,0.00,NORMAL
06/05/26,7535,30.70,95.00,0.00,NORMAL
06/05/26,7536,30.70,95.00,0.00,NORMAL
06/05/26,7537,30.70,95.00,0.00,NORMAL
06/05/26,7538,30.50,95.00,0.00,NORMAL
06/05/26,7539,30.50,95.00,0.00,NORMAL
06/05/26,7540,30.40,95.00,0.00,NORMAL
06/05/26,7541,30.40,95.00,0.00,NORMAL
06/05/26,7542,30.30,95.00,0.00,NORMAL
06/05/26,7543,30.30,95.00,0.00,NORMAL
06/05/26,7544,30.20,95.00,0.00,NORMAL
06/05/26,7545,30.20,95.00,0.00,NORMAL
06/05/26,7546,30.20,95.00,0.00,NORMAL
06/05/26,7547,30.20,95.00,0.00,NORMAL
06/05/26,7548,30.20,95.00,0.00,NORMAL
06/05/26,7549,30.20,95.00,0.00,NORMAL
06/05/26,7550,30.20,95.00,0.00,NORMAL
06/05/26,7551,30.00,95.00,0.00,NORMAL
06/05/26,7552,30.00,95.00,0.00,NORMAL
06/05/26,7553,30.00,95.00,0.00,NORMAL
06/05/26,7554,30.00,95.00,0.00,NORMAL
06/05/26,7555,30.00,95.00,0.00,NORMAL
06/05/26,7556,30.00,95.00,0.00,NORMAL
06/05/26,7557,30.00,95.00,0.00,NORMAL
06/05/26,7558,30.00,95.00,0.00,NORMAL
06/05/26,7559,30.20,95.00,0.00,NORMAL
06/05/26,7560,30.00,95.00,0.00,NORMAL
06/05/26,7561,30.00,95.00,0.00,NORMAL
06/05/26,7562,30.00,95.00,0.00,NORMAL
06/05/26,7563,29.90,95.00,0.00,NORMAL
06/05/26,7564,29.90,95.00,0.00,NORMAL
06/05/26,7565,30.10,95.00,0.00,NORMAL
06/05/26,7566,29.90,95.00,0.00,NORMAL
06/05/26,7567,29.90,95.00,0.00,NORMAL
06/05/26,7568,29.90,95.00,0.00,NORMAL
06/05/26,7569,29.90,95.00,0.00,NORMAL
06/05/26,7570,29.90,95.00,0.00,NORMAL
06/05/26,7571,29.80,95.00,0.00,NORMAL
06/05/26,7572,29.70,95.00,0.00,NORMAL
06/05/26,7573,29.70,95.00,0.00,NORMAL
06/05/26,7574,29.70,95.00,0.00,NORMAL
06/05/26,7575,29.60,95.00,0.00,NORMAL
06/05/26,7576,29.60,95.00,0.00,NORMAL
06/05/26,7577,29.50,95.00,0.00,NORMAL
06/05/26,7578,29.50,95.00,0.00,NORMAL
06/05/26,7579,29.50,95.00,0.00,NORMAL
06/05/26,7580,29.50,95.00,0.00,NORMAL
06/05/26,7581,29.50,95.00,0.00,NORMAL
06/05/26,7582,29.50,95.00,0.00,NORMAL
06/05/26,7583,29.50,95.00,0.00,NORMAL
06/05/26,7584,29.40,95.00,0.00,NORMAL
06/05/26,7585,29.40,95.00,0.00,NORMAL
06/05/26,7586,29.40,95.00,0.00,NORMAL
06/05/26,7587,29.40,95.00,0.00,NORMAL
06/05/26,7588,29.30,95.00,0.00,NORMAL
06/05/26,7589,29.40,95.00,0.00,NORMAL
06/05/26,7590,29.30,95.00,0.00,NORMAL
06/05/26,7591,29.30,95.00,0.00,NORMAL
06/05/26,7592,29.40,95.00,0.00,NORMAL
06/05/26,7593,29.30,95.00,0.00,NORMAL
06/05/26,7594,29.30,95.00,0.00,NORMAL
06/05/26,7595,29.30,95.00,0.00,NORMAL
06/05/26,7596,29.30,95.00,0.00,NORMAL
06/05/26,7597,29.30,95.00,0.00,NORMAL
06/05/26,7598,29.30,95.00,0.00,NORMAL
06/05/26,7599,29.40,95.00,0.00,NORMAL
06/05/26,7600,29.40,95.00,0.00,NORMAL
06/05/26,7601,29.40,95.00,0.00,NORMAL
06/05/26,7602,29.40,95.00,0.00,NORMAL
06/05/26,7603,29.30,95.00,0.00,NORMAL
06/05/26,7604,29.30,95.00,0.00,NORMAL
06/05/26,7605,29.30,95.00,0.00,NORMAL
06/05/26,7606,29.40,95.00,0.00,NORMAL
06/05/26,7607,29.30,95.00,0.00,NORMAL
06/05/26,7608,29.30,95.00,0.00,NORMAL
06/05/26,7609,29.30,95.00,0.00,NORMAL
06/05/26,7610,29.30,95.00,0.00,NORMAL
06/05/26,7611,29.30,95.00,0.00,NORMAL
06/05/26,7612,29.30,95.00,0.00,NORMAL
06/05/26,7613,29.30,95.00,0.00,NORMAL
06/05/26,7614,29.30,95.00,0.00,NORMAL
06/05/26,7615,29.30,95.00,0.00,NORMAL
06/05/26,7616,29.30,95.00,0.00,NORMAL
06/05/26,7617,29.40,95.00,0.00,NORMAL
06/05/26,7618,29.40,95.00,0.00,NORMAL
06/05/26,7619,29.40,95.00,0.00,NORMAL
06/05/26,7620,29.40,95.00,0.00,NORMAL
06/05/26,7621,29.40,95.00,0.00,NORMAL
06/05/26,7622,29.40,95.00,0.00,NORMAL
06/05/26,7623,29.40,95.00,0.00,NORMAL
06/05/26,7624,29.40,95.00,0.00,NORMAL
06/05/26,7625,29.30,95.00,0.00,NORMAL
06/05/26,7626,29.40,95.00,0.00,NORMAL
06/05/26,7627,29.40,95.00,0.00,NORMAL
06/05/26,7628,29.40,95.00,0.00,NORMAL
06/05/26,7629,29.40,95.00,0.00,NORMAL
06/05/26,7630,29.40,95.00,0.00,NORMAL
06/05/26,7631,29.40,95.00,0.00,NORMAL
06/05/26,7632,29.40,95.00,0.00,NORMAL
06/05/26,7633,29.40,95.00,0.00,NORMAL
06/05/26,7634,29.40,95.00,0.00,NORMAL
06/05/26,7635,29.40,95.00,0.00,NORMAL
06/05/26,7636,29.30,95.00,0.00,NORMAL
06/05/26,7637,29.40,95.00,0.00,NORMAL
06/05/26,7638,29.30,95.00,0.00,NORMAL
06/05/26,7639,29.20,95.00,0.00,NORMAL
06/05/26,7640,29.30,95.00,0.00,NORMAL
06/05/26,7641,29.20,95.00,0.00,NORMAL
06/05/26,7642,29.20,95.00,0.00,NORMAL
06/05/26,7643,29.20,95.00,0.00,NORMAL
06/05/26,7644,29.10,95.00,0.00,NORMAL
06/05/26,7645,29.00,95.00,0.00,NORMAL
06/05/26,7646,29.00,95.00,0.00,NORMAL
06/05/26,7647,29.00,95.00,0.00,NORMAL
06/05/26,7648,29.00,95.00,0.00,NORMAL
06/05/26,7649,29.00,95.00,0.00,NORMAL
06/05/26,7650,29.00,95.00,0.00,NORMAL
06/05/26,7651,28.90,95.00,0.00,NORMAL
06/05/26,7652,28.90,95.00,0.00,NORMAL
06/05/26,7653,28.90,95.00,0.00,NORMAL
06/05/26,7654,28.90,95.00,0.00,NORMAL
06/05/26,7655,28.90,95.00,0.00,NORMAL
06/05/26,7656,28.80,95.00,0.00,NORMAL
06/05/26,7657,28.80,95.00,0.00,NORMAL
06/05/26,7658,28.70,95.00,0.00,NORMAL
06/05/26,7659,28.80,95.00,0.00,NORMAL
06/05/26,7660,28.80,95.00,0.00,NORMAL
06/05/26,7661,28.80,95.00,0.00,NORMAL
06/05/26,7662,28.80,95.00,0.00,NORMAL
06/05/26,7663,28.80,95.00,0.00,NORMAL
06/05/26,7664,28.80,95.00,0.00,NORMAL
06/05/26,7665,28.70,95.00,0.00,NORMAL
06/05/26,7666,28.70,95.00,0.00,NORMAL
06/05/26,7667,28.70,95.00,0.00,NORMAL
06/05/26,7668,28.70,95.00,0.00,NORMAL
06/05/26,7669,28.70,95.00,0.00,NORMAL
06/05/26,7670,28.70,95.00,0.00,NORMAL
06/05/26,7671,28.70,95.00,0.00,NORMAL
06/05/26,7672,28.70,95.00,0.00,NORMAL
06/05/26,7673,28.80,95.00,0.00,NORMAL
06/05/26,7674,28.70,95.00,0.00,NORMAL
06/05/26,7675,28.70,95.00,0.00,NORMAL
06/05/26,7676,28.70,95.00,0.00,NORMAL
06/05/26,7677,28.80,95.00,0.00,NORMAL
06/05/26,7678,28.70,95.00,0.00,NORMAL
06/05/26,7679,28.70,95.00,0.00,NORMAL
06/05/26,7680,28.70,95.00,0.00,NORMAL
06/05/26,7681,28.70,95.00,0.00,NORMAL
06/05/26,7682,28.70,95.00,0.00,NORMAL
06/05/26,7683,28.70,95.00,0.00,NORMAL
06/05/26,7684,28.70,95.00,0.00,NORMAL
06/05/26,7685,28.70,95.00,0.00,NORMAL
06/05/26,7686,28.70,95.00,0.00,NORMAL
06/05/26,7687,28.70,95.00,0.00,NORMAL
06/05/26,7688,28.50,95.00,0.00,NORMAL
06/05/26,7689,28.50,95.00,0.00,NORMAL
06/05/26,7690,28.50,95.00,0.00,NORMAL
06/05/26,7691,28.50,95.00,0.00,NORMAL
06/05/26,7692,28.50,95.00,0.00,NORMAL
06/05/26,7693,28.50,95.00,0.00,NORMAL
06/05/26,7694,28.50,95.00,0.00,NORMAL
06/05/26,7695,28.50,95.00,0.00,NORMAL
06/05/26,7696,28.40,95.00,0.00,NORMAL
06/05/26,7697,28.50,95.00,0.00,NORMAL
06/05/26,7698,28.40,95.00,0.00,NORMAL
06/05/26,7699,28.40,95.00,0.00,NORMAL
06/05/26,7700,28.40,95.00,0.00,NORMAL
06/05/26,7701,28.40,95.00,0.00,NORMAL
06/05/26,7702,28.40,95.00,0.00,NORMAL
06/05/26,7703,28.40,95.00,0.00,NORMAL
06/05/26,7704,28.30,95.00,0.00,NORMAL
06/05/26,7705,28.30,95.00,0.00,NORMAL
06/05/26,7706,28.20,95.00,0.00,NORMAL
06/05/26,7707,28.20,95.00,0.00,NORMAL
06/05/26,7708,28.10,95.00,0.00,NORMAL
06/05/26,7709,28.20,95.00,0.00,NORMAL
06/05/26,7710,28.20,95.00,0.00,NORMAL
06/05/26,7711,28.20,95.00,0.00,NORMAL
06/05/26,7712,28.20,95.00,0.00,NORMAL
06/05/26,7713,28.20,95.00,0.00,NORMAL
06/05/26,7714,28.20,95.00,0.00,NORMAL
06/05/26,7715,28.30,95.00,0.00,NORMAL
06/05/26,7716,28.30,95.00,0.00,NORMAL
06/05/26,7717,28.30,95.00,0.00,NORMAL
06/05/26,7718,28.30,95.00,0.00,NORMAL
06/05/26,7719,28.40,95.00,0.00,NORMAL
06/05/26,7720,28.30,95.00,0.00,NORMAL
06/05/26,7721,28.30,95.00,0.00,NORMAL
06/05/26,7722,28.20,95.00,0.00,NORMAL
06/05/26,7723,28.10,95.00,0.00,NORMAL
06/05/26,7724,28.20,95.00,0.00,NORMAL
06/05/26,7725,28.10,95.00,0.00,NORMAL
06/05/26,7726,28.20,95.00,0.00,NORMAL
06/05/26,7727,28.10,95.00,0.00,NORMAL
06/05/26,7728,28.10,95.00,0.00,NORMAL
06/05/26,7729,28.10,95.00,0.00,NORMAL
06/05/26,7730,28.10,95.00,0.00,NORMAL
06/05/26,7731,28.10,95.00,0.00,NORMAL
06/05/26,7732,28.10,95.00,0.00,NORMAL
06/05/26,7733,28.10,95.00,0.00,NORMAL
06/05/26,7734,28.10,95.00,0.00,NORMAL
06/05/26,7735,28.00,95.00,0.00,NORMAL
06/05/26,7736,28.00,95.00,0.00,NORMAL
06/05/26,7737,28.00,95.00,0.00,NORMAL
06/05/26,7738,28.00,95.00,0.00,NORMAL
06/05/26,7739,28.00,95.00,0.00,NORMAL
06/05/26,7740,28.00,95.00,0.00,NORMAL
06/05/26,7741,28.00,95.00,0.00,NORMAL
06/05/26,7742,28.00,95.00,0.00,NORMAL
06/05/26,7743,27.90,95.00,0.00,NORMAL
06/05/26,7744,28.00,95.00,0.00,NORMAL
06/05/26,7745,27.90,95.00,0.00,NORMAL
06/05/26,7746,27.90,95.00,0.00,NORMAL
06/05/26,7747,27.90,95.00,0.00,NORMAL
06/05/26,7748,28.00,95.00,0.00,NORMAL
06/05/26,7749,27.90,95.00,0.00,NORMAL
06/05/26,7750,28.00,95.00,0.00,NORMAL
06/05/26,7751,28.00,95.00,0.00,NORMAL
06/05/26,7752,28.00,95.00,0.00,NORMAL
06/05/26,7753,28.00,95.00,0.00,NORMAL
06/05/26,7754,28.00,95.00,0.00,NORMAL
06/05/26,7755,28.00,95.00,0.00,NORMAL
06/05/26,7756,28.00,95.00,0.00,NORMAL
06/05/26,7757,28.10,95.00,0.00,NORMAL
06/05/26,7758,28.00,95.00,0.00,NORMAL
06/05/26,7759,28.00,95.00,0.00,NORMAL
06/05/26,7760,28.00,95.00,0.00,NORMAL
06/05/26,7761,27.90,95.00,0.00,NORMAL
06/05/26,7762,28.00,95.00,0.00,NORMAL
06/05/26,7763,28.00,95.00,0.00,NORMAL
06/05/26,7764,27.90,95.00,0.00,NORMAL
06/05/26,7765,27.90,95.00,0.00,NORMAL
06/05/26,7766,27.90,95.00,0.00,NORMAL
06/05/26,7767,27.90,95.00,0.00,NORMAL
06/05/26,7768,27.90,95.00,0.00,NORMAL
06/05/26,7769,27.90,95.00,0.00,NORMAL
06/05/26,7770,28.00,95.00,0.00,NORMAL
06/05/26,7771,28.00,95.00,0.00,NORMAL
06/05/26,7772,27.90,95.00,0.00,NORMAL
06/05/26,7773,27.90,95.00,0.00,NORMAL
06/05/26,7774,27.90,95.00,0.00,NORMAL
06/05/26,7775,27.90,95.00,0.00,NORMAL
06/05/26,7776,27.90,95.00,0.00,NORMAL
06/05/26,7777,27.90,95.00,0.00,NORMAL
06/05/26,7778,27.90,95.00,0.00,NORMAL
06/05/26,7779,27.90,95.00,0.00,NORMAL
06/05/26,7780,27.90,95.00,0.00,NORMAL
06/05/26,7781,27.90,95.00,0.00,NORMAL
06/05/26,7782,27.90,95.00,0.00,NORMAL
06/05/26,7783,27.90,95.00,0.00,NORMAL
06/05/26,7784,27.90,95.00,0.00,NORMAL
12/05/26,7785,34.80,89.00,0.05,NORMAL
12/05/26,7786,34.80,88.00,0.10,NORMAL
12/05/26,7787,34.90,87.00,0.15,NORMAL
12/05/26,7788,34.90,87.00,0.00,NORMAL
12/05/26,7789,35.00,87.00,0.10,NORMAL
12/05/26,7790,35.10,87.00,0.10,NORMAL
12/05/26,7791,35.00,87.00,0.05,NORMAL
12/05/26,7792,35.00,87.00,0.00,NORMAL
12/05/26,7793,35.40,88.00,0.55,NORMAL
12/05/26,7794,35.00,88.00,0.35,NORMAL
12/05/26,7795,35.10,87.00,0.35,NORMAL
12/05/26,7796,35.10,88.00,0.05,NORMAL
12/05/26,7797,34.90,88.00,0.45,NORMAL
12/05/26,7798,35.00,88.00,0.00,NORMAL
12/05/26,7799,34.90,88.00,0.10,NORMAL
12/05/26,7800,34.70,87.00,0.05,NORMAL
12/05/26,7801,34.70,88.00,0.10,NORMAL
12/05/26,7802,34.60,89.00,0.05,NORMAL
12/05/26,7803,34.60,89.00,0.10,NORMAL
12/05/26,7804,34.50,90.00,0.20,NORMAL
12/05/26,7805,34.30,91.00,0.40,NORMAL
12/05/26,7806,34.50,92.00,0.30,NORMAL
12/05/26,7807,34.30,92.00,0.10,NORMAL
12/05/26,7808,34.40,93.00,0.35,NORMAL
12/05/26,7809,34.30,93.00,0.05,NORMAL
12/05/26,7810,34.20,94.00,0.10,NORMAL
12/05/26,7811,34.20,94.00,0.10,NORMAL
12/05/26,7812,34.10,95.00,0.00,NORMAL
12/05/26,7813,34.20,95.00,0.00,NORMAL
12/05/26,7814,34.10,95.00,0.00,NORMAL
12/05/26,7815,34.00,95.00,0.25,NORMAL
12/05/26,7816,34.10,95.00,0.20,NORMAL
12/05/26,7817,34.10,95.00,0.05,NORMAL
12/05/26,7818,34.00,95.00,0.10,NORMAL
12/05/26,7819,34.00,95.00,0.10,NORMAL
12/05/26,7820,33.90,95.00,0.15,NORMAL
12/05/26,7821,33.90,95.00,0.00,NORMAL
12/05/26,7822,33.90,95.00,0.05,NORMAL
12/05/26,7823,33.90,95.00,0.05,NORMAL
12/05/26,7824,33.90,95.00,0.10,NORMAL
12/05/26,7825,33.80,95.00,0.00,NORMAL
12/05/26,7826,33.70,95.00,0.15,NORMAL
12/05/26,7827,33.70,95.00,0.00,NORMAL
12/05/26,7828,33.90,95.00,0.10,NORMAL
12/05/26,7829,34.00,95.00,0.15,NORMAL
12/05/26,7830,34.00,95.00,0.00,NORMAL
12/05/26,7831,34.10,95.00,0.00,NORMAL
12/05/26,7832,34.10,95.00,0.00,NORMAL
12/05/26,7833,34.20,95.00,0.05,NORMAL
12/05/26,7834,34.20,95.00,0.15,NORMAL
12/05/26,7835,34.30,95.00,0.05,NORMAL
12/05/26,7836,34.30,95.00,0.05,NORMAL
12/05/26,7837,34.30,95.00,0.10,NORMAL
12/05/26,7838,34.30,95.00,0.05,NORMAL
12/05/26,7839,34.30,95.00,0.10,NORMAL
12/05/26,7840,34.30,95.00,0.00,NORMAL
12/05/26,7841,34.30,95.00,0.00,NORMAL
12/05/26,7842,34.40,95.00,0.00,NORMAL
12/05/26,7843,34.50,95.00,0.00,NORMAL
12/05/26,7844,34.50,95.00,0.05,NORMAL
12/05/26,7845,34.50,95.00,0.00,NORMAL
12/05/26,7846,34.60,95.00,0.00,NORMAL
12/05/26,7847,34.50,95.00,0.05,NORMAL
12/05/26,7848,34.60,95.00,0.00,NORMAL
12/05/26,7849,34.60,95.00,0.00,NORMAL
12/05/26,7850,34.70,95.00,0.00,NORMAL
12/05/26,7851,34.70,95.00,0.05,NORMAL
12/05/26,7852,34.70,95.00,0.00,NORMAL
12/05/26,7853,34.90,95.00,0.00,NORMAL
12/05/26,7854,35.00,95.00,0.00,NORMAL
12/05/26,7855,35.10,95.00,0.00,NORMAL
12/05/26,7856,35.20,95.00,0.05,NORMAL
12/05/26,7857,35.30,95.00,0.00,NORMAL
12/05/26,7858,35.30,95.00,0.00,NORMAL
12/05/26,7859,35.50,94.00,0.00,NORMAL
12/05/26,7860,35.40,94.00,0.00,NORMAL
12/05/26,7861,35.40,94.00,0.00,NORMAL
12/05/26,7862,35.40,94.00,0.00,NORMAL
12/05/26,7863,35.50,94.00,0.00,NORMAL
12/05/26,7864,35.50,94.00,0.05,NORMAL
12/05/26,7865,35.50,93.00,0.00,NORMAL
12/05/26,7866,35.40,93.00,0.00,NORMAL
12/05/26,7867,35.30,94.00,0.00,NORMAL
12/05/26,7868,35.30,93.00,0.15,NORMAL
12/05/26,7869,35.20,92.00,0.05,NORMAL
12/05/26,7870,35.00,92.00,0.00,NORMAL
12/05/26,7871,34.90,93.00,0.00,NORMAL
12/05/26,7872,34.70,92.00,0.00,NORMAL
12/05/26,7873,34.60,93.00,0.10,NORMAL
12/05/26,7874,34.50,94.00,0.00,NORMAL
12/05/26,7875,34.50,94.00,0.00,NORMAL
12/05/26,7876,34.60,94.00,0.05,NORMAL
12/05/26,7877,34.70,95.00,0.00,NORMAL
12/05/26,7878,34.70,95.00,0.00,NORMAL
12/05/26,7879,34.80,94.00,0.00,NORMAL
12/05/26,7880,34.90,92.00,0.05,NORMAL
12/05/26,7881,34.80,93.00,0.00,NORMAL
12/05/26,7882,34.90,93.00,0.00,NORMAL
12/05/26,7883,34.90,93.00,0.00,NORMAL
12/05/26,7884,34.90,92.00,0.05,NORMAL
12/05/26,7885,34.90,92.00,0.00,NORMAL
12/05/26,7886,35.20,93.00,0.10,NORMAL
12/05/26,7887,35.10,91.00,0.00,NORMAL
12/05/26,7888,35.10,91.00,0.00,NORMAL
12/05/26,7889,35.10,92.00,0.00,NORMAL
12/05/26,7890,35.10,91.00,0.00,NORMAL
12/05/26,7891,35.10,91.00,0.00,NORMAL
12/05/26,7892,35.10,91.00,0.00,NORMAL
12/05/26,7893,35.10,90.00,0.00,NORMAL
12/05/26,7894,35.30,91.00,0.00,NORMAL
12/05/26,7895,35.10,91.00,0.00,NORMAL
12/05/26,7896,35.40,91.00,0.00,NORMAL
12/05/26,7897,35.40,91.00,0.00,NORMAL
12/05/26,7898,35.50,91.00,0.00,NORMAL
12/05/26,7899,35.40,91.00,0.00,NORMAL
12/05/26,7900,35.60,91.00,0.00,NORMAL
12/05/26,7901,35.60,91.00,0.00,NORMAL
12/05/26,7902,35.70,91.00,0.05,NORMAL
12/05/26,7903,35.60,91.00,0.05,NORMAL
12/05/26,7904,35.70,91.00,0.05,NORMAL
12/05/26,7905,35.70,90.00,0.05,NORMAL
12/05/26,7906,35.70,91.00,0.05,NORMAL
12/05/26,7907,35.70,89.00,0.00,NORMAL
12/05/26,7908,35.80,89.00,0.00,NORMAL
12/05/26,7909,35.80,88.00,0.05,NORMAL
12/05/26,7910,35.80,89.00,0.00,NORMAL
12/05/26,7911,35.80,88.00,0.05,NORMAL
12/05/26,7912,35.70,89.00,0.00,NORMAL
12/05/26,7913,35.70,89.00,0.10,NORMAL
12/05/26,7914,35.70,89.00,0.00,NORMAL
12/05/26,7915,35.70,90.00,0.00,NORMAL
12/05/26,7916,35.60,90.00,0.00,NORMAL
12/05/26,7917,35.70,89.00,0.00,NORMAL
12/05/26,7918,35.70,89.00,0.00,NORMAL
12/05/26,7919,35.70,88.00,0.00,NORMAL
12/05/26,7920,35.70,88.00,0.00,NORMAL
12/05/26,7921,35.70,88.00,0.00,NORMAL
12/05/26,7922,35.70,87.00,0.00,NORMAL
12/05/26,7923,35.70,87.00,0.00,NORMAL
12/05/26,7924,35.60,87.00,0.05,NORMAL
12/05/26,7925,35.40,87.00,0.00,NORMAL
12/05/26,7926,35.30,88.00,0.00,NORMAL
12/05/26,7927,35.30,88.00,0.00,NORMAL
12/05/26,7928,35.00,89.00,0.00,NORMAL
12/05/26,7929,34.90,90.00,0.00,NORMAL
12/05/26,7930,34.80,91.00,0.00,NORMAL
12/05/26,7931,34.70,90.00,0.00,NORMAL
12/05/26,7932,34.70,91.00,0.00,NORMAL
12/05/26,7933,34.60,91.00,0.00,NORMAL
12/05/26,7934,34.60,92.00,0.00,NORMAL
12/05/26,7935,34.50,92.00,0.00,NORMAL
12/05/26,7936,34.60,92.00,0.05,NORMAL
12/05/26,7937,34.40,93.00,0.00,NORMAL
12/05/26,7938,34.30,93.00,0.05,NORMAL
12/05/26,7939,34.30,93.00,0.00,NORMAL
12/05/26,7940,34.30,94.00,0.00,NORMAL
12/05/26,7941,34.20,94.00,0.00,NORMAL
12/05/26,7942,34.20,95.00,0.00,NORMAL
12/05/26,7943,34.30,95.00,0.00,NORMAL
12/05/26,7944,34.20,95.00,0.05,NORMAL
12/05/26,7945,34.20,95.00,0.00,NORMAL
12/05/26,7946,34.20,95.00,0.00,NORMAL
12/05/26,7947,34.30,95.00,0.00,NORMAL
12/05/26,7948,34.30,95.00,0.00,NORMAL
12/05/26,7949,34.40,95.00,0.00,NORMAL
12/05/26,7950,34.40,95.00,0.00,NORMAL
12/05/26,7951,34.50,95.00,0.00,NORMAL
12/05/26,7952,34.50,95.00,0.00,NORMAL
12/05/26,7953,34.60,95.00,0.00,NORMAL
12/05/26,7954,34.60,94.00,0.10,NORMAL
12/05/26,7955,34.60,95.00,0.10,NORMAL
12/05/26,7956,34.60,94.00,0.10,NORMAL
12/05/26,7957,34.60,94.00,0.00,NORMAL
12/05/26,7958,34.70,94.00,0.00,NORMAL
12/05/26,7959,34.70,94.00,0.05,NORMAL
12/05/26,7960,34.60,93.00,0.10,NORMAL
12/05/26,7961,34.60,94.00,0.00,NORMAL
12/05/26,7962,34.50,94.00,0.05,NORMAL
12/05/26,7963,34.50,95.00,0.00,NORMAL
12/05/26,7964,34.50,93.00,0.00,NORMAL
12/05/26,7965,34.60,92.00,0.05,NORMAL
12/05/26,7966,34.50,92.00,0.00,NORMAL
12/05/26,7967,34.50,93.00,0.00,NORMAL
12/05/26,7968,34.50,93.00,0.00,NORMAL
12/05/26,7969,34.60,94.00,0.25,NORMAL
12/05/26,7970,34.70,93.00,0.00,NORMAL
12/05/26,7971,34.70,93.00,0.05,NORMAL
12/05/26,7972,34.60,94.00,0.15,NORMAL
12/05/26,7973,34.70,94.00,0.00,NORMAL
12/05/26,7974,34.70,93.00,0.05,NORMAL
12/05/26,7975,34.70,93.00,0.00,NORMAL
12/05/26,7976,34.80,93.00,0.00,NORMAL
12/05/26,7977,34.70,94.00,0.00,NORMAL
12/05/26,7978,34.70,94.00,0.00,NORMAL
12/05/26,7979,34.70,94.00,0.00,NORMAL
12/05/26,7980,34.70,95.00,0.10,NORMAL
12/05/26,7981,34.70,95.00,0.00,NORMAL
12/05/26,7982,34.70,95.00,0.00,NORMAL
12/05/26,7983,34.70,94.00,0.00,NORMAL
12/05/26,7984,34.60,95.00,0.00,NORMAL
12/05/26,7985,34.60,95.00,0.00,NORMAL
12/05/26,7986,34.50,95.00,0.00,NORMAL
12/05/26,7987,34.50,95.00,0.00,NORMAL
12/05/26,7988,34.50,95.00,0.00,NORMAL
12/05/26,7989,34.30,95.00,0.05,NORMAL
12/05/26,7990,34.10,95.00,0.00,NORMAL
12/05/26,7991,34.10,95.00,0.10,NORMAL
12/05/26,7992,34.00,95.00,0.00,NORMAL
12/05/26,7993,33.90,95.00,0.05,NORMAL
12/05/26,7994,33.70,95.00,0.00,NORMAL
12/05/26,7995,33.70,95.00,0.00,NORMAL
12/05/26,7996,33.50,95.00,0.00,NORMAL
12/05/26,7997,33.40,95.00,0.05,NORMAL
12/05/26,7998,33.40,95.00,0.00,NORMAL
12/05/26,7999,33.40,95.00,0.00,NORMAL
12/05/26,8000,33.40,95.00,0.00,NORMAL
12/05/26,8001,33.40,95.00,0.00,NORMAL
12/05/26,8002,33.40,95.00,0.00,NORMAL
12/05/26,8003,33.40,95.00,0.00,NORMAL
12/05/26,8004,33.50,95.00,0.00,NORMAL
12/05/26,8005,33.70,95.00,0.00,NORMAL
12/05/26,8006,33.70,95.00,0.00,NORMAL
12/05/26,8007,33.90,95.00,0.00,NORMAL
12/05/26,8008,33.80,95.00,0.05,NORMAL
12/05/26,8009,33.90,95.00,0.00,NORMAL
12/05/26,8010,33.90,95.00,0.00,NORMAL
12/05/26,8011,34.00,95.00,0.00,NORMAL
12/05/26,8012,34.00,95.00,0.00,NORMAL
12/05/26,8013,34.00,95.00,0.00,NORMAL
12/05/26,8014,34.00,95.00,0.00,NORMAL
12/05/26,8015,34.10,95.00,0.00,NORMAL
12/05/26,8016,34.10,95.00,0.00,NORMAL
12/05/26,8017,34.10,95.00,0.00,NORMAL
12/05/26,8018,34.10,95.00,0.00,NORMAL
12/05/26,8019,34.10,95.00,0.00,NORMAL
12/05/26,8020,34.10,95.00,0.00,NORMAL
12/05/26,8021,34.20,95.00,0.00,NORMAL
12/05/26,8022,34.10,95.00,0.00,NORMAL
12/05/26,8023,34.30,95.00,0.00,NORMAL
12/05/26,8024,34.40,95.00,0.05,NORMAL
12/05/26,8025,34.30,95.00,0.00,NORMAL
12/05/26,8026,34.30,95.00,0.00,NORMAL
12/05/26,8027,34.30,95.00,0.00,NORMAL
12/05/26,8028,34.10,95.00,0.00,NORMAL
12/05/26,8029,34.20,95.00,0.00,NORMAL
12/05/26,8030,34.20,95.00,0.00,NORMAL
12/05/26,8031,34.10,95.00,0.00,NORMAL
12/05/26,8032,34.30,95.00,0.00,NORMAL
12/05/26,8033,34.30,95.00,0.00,NORMAL
12/05/26,8034,34.20,95.00,0.00,NORMAL
12/05/26,8035,34.10,95.00,0.00,NORMAL
12/05/26,8036,34.20,95.00,0.00,NORMAL
12/05/26,8037,34.20,95.00,0.00,NORMAL
12/05/26,8038,34.20,95.00,0.00,NORMAL
12/05/26,8039,34.20,95.00,0.00,NORMAL
12/05/26,8040,34.20,95.00,0.00,NORMAL
12/05/26,8041,34.20,95.00,0.00,NORMAL
12/05/26,8042,34.20,95.00,0.00,NORMAL
12/05/26,8043,34.20,95.00,0.00,NORMAL
12/05/26,8044,34.20,95.00,0.05,NORMAL
12/05/26,8045,34.30,95.00,0.00,NORMAL
12/05/26,8046,34.40,95.00,0.00,NORMAL
12/05/26,8047,34.40,95.00,0.00,NORMAL
12/05/26,8048,34.50,95.00,0.00,NORMAL
12/05/26,8049,34.50,95.00,0.00,NORMAL
12/05/26,8050,34.70,95.00,0.00,NORMAL
12/05/26,8051,34.60,95.00,0.00,NORMAL
12/05/26,8052,34.60,95.00,0.55,NORMAL
12/05/26,8053,34.60,95.00,0.00,NORMAL
12/05/26,8054,34.50,95.00,0.00,NORMAL
12/05/26,8055,34.50,95.00,0.00,NORMAL
12/05/26,8056,34.40,95.00,0.00,NORMAL
12/05/26,8057,34.30,95.00,0.00,NORMAL
12/05/26,8058,34.30,95.00,0.00,NORMAL
12/05/26,8059,34.30,95.00,0.00,NORMAL
12/05/26,8060,34.30,95.00,0.00,NORMAL
12/05/26,8061,34.30,95.00,0.00,NORMAL
12/05/26,8062,34.30,95.00,0.00,NORMAL
12/05/26,8063,34.30,95.00,0.05,NORMAL
12/05/26,8064,34.30,95.00,0.15,NORMAL
12/05/26,8065,34.30,95.00,0.00,NORMAL
12/05/26,8066,34.40,95.00,0.25,NORMAL
12/05/26,8067,34.50,95.00,0.35,NORMAL
12/05/26,8068,34.50,95.00,0.00,NORMAL
12/05/26,8069,34.50,95.00,0.00,NORMAL
12/05/26,8070,34.60,95.00,0.00,NORMAL
12/05/26,8071,34.70,95.00,0.00,NORMAL
12/05/26,8072,34.50,95.00,0.50,NORMAL
12/05/26,8073,34.70,95.00,0.00,NORMAL
12/05/26,8074,34.90,95.00,0.00,NORMAL
12/05/26,8075,34.90,95.00,0.00,NORMAL
12/05/26,8076,34.90,95.00,0.00,NORMAL
12/05/26,8077,34.70,95.00,0.00,NORMAL
12/05/26,8078,34.70,95.00,0.00,NORMAL
12/05/26,8079,34.70,95.00,0.00,NORMAL
12/05/26,8080,34.70,95.00,0.00,NORMAL
12/05/26,8081,34.60,95.00,0.00,NORMAL
12/05/26,8082,34.60,95.00,0.00,NORMAL
12/05/26,8083,34.60,95.00,0.00,NORMAL
12/05/26,8084,34.50,95.00,0.00,NORMAL
12/05/26,8085,34.50,95.00,0.00,NORMAL
12/05/26,8086,34.50,95.00,0.00,NORMAL
12/05/26,8087,34.50,95.00,0.00,NORMAL
12/05/26,8088,34.40,95.00,0.00,NORMAL
12/05/26,8089,34.40,95.00,0.00,NORMAL
12/05/26,8090,34.40,95.00,0.00,NORMAL
12/05/26,8091,34.30,95.00,0.00,NORMAL
12/05/26,8092,34.30,95.00,0.00,NORMAL
12/05/26,8093,34.20,95.00,0.05,NORMAL
12/05/26,8094,34.20,95.00,0.00,NORMAL
12/05/26,8095,34.10,95.00,0.10,NORMAL
12/05/26,8096,34.20,95.00,0.00,NORMAL
12/05/26,8097,34.20,95.00,0.20,NORMAL
12/05/26,8098,34.30,95.00,0.05,NORMAL
12/05/26,8099,34.50,95.00,0.00,NORMAL
12/05/26,8100,34.50,95.00,0.50,NORMAL
12/05/26,8101,34.60,95.00,0.10,NORMAL
12/05/26,8102,34.70,95.00,0.00,NORMAL
12/05/26,8103,34.60,95.00,0.00,NORMAL
12/05/26,8104,34.60,95.00,0.00,NORMAL
12/05/26,8105,34.50,95.00,0.00,NORMAL
12/05/26,8106,34.70,95.00,0.00,NORMAL
12/05/26,8107,34.40,95.00,0.00,NORMAL
12/05/26,8108,34.40,95.00,0.00,NORMAL
12/05/26,8109,34.40,95.00,0.00,NORMAL
12/05/26,8110,34.40,95.00,0.00,NORMAL
12/05/26,8111,34.50,95.00,0.00,NORMAL
12/05/26,8112,34.40,95.00,0.00,NORMAL
12/05/26,8113,34.30,95.00,0.00,NORMAL
12/05/26,8114,34.50,95.00,0.00,NORMAL
12/05/26,8115,34.50,95.00,0.00,NORMAL
12/05/26,8116,34.50,95.00,0.10,NORMAL
12/05/26,8117,34.50,95.00,0.15,NORMAL
12/05/26,8118,34.50,95.00,0.00,NORMAL
12/05/26,8119,34.50,95.00,0.05,NORMAL
12/05/26,8120,34.50,95.00,0.45,NORMAL
12/05/26,8121,34.50,95.00,0.00,NORMAL
12/05/26,8122,34.50,95.00,0.00,NORMAL
12/05/26,8123,34.50,95.00,0.00,NORMAL
12/05/26,8124,34.40,95.00,0.25,NORMAL
12/05/26,8125,34.40,95.00,0.05,NORMAL
12/05/26,8126,34.30,95.00,0.00,NORMAL
12/05/26,8127,34.20,95.00,0.00,NORMAL
12/05/26,8128,34.10,95.00,0.00,NORMAL
12/05/26,8129,34.00,95.00,0.00,NORMAL
12/05/26,8130,33.90,95.00,0.00,NORMAL
12/05/26,8131,33.80,95.00,0.00,NORMAL
12/05/26,8132,33.70,95.00,0.00,NORMAL
12/05/26,8133,33.50,95.00,0.00,NORMAL
12/05/26,8134,33.40,95.00,0.00,NORMAL
12/05/26,8135,33.40,95.00,0.05,NORMAL
12/05/26,8136,33.40,95.00,0.05,NORMAL
12/05/26,8137,33.40,95.00,0.05,NORMAL
12/05/26,8138,33.30,95.00,0.05,NORMAL
12/05/26,8139,33.40,95.00,0.30,NORMAL
12/05/26,8140,33.40,95.00,0.00,NORMAL
12/05/26,8141,33.40,95.00,0.05,NORMAL
12/05/26,8142,33.50,95.00,0.00,NORMAL
12/05/26,8143,33.70,95.00,0.00,NORMAL
12/05/26,8144,33.70,95.00,0.90,NORMAL
12/05/26,8145,33.80,95.00,0.00,NORMAL
12/05/26,8146,34.00,95.00,0.00,NORMAL
12/05/26,8147,34.00,95.00,0.00,NORMAL
12/05/26,8148,34.00,95.00,0.00,NORMAL
12/05/26,8149,34.00,95.00,0.00,NORMAL
12/05/26,8150,34.00,95.00,0.00,NORMAL
12/05/26,8151,34.00,95.00,0.00,NORMAL
12/05/26,8152,33.90,95.00,0.00,NORMAL
12/05/26,8153,33.90,95.00,0.00,NORMAL
12/05/26,8154,33.80,95.00,0.00,NORMAL
12/05/26,8155,33.80,95.00,0.00,NORMAL
12/05/26,8156,33.70,95.00,0.20,NORMAL
12/05/26,8157,33.60,95.00,0.25,NORMAL
12/05/26,8158,33.60,95.00,0.05,NORMAL
12/05/26,8159,33.60,95.00,0.20,NORMAL
12/05/26,8160,33.60,95.00,0.00,NORMAL
12/05/26,8161,33.70,95.00,0.00,NORMAL
12/05/26,8162,33.70,95.00,0.00,NORMAL
12/05/26,8163,33.80,95.00,0.00,NORMAL
12/05/26,8164,33.90,95.00,0.65,NORMAL
12/05/26,8165,34.00,95.00,0.00,NORMAL
12/05/26,8166,33.90,95.00,0.00,NORMAL
12/05/26,8167,33.90,95.00,0.00,NORMAL
12/05/26,8168,33.70,95.00,0.00,NORMAL
12/05/26,8169,33.70,95.00,0.00,NORMAL
12/05/26,8170,33.40,95.00,0.00,NORMAL
12/05/26,8171,33.40,95.00,0.00,NORMAL
12/05/26,8172,33.30,95.00,0.00,NORMAL
12/05/26,8173,33.20,95.00,0.00,NORMAL
12/05/26,8174,33.20,95.00,0.00,NORMAL
12/05/26,8175,33.00,95.00,0.00,NORMAL
12/05/26,8176,32.90,95.00,0.00,NORMAL
12/05/26,8177,32.90,95.00,0.05,NORMAL
12/05/26,8178,33.00,95.00,0.15,NORMAL
12/05/26,8179,33.20,95.00,0.15,NORMAL
12/05/26,8180,33.20,95.00,0.25,NORMAL
12/05/26,8181,33.20,95.00,0.25,NORMAL
12/05/26,8182,33.40,95.00,0.05,NORMAL
12/05/26,8183,33.50,95.00,0.00,NORMAL
12/05/26,8184,33.70,95.00,0.10,NORMAL
12/05/26,8185,33.70,95.00,0.15,NORMAL
12/05/26,8186,33.90,95.00,0.20,NORMAL
12/05/26,8187,33.90,95.00,0.00,NORMAL
12/05/26,8188,34.00,95.00,0.00,NORMAL
12/05/26,8189,34.00,95.00,0.00,NORMAL
12/05/26,8190,34.00,95.00,0.00,NORMAL
12/05/26,8191,34.10,95.00,0.00,NORMAL
12/05/26,8192,34.00,95.00,0.00,NORMAL
12/05/26,8193,34.00,95.00,0.00,NORMAL
12/05/26,8194,34.00,95.00,0.00,NORMAL
12/05/26,8195,34.00,95.00,0.00,NORMAL
12/05/26,8196,34.00,95.00,0.00,NORMAL
12/05/26,8197,33.90,95.00,0.00,NORMAL
12/05/26,8198,33.90,95.00,0.00,NORMAL
12/05/26,8199,33.70,95.00,0.00,NORMAL
12/05/26,8200,33.60,95.00,0.00,NORMAL
12/05/26,8201,33.50,95.00,0.00,NORMAL
12/05/26,8202,33.40,95.00,0.00,NORMAL
12/05/26,8203,33.40,95.00,0.00,NORMAL
12/05/26,8204,33.20,95.00,0.00,NORMAL
12/05/26,8205,33.20,95.00,0.00,NORMAL
12/05/26,8206,33.20,95.00,0.00,NORMAL
12/05/26,8207,33.20,95.00,0.00,NORMAL
12/05/26,8208,33.20,95.00,0.00,NORMAL
12/05/26,8209,33.20,95.00,0.00,NORMAL
12/05/26,8210,33.20,95.00,0.00,NORMAL
12/05/26,8211,33.30,95.00,0.00,NORMAL
12/05/26,8212,33.30,95.00,0.00,NORMAL
12/05/26,8213,33.40,95.00,0.00,NORMAL
12/05/26,8214,33.50,95.00,0.00,NORMAL
12/05/26,8215,33.50,95.00,0.00,NORMAL
12/05/26,8216,33.40,95.00,0.00,NORMAL
12/05/26,8217,33.60,95.00,0.00,NORMAL
12/05/26,8218,33.60,95.00,0.00,NORMAL
12/05/26,8219,33.50,95.00,0.00,NORMAL
12/05/26,8220,33.70,95.00,0.00,NORMAL
12/05/26,8221,33.60,95.00,0.00,NORMAL
12/05/26,8222,33.70,95.00,0.00,NORMAL
12/05/26,8223,33.70,95.00,0.00,NORMAL
12/05/26,8224,33.70,95.00,0.00,NORMAL
12/05/26,8225,33.60,95.00,0.00,NORMAL
12/05/26,8226,33.70,95.00,0.00,NORMAL
12/05/26,8227,33.70,95.00,0.00,NORMAL
12/05/26,8228,33.70,95.00,0.00,NORMAL
12/05/26,8229,33.60,95.00,0.00,NORMAL
12/05/26,8230,33.60,95.00,0.00,NORMAL
12/05/26,8231,33.40,95.00,0.00,NORMAL
12/05/26,8232,33.40,95.00,0.00,NORMAL
12/05/26,8233,33.30,95.00,0.00,NORMAL
12/05/26,8234,33.30,95.00,0.00,NORMAL
12/05/26,8235,33.30,95.00,0.00,NORMAL
12/05/26,8236,33.20,95.00,0.00,NORMAL
12/05/26,8237,33.20,95.00,0.00,NORMAL
12/05/26,8238,33.20,95.00,0.00,NORMAL
12/05/26,8239,33.20,95.00,0.00,NORMAL
12/05/26,8240,33.20,95.00,0.00,NORMAL
12/05/26,8241,33.30,95.00,0.00,NORMAL
12/05/26,8242,33.30,95.00,0.00,NORMAL
12/05/26,8243,33.40,95.00,0.00,NORMAL
12/05/26,8244,33.30,95.00,0.00,NORMAL
12/05/26,8245,33.40,95.00,0.00,NORMAL
12/05/26,8246,33.40,95.00,0.00,NORMAL
12/05/26,8247,33.50,95.00,0.00,NORMAL
12/05/26,8248,33.50,95.00,0.00,NORMAL
12/05/26,8249,33.50,95.00,0.00,NORMAL
12/05/26,8250,33.50,95.00,0.00,NORMAL
12/05/26,8251,33.60,95.00,0.00,NORMAL
12/05/26,8252,33.50,95.00,0.00,NORMAL
12/05/26,8253,33.50,95.00,0.00,NORMAL
12/05/26,8254,33.50,95.00,0.00,NORMAL
12/05/26,8255,33.50,95.00,0.00,NORMAL
12/05/26,8256,33.50,95.00,0.00,NORMAL
12/05/26,8257,33.50,95.00,0.00,NORMAL
12/05/26,8258,33.50,95.00,0.00,NORMAL
12/05/26,8259,33.30,95.00,0.00,NORMAL
12/05/26,8260,33.40,95.00,0.00,NORMAL
12/05/26,8261,33.40,95.00,0.00,NORMAL
12/05/26,8262,33.40,95.00,0.00,NORMAL
12/05/26,8263,33.40,95.00,0.00,NORMAL
12/05/26,8264,33.50,95.00,0.00,NORMAL
12/05/26,8265,33.50,95.00,0.00,NORMAL
12/05/26,8266,33.60,95.00,0.00,NORMAL
12/05/26,8267,33.60,95.00,0.00,NORMAL
12/05/26,8268,33.50,95.00,0.00,NORMAL
12/05/26,8269,33.50,95.00,0.00,NORMAL
12/05/26,8270,33.60,95.00,0.00,NORMAL
12/05/26,8271,33.60,95.00,0.00,NORMAL
12/05/26,8272,33.70,95.00,0.00,NORMAL
12/05/26,8273,33.80,95.00,0.00,NORMAL
12/05/26,8274,33.80,95.00,0.00,NORMAL
12/05/26,8275,33.80,95.00,0.00,NORMAL
12/05/26,8276,33.80,95.00,0.00,NORMAL
12/05/26,8277,33.90,95.00,0.00,NORMAL
12/05/26,8278,33.80,95.00,0.00,NORMAL
12/05/26,8279,33.80,95.00,0.00,NORMAL
12/05/26,8280,33.90,95.00,0.00,NORMAL
12/05/26,8281,33.90,95.00,0.00,NORMAL
12/05/26,8282,33.90,95.00,0.00,NORMAL
12/05/26,8283,33.70,95.00,0.00,NORMAL
12/05/26,8284,33.80,95.00,0.00,NORMAL
12/05/26,8285,33.80,95.00,0.00,NORMAL
12/05/26,8286,33.60,95.00,0.00,NORMAL
12/05/26,8287,33.50,95.00,0.00,NORMAL
12/05/26,8288,33.40,95.00,0.00,NORMAL
12/05/26,8289,33.40,95.00,0.00,NORMAL
12/05/26,8290,33.40,95.00,0.00,NORMAL
12/05/26,8291,33.40,95.00,0.00,NORMAL
12/05/26,8292,33.40,95.00,0.00,NORMAL
12/05/26,8293,33.40,95.00,0.00,NORMAL
12/05/26,8294,33.40,95.00,0.00,NORMAL
12/05/26,8295,33.30,95.00,0.00,NORMAL
12/05/26,8296,33.40,95.00,0.00,NORMAL
12/05/26,8297,33.40,95.00,0.00,NORMAL
12/05/26,8298,33.40,95.00,0.00,NORMAL
12/05/26,8299,33.50,95.00,0.00,NORMAL
12/05/26,8300,33.60,95.00,0.00,NORMAL
12/05/26,8301,33.70,95.00,0.00,NORMAL
12/05/26,8302,33.70,95.00,0.00,NORMAL
12/05/26,8303,33.70,95.00,0.00,NORMAL
12/05/26,8304,33.80,95.00,0.00,NORMAL
12/05/26,8305,33.70,95.00,0.00,NORMAL
12/05/26,8306,33.60,95.00,0.00,NORMAL
12/05/26,8307,33.60,95.00,0.00,NORMAL
12/05/26,8308,33.60,95.00,0.00,NORMAL
12/05/26,8309,33.40,95.00,0.00,NORMAL
12/05/26,8310,33.50,95.00,0.00,NORMAL
12/05/26,8311,33.40,95.00,0.00,NORMAL
12/05/26,8312,33.40,95.00,0.00,NORMAL
12/05/26,8313,33.40,95.00,0.00,NORMAL
12/05/26,8314,33.30,95.00,0.00,NORMAL
12/05/26,8315,33.20,95.00,0.00,NORMAL
12/05/26,8316,33.10,95.00,0.00,NORMAL
12/05/26,8317,33.10,95.00,0.00,NORMAL
12/05/26,8318,33.10,95.00,0.00,NORMAL
12/05/26,8319,33.10,95.00,0.00,NORMAL
12/05/26,8320,33.10,95.00,0.00,NORMAL
12/05/26,8321,33.00,95.00,0.00,NORMAL
12/05/26,8322,33.00,95.00,0.00,NORMAL
12/05/26,8323,32.90,95.00,0.00,NORMAL
12/05/26,8324,32.90,95.00,0.00,NORMAL
12/05/26,8325,32.90,95.00,0.00,NORMAL
12/05/26,8326,32.90,95.00,0.00,NORMAL
12/05/26,8327,32.90,95.00,0.00,NORMAL
12/05/26,8328,32.90,95.00,0.00,NORMAL
12/05/26,8329,32.90,95.00,0.00,NORMAL
12/05/26,8330,32.90,95.00,0.00,NORMAL
12/05/26,8331,32.90,95.00,0.00,NORMAL
12/05/26,8332,33.00,95.00,0.00,NORMAL
12/05/26,8333,33.00,95.00,0.00,NORMAL
12/05/26,8334,33.00,95.00,0.00,NORMAL
12/05/26,8335,33.00,95.00,0.00,NORMAL
12/05/26,8336,33.10,95.00,0.00,NORMAL
12/05/26,8337,33.10,95.00,0.00,NORMAL
12/05/26,8338,33.10,95.00,0.00,NORMAL
12/05/26,8339,33.10,95.00,0.00,NORMAL
12/05/26,8340,33.20,95.00,0.00,NORMAL
12/05/26,8341,33.20,95.00,0.00,NORMAL
12/05/26,8342,33.20,95.00,0.00,NORMAL
12/05/26,8343,33.30,95.00,0.00,NORMAL
12/05/26,8344,33.40,95.00,0.00,NORMAL
12/05/26,8345,33.40,95.00,0.00,NORMAL
12/05/26,8346,33.40,95.00,0.00,NORMAL
12/05/26,8347,33.40,95.00,0.00,NORMAL
12/05/26,8348,33.40,95.00,0.00,NORMAL
12/05/26,8349,33.40,95.00,0.00,NORMAL
12/05/26,8350,33.30,95.00,0.00,NORMAL
12/05/26,8351,33.30,95.00,0.00,NORMAL
12/05/26,8352,33.40,95.00,0.00,NORMAL
12/05/26,8353,33.40,95.00,0.00,NORMAL
12/05/26,8354,33.40,95.00,0.00,NORMAL
12/05/26,8355,33.50,95.00,0.00,NORMAL
12/05/26,8356,33.50,95.00,0.00,NORMAL
12/05/26,8357,33.50,95.00,0.00,NORMAL
12/05/26,8358,33.50,95.00,0.00,NORMAL
12/05/26,8359,33.60,95.00,0.00,NORMAL
12/05/26,8360,33.60,95.00,0.00,NORMAL
12/05/26,8361,33.50,95.00,0.00,NORMAL
12/05/26,8362,33.50,95.00,0.00,NORMAL
12/05/26,8363,33.70,95.00,0.00,NORMAL
12/05/26,8364,33.50,95.00,0.00,NORMAL
12/05/26,8365,33.40,95.00,0.00,NORMAL
12/05/26,8366,33.40,95.00,0.00,NORMAL
12/05/26,8367,33.40,95.00,0.00,NORMAL
12/05/26,8368,33.30,95.00,0.00,NORMAL
12/05/26,8369,33.30,95.00,0.00,NORMAL
12/05/26,8370,33.30,95.00,0.00,NORMAL
12/05/26,8371,33.40,95.00,0.00,NORMAL
12/05/26,8372,33.20,95.00,0.00,NORMAL
12/05/26,8373,33.20,95.00,0.00,NORMAL
12/05/26,8374,33.20,95.00,0.00,NORMAL
12/05/26,8375,33.20,95.00,0.00,NORMAL
12/05/26,8376,33.20,95.00,0.00,NORMAL
12/05/26,8377,33.20,95.00,0.00,NORMAL
12/05/26,8378,33.10,95.00,0.00,NORMAL
12/05/26,8379,33.10,95.00,0.00,NORMAL
12/05/26,8380,33.20,95.00,0.00,NORMAL
12/05/26,8381,33.10,95.00,0.00,NORMAL
12/05/26,8382,33.10,95.00,0.00,NORMAL
12/05/26,8383,33.00,95.00,0.00,NORMAL
12/05/26,8384,33.20,95.00,0.00,NORMAL
12/05/26,8385,33.20,95.00,0.00,NORMAL
12/05/26,8386,33.20,95.00,0.00,NORMAL
12/05/26,8387,33.20,95.00,0.00,NORMAL
12/05/26,8388,33.20,95.00,0.00,NORMAL
12/05/26,8389,33.20,95.00,0.00,NORMAL
12/05/26,8390,33.20,95.00,0.00,NORMAL
12/05/26,8391,33.20,95.00,0.00,NORMAL
12/05/26,8392,33.30,95.00,0.00,NORMAL
12/05/26,8393,33.30,95.00,0.00,NORMAL
12/05/26,8394,33.40,95.00,0.00,NORMAL
12/05/26,8395,33.40,95.00,0.00,NORMAL
12/05/26,8396,33.30,95.00,0.00,NORMAL
12/05/26,8397,33.30,95.00,0.00,NORMAL
12/05/26,8398,33.30,95.00,0.00,NORMAL
12/05/26,8399,33.40,95.00,0.00,NORMAL
12/05/26,8400,33.40,95.00,0.00,NORMAL
12/05/26,8401,33.40,95.00,0.00,NORMAL
12/05/26,8402,33.40,95.00,0.00,NORMAL
12/05/26,8403,33.50,95.00,0.00,NORMAL
12/05/26,8404,33.50,95.00,0.00,NORMAL
12/05/26,8405,33.50,95.00,0.00,NORMAL
12/05/26,8406,33.50,95.00,0.00,NORMAL
12/05/26,8407,33.60,95.00,0.00,NORMAL
12/05/26,8408,33.50,95.00,0.00,NORMAL
12/05/26,8409,33.40,95.00,0.00,NORMAL
12/05/26,8410,33.50,95.00,0.00,NORMAL
12/05/26,8411,33.50,95.00,0.00,NORMAL
12/05/26,8412,33.40,95.00,0.00,NORMAL
12/05/26,8413,33.30,95.00,0.00,NORMAL
12/05/26,8414,33.30,95.00,0.00,NORMAL
12/05/26,8415,33.30,95.00,0.00,NORMAL
12/05/26,8416,33.30,95.00,0.00,NORMAL
12/05/26,8417,33.20,95.00,0.00,NORMAL
12/05/26,8418,33.20,95.00,0.00,NORMAL
12/05/26,8419,33.20,95.00,0.00,NORMAL
12/05/26,8420,33.20,95.00,0.00,NORMAL
12/05/26,8421,33.20,95.00,0.00,NORMAL
12/05/26,8422,33.20,95.00,0.00,NORMAL
12/05/26,8423,33.20,95.00,0.00,NORMAL
12/05/26,8424,33.10,95.00,0.00,NORMAL
12/05/26,8425,33.10,95.00,0.00,NORMAL
12/05/26,8426,33.10,95.00,0.00,NORMAL
12/05/26,8427,33.10,95.00,0.00,NORMAL
12/05/26,8428,33.10,95.00,0.00,NORMAL
12/05/26,8429,33.10,95.00,0.00,NORMAL
12/05/26,8430,33.00,95.00,0.00,NORMAL
12/05/26,8431,32.90,95.00,0.00,NORMAL
12/05/26,8432,33.00,95.00,0.00,NORMAL
12/05/26,8433,33.00,95.00,0.00,NORMAL
12/05/26,8434,33.00,95.00,0.00,NORMAL
12/05/26,8435,33.10,95.00,0.00,NORMAL
12/05/26,8436,33.10,95.00,0.00,NORMAL
12/05/26,8437,33.20,95.00,0.00,NORMAL
12/05/26,8438,33.20,95.00,0.00,NORMAL
12/05/26,8439,33.20,95.00,0.00,NORMAL
12/05/26,8440,33.20,95.00,0.00,NORMAL
12/05/26,8441,33.30,95.00,0.00,NORMAL
12/05/26,8442,33.30,95.00,0.00,NORMAL
12/05/26,8443,33.20,95.00,0.00,NORMAL
12/05/26,8444,33.20,95.00,0.00,NORMAL
12/05/26,8445,33.10,95.00,0.00,NORMAL
12/05/26,8446,33.10,95.00,0.00,NORMAL
12/05/26,8447,33.20,95.00,0.00,NORMAL
12/05/26,8448,33.20,95.00,0.00,NORMAL
12/05/26,8449,33.20,95.00,0.00,NORMAL
12/05/26,8450,33.30,95.00,0.00,NORMAL
12/05/26,8451,33.30,95.00,0.00,NORMAL
12/05/26,8452,33.30,95.00,0.00,NORMAL
12/05/26,8453,33.30,95.00,0.00,NORMAL
12/05/26,8454,33.30,95.00,0.00,NORMAL
12/05/26,8455,33.30,95.00,0.00,NORMAL
12/05/26,8456,33.40,95.00,0.00,NORMAL
12/05/26,8457,33.30,95.00,0.00,NORMAL
12/05/26,8458,33.30,95.00,0.00,NORMAL
12/05/26,8459,33.20,95.00,0.00,NORMAL
12/05/26,8460,33.20,95.00,0.00,NORMAL
12/05/26,8461,33.10,95.00,0.00,NORMAL
12/05/26,8462,33.20,95.00,0.00,NORMAL
12/05/26,8463,33.10,95.00,0.00,NORMAL
12/05/26,8464,33.20,95.00,0.00,NORMAL
12/05/26,8465,33.20,95.00,0.00,NORMAL
12/05/26,8466,33.20,95.00,0.00,NORMAL
12/05/26,8467,33.20,95.00,0.00,NORMAL
12/05/26,8468,33.30,95.00,0.00,NORMAL
12/05/26,8469,33.30,95.00,0.00,NORMAL
12/05/26,8470,33.20,95.00,0.00,NORMAL
12/05/26,8471,33.20,95.00,0.00,NORMAL
12/05/26,8472,33.20,95.00,0.00,NORMAL
12/05/26,8473,33.20,95.00,0.00,NORMAL
12/05/26,8474,33.10,95.00,0.00,NORMAL
12/05/26,8475,33.10,95.00,0.00,NORMAL
12/05/26,8476,33.10,95.00,0.00,NORMAL
12/05/26,8477,33.10,95.00,0.00,NORMAL
12/05/26,8478,33.20,95.00,0.00,NORMAL
12/05/26,8479,33.20,95.00,0.00,NORMAL
12/05/26,8480,33.00,95.00,0.00,NORMAL
12/05/26,8481,33.30,95.00,0.00,NORMAL
12/05/26,8482,33.30,95.00,0.00,NORMAL
12/05/26,8483,33.30,95.00,0.00,NORMAL
12/05/26,8484,33.30,95.00,0.00,NORMAL
12/05/26,8485,33.00,95.00,0.00,NORMAL
12/05/26,8486,33.30,95.00,0.00,NORMAL
12/05/26,8487,33.20,95.00,0.00,NORMAL
12/05/26,8488,33.10,95.00,0.00,NORMAL
12/05/26,8489,33.00,95.00,0.00,NORMAL
12/05/26,8490,32.90,95.00,0.00,NORMAL
12/05/26,8491,32.90,95.00,0.00,NORMAL
12/05/26,8492,32.80,95.00,0.00,NORMAL
12/05/26,8493,32.80,95.00,0.00,NORMAL
12/05/26,8494,32.70,95.00,0.00,NORMAL
12/05/26,8495,32.60,95.00,0.00,NORMAL
12/05/26,8496,32.60,95.00,0.00,NORMAL
12/05/26,8497,32.50,95.00,0.00,NORMAL
12/05/26,8498,32.50,95.00,0.00,NORMAL
12/05/26,8499,32.40,95.00,0.00,NORMAL
12/05/26,8500,32.40,95.00,0.00,NORMAL
12/05/26,8501,32.40,95.00,0.00,NORMAL
12/05/26,8502,32.50,95.00,0.00,NORMAL
12/05/26,8503,32.40,95.00,0.00,NORMAL
12/05/26,8504,32.50,95.00,0.00,NORMAL
12/05/26,8505,32.50,95.00,0.00,NORMAL
12/05/26,8506,32.50,95.00,0.00,NORMAL
12/05/26,8507,32.60,95.00,0.00,NORMAL
12/05/26,8508,32.60,95.00,0.00,NORMAL
12/05/26,8509,32.70,95.00,0.00,NORMAL
12/05/26,8510,32.70,95.00,0.00,NORMAL
12/05/26,8511,32.80,95.00,0.00,NORMAL
12/05/26,8512,32.80,95.00,0.00,NORMAL
12/05/26,8513,32.90,95.00,0.00,NORMAL
12/05/26,8514,32.90,95.00,0.00,NORMAL
12/05/26,8515,33.00,95.00,0.00,NORMAL
12/05/26,8516,33.10,95.00,0.00,NORMAL
12/05/26,8517,33.10,95.00,0.00,NORMAL
12/05/26,8518,33.10,95.00,0.00,NORMAL
12/05/26,8519,33.10,95.00,0.00,NORMAL
12/05/26,8520,33.00,95.00,0.00,NORMAL
12/05/26,8521,33.00,95.00,0.00,NORMAL
12/05/26,8522,33.10,95.00,0.00,NORMAL
12/05/26,8523,33.10,95.00,0.00,NORMAL
12/05/26,8524,33.00,95.00,0.00,NORMAL
12/05/26,8525,33.00,95.00,0.00,NORMAL
12/05/26,8526,33.00,95.00,0.00,NORMAL
12/05/26,8527,32.90,95.00,0.00,NORMAL
12/05/26,8528,32.90,95.00,0.00,NORMAL
12/05/26,8529,32.90,95.00,0.00,NORMAL
12/05/26,8530,32.90,95.00,0.00,NORMAL
12/05/26,8531,32.90,95.00,0.00,NORMAL
12/05/26,8532,33.00,95.00,0.00,NORMAL
12/05/26,8533,33.00,95.00,0.00,NORMAL
12/05/26,8534,33.00,95.00,0.00,NORMAL
12/05/26,8535,33.00,95.00,0.00,NORMAL
12/05/26,8536,33.10,95.00,0.00,NORMAL
12/05/26,8537,33.20,95.00,0.00,NORMAL
12/05/26,8538,33.30,95.00,0.00,NORMAL
12/05/26,8539,33.30,95.00,0.00,NORMAL
12/05/26,8540,33.40,95.00,0.00,NORMAL
12/05/26,8541,33.40,95.00,0.00,NORMAL
12/05/26,8542,33.40,95.00,0.00,NORMAL
12/05/26,8543,33.50,95.00,0.00,NORMAL
12/05/26,8544,33.50,95.00,0.00,NORMAL
12/05/26,8545,33.50,95.00,0.00,NORMAL
12/05/26,8546,33.50,95.00,0.00,NORMAL
12/05/26,8547,33.30,95.00,0.00,NORMAL
12/05/26,8548,33.40,95.00,0.00,NORMAL
12/05/26,8549,33.30,95.00,0.00,NORMAL
12/05/26,8550,33.30,95.00,0.00,NORMAL
12/05/26,8551,33.20,95.00,0.00,NORMAL
12/05/26,8552,33.20,95.00,0.00,NORMAL
12/05/26,8553,33.30,95.00,0.00,NORMAL
12/05/26,8554,33.20,95.00,0.00,NORMAL
12/05/26,8555,33.20,95.00,0.00,NORMAL
12/05/26,8556,33.30,95.00,0.00,NORMAL
12/05/26,8557,33.30,95.00,0.00,NORMAL
12/05/26,8558,33.20,95.00,0.00,NORMAL
12/05/26,8559,33.20,95.00,0.00,NORMAL
12/05/26,8560,33.30,95.00,0.00,NORMAL
12/05/26,8561,33.30,95.00,0.00,NORMAL
12/05/26,8562,33.30,95.00,0.00,NORMAL
12/05/26,8563,33.30,95.00,0.00,NORMAL
12/05/26,8564,33.30,95.00,0.00,NORMAL
12/05/26,8565,33.30,95.00,0.00,NORMAL
12/05/26,8566,33.20,95.00,0.00,NORMAL
12/05/26,8567,33.30,95.00,0.00,NORMAL
12/05/26,8568,33.30,95.00,0.00,NORMAL
12/05/26,8569,33.30,95.00,0.00,NORMAL
12/05/26,8570,33.30,95.00,0.00,NORMAL
12/05/26,8571,33.30,95.00,0.00,NORMAL
12/05/26,8572,33.30,95.00,0.00,NORMAL
12/05/26,8573,33.30,95.00,0.00,NORMAL
12/05/26,8574,33.40,95.00,0.00,NORMAL
12/05/26,8575,33.30,95.00,0.00,NORMAL
12/05/26,8576,33.30,95.00,0.00,NORMAL
12/05/26,8577,33.30,95.00,0.00,NORMAL
12/05/26,8578,33.40,95.00,0.00,NORMAL
12/05/26,8579,33.20,95.00,0.00,NORMAL
12/05/26,8580,33.20,95.00,0.00,NORMAL
12/05/26,8581,33.20,95.00,0.00,NORMAL
12/05/26,8582,33.20,95.00,0.00,NORMAL
12/05/26,8583,33.20,95.00,0.00,NORMAL
12/05/26,8584,33.20,95.00,0.00,NORMAL
12/05/26,8585,33.20,95.00,0.00,NORMAL
12/05/26,8586,33.20,95.00,0.00,NORMAL
12/05/26,8587,33.20,95.00,0.00,NORMAL
12/05/26,8588,33.20,95.00,0.00,NORMAL
12/05/26,8589,33.20,95.00,0.00,NORMAL
12/05/26,8590,33.10,95.00,0.00,NORMAL
12/05/26,8591,33.10,95.00,0.00,NORMAL
12/05/26,8592,33.10,95.00,0.00,NORMAL
12/05/26,8593,33.10,95.00,0.00,NORMAL
12/05/26,8594,33.00,95.00,0.00,NORMAL
12/05/26,8595,33.00,95.00,0.00,NORMAL
12/05/26,8596,32.90,95.00,0.00,NORMAL
12/05/26,8597,32.90,95.00,0.00,NORMAL
12/05/26,8598,32.90,95.00,0.00,NORMAL
12/05/26,8599,32.80,95.00,0.00,NORMAL
12/05/26,8600,32.80,95.00,0.00,NORMAL
12/05/26,8601,32.80,95.00,0.00,NORMAL
12/05/26,8602,32.90,95.00,0.00,NORMAL
12/05/26,8603,32.90,95.00,0.00,NORMAL
12/05/26,8604,32.90,95.00,0.00,NORMAL
12/05/26,8605,32.90,95.00,0.00,NORMAL
12/05/26,8606,32.90,95.00,0.00,NORMAL
12/05/26,8607,32.90,95.00,0.00,NORMAL
12/05/26,8608,33.00,95.00,0.00,NORMAL
12/05/26,8609,33.00,95.00,0.00,NORMAL
12/05/26,8610,33.10,95.00,0.00,NORMAL
12/05/26,8611,33.20,95.00,0.00,NORMAL
12/05/26,8612,33.20,95.00,0.00,NORMAL
12/05/26,8613,33.20,95.00,0.00,NORMAL
12/05/26,8614,33.20,95.00,0.00,NORMAL
12/05/26,8615,33.30,95.00,0.00,NORMAL
12/05/26,8616,33.30,95.00,0.00,NORMAL
12/05/26,8617,33.30,95.00,0.00,NORMAL
12/05/26,8618,33.30,95.00,0.00,NORMAL
12/05/26,8619,33.20,95.00,0.00,NORMAL
12/05/26,8620,33.30,95.00,0.00,NORMAL
12/05/26,8621,33.30,95.00,0.00,NORMAL
12/05/26,8622,33.20,95.00,0.00,NORMAL
12/05/26,8623,33.30,95.00,0.00,NORMAL
12/05/26,8624,33.30,95.00,0.00,NORMAL
12/05/26,8625,33.30,95.00,0.00,NORMAL
12/05/26,8626,33.20,95.00,0.00,NORMAL
12/05/26,8627,33.20,95.00,0.00,NORMAL
12/05/26,8628,33.20,95.00,0.00,NORMAL
12/05/26,8629,33.20,95.00,0.00,NORMAL
12/05/26,8630,33.20,95.00,0.00,NORMAL
12/05/26,8631,33.20,95.00,0.00,NORMAL
12/05/26,8632,33.20,95.00,0.00,NORMAL
12/05/26,8633,33.20,95.00,0.00,NORMAL
12/05/26,8634,33.20,95.00,0.00,NORMAL
12/05/26,8635,33.10,95.00,0.00,NORMAL
12/05/26,8636,33.00,95.00,0.00,NORMAL
12/05/26,8637,32.90,95.00,0.00,NORMAL
12/05/26,8638,32.90,95.00,0.00,NORMAL
12/05/26,8639,32.80,95.00,0.00,NORMAL
12/05/26,8640,32.80,95.00,0.00,NORMAL
12/05/26,8641,32.80,95.00,0.00,NORMAL
12/05/26,8642,32.80,95.00,0.00,NORMAL
12/05/26,8643,32.80,95.00,0.00,NORMAL
12/05/26,8644,32.80,95.00,0.00,NORMAL
12/05/26,8645,32.90,95.00,0.00,NORMAL
12/05/26,8646,32.70,95.00,0.00,NORMAL
12/05/26,8647,32.70,95.00,0.00,NORMAL
12/05/26,8648,32.70,95.00,0.00,NORMAL
12/05/26,8649,32.70,95.00,0.00,NORMAL
12/05/26,8650,32.70,95.00,0.00,NORMAL
12/05/26,8651,32.70,95.00,0.00,NORMAL
12/05/26,8652,32.70,95.00,0.00,NORMAL
12/05/26,8653,32.70,95.00,0.00,NORMAL
12/05/26,8654,32.70,95.00,0.00,NORMAL
12/05/26,8655,32.70,95.00,0.00,NORMAL
12/05/26,8656,32.80,95.00,0.00,NORMAL
12/05/26,8657,32.70,95.00,0.00,NORMAL
12/05/26,8658,32.70,95.00,0.00,NORMAL
12/05/26,8659,32.70,95.00,0.00,NORMAL
12/05/26,8660,32.70,95.00,0.00,NORMAL
12/05/26,8661,32.70,95.00,0.00,NORMAL
12/05/26,8662,32.70,95.00,0.00,NORMAL
12/05/26,8663,32.70,95.00,0.00,NORMAL
12/05/26,8664,32.70,95.00,0.00,NORMAL
12/05/26,8665,32.70,95.00,0.00,NORMAL
12/05/26,8666,32.70,95.00,0.00,NORMAL
12/05/26,8667,32.70,95.00,0.00,NORMAL
12/05/26,8668,32.70,95.00,0.00,NORMAL
12/05/26,8669,32.70,95.00,0.00,NORMAL
12/05/26,8670,32.70,95.00,0.00,NORMAL
12/05/26,8671,32.70,95.00,0.00,NORMAL
12/05/26,8672,32.70,95.00,0.00,NORMAL
12/05/26,8673,32.80,95.00,0.00,NORMAL
12/05/26,8674,32.80,95.00,0.00,NORMAL
12/05/26,8675,32.80,95.00,0.00,NORMAL
12/05/26,8676,32.70,95.00,0.00,NORMAL
12/05/26,8677,32.70,95.00,0.00,NORMAL
12/05/26,8678,32.70,95.00,0.00,NORMAL
12/05/26,8679,32.70,95.00,0.00,NORMAL
12/05/26,8680,32.60,95.00,0.00,NORMAL
12/05/26,8681,32.60,95.00,0.00,NORMAL
12/05/26,8682,32.60,95.00,0.00,NORMAL
12/05/26,8683,32.60,95.00,0.00,NORMAL
12/05/26,8684,32.60,95.00,0.00,NORMAL
12/05/26,8685,32.60,95.00,0.00,NORMAL
12/05/26,8686,32.60,95.00,0.00,NORMAL
12/05/26,8687,32.70,95.00,0.00,NORMAL
12/05/26,8688,32.70,95.00,0.00,NORMAL
12/05/26,8689,32.70,95.00,0.00,NORMAL
12/05/26,8690,32.70,95.00,0.00,NORMAL
12/05/26,8691,32.70,95.00,0.00,NORMAL
12/05/26,8692,32.80,95.00,0.00,NORMAL
12/05/26,8693,32.80,95.00,0.00,NORMAL
12/05/26,8694,32.90,95.00,0.00,NORMAL
12/05/26,8695,32.90,95.00,0.00,NORMAL
12/05/26,8696,32.90,95.00,0.00,NORMAL
12/05/26,8697,33.00,95.00,0.00,NORMAL
12/05/26,8698,33.00,95.00,0.00,NORMAL
12/05/26,8699,33.10,95.00,0.00,NORMAL
12/05/26,8700,33.10,95.00,0.00,NORMAL
12/05/26,8701,33.10,95.00,0.00,NORMAL
12/05/26,8702,33.00,95.00,0.00,NORMAL
12/05/26,8703,33.10,95.00,0.00,NORMAL
12/05/26,8704,33.00,95.00,0.00,NORMAL
12/05/26,8705,33.00,95.00,0.00,NORMAL
12/05/26,8706,33.00,95.00,0.00,NORMAL
12/05/26,8707,33.00,95.00,0.00,NORMAL
12/05/26,8708,32.90,95.00,0.00,NORMAL
12/05/26,8709,32.90,95.00,0.00,NORMAL
12/05/26,8710,32.80,95.00,0.00,NORMAL
12/05/26,8711,32.80,95.00,0.00,NORMAL
12/05/26,8712,32.80,95.00,0.00,NORMAL
12/05/26,8713,32.80,95.00,0.00,NORMAL
12/05/26,8714,32.80,95.00,0.00,NORMAL
12/05/26,8715,32.80,95.00,0.00,NORMAL
12/05/26,8716,32.90,95.00,0.00,NORMAL
12/05/26,8717,32.90,95.00,0.00,NORMAL
12/05/26,8718,32.80,95.00,0.00,NORMAL
12/05/26,8719,32.70,95.00,0.00,NORMAL
12/05/26,8720,32.70,95.00,0.00,NORMAL
12/05/26,8721,32.70,95.00,0.00,NORMAL
12/05/26,8722,32.70,95.00,0.00,NORMAL
12/05/26,8723,32.70,95.00,0.00,NORMAL
12/05/26,8724,32.70,95.00,0.00,NORMAL
12/05/26,8725,32.70,95.00,0.00,NORMAL
12/05/26,8726,32.70,95.00,0.00,NORMAL
12/05/26,8727,32.70,95.00,0.00,NORMAL
12/05/26,8728,32.70,95.00,0.00,NORMAL
12/05/26,8729,32.70,95.00,0.00,NORMAL
12/05/26,8730,32.70,95.00,0.00,NORMAL
12/05/26,8731,32.80,95.00,0.00,NORMAL
12/05/26,8732,32.70,95.00,0.00,NORMAL
12/05/26,8733,32.60,95.00,0.00,NORMAL
12/05/26,8734,32.60,95.00,0.00,NORMAL
12/05/26,8735,32.60,95.00,0.00,NORMAL
12/05/26,8736,32.60,95.00,0.00,NORMAL
12/05/26,8737,32.50,95.00,0.00,NORMAL
12/05/26,8738,32.50,95.00,0.00,NORMAL
12/05/26,8739,32.50,95.00,0.00,NORMAL
12/05/26,8740,32.50,95.00,0.00,NORMAL
12/05/26,8741,32.40,95.00,0.00,NORMAL
12/05/26,8742,32.40,95.00,0.00,NORMAL
12/05/26,8743,32.40,95.00,0.00,NORMAL
12/05/26,8744,32.40,95.00,0.00,NORMAL
12/05/26,8745,32.40,95.00,0.00,NORMAL
12/05/26,8746,32.40,95.00,0.00,NORMAL
12/05/26,8747,32.40,95.00,0.00,NORMAL
12/05/26,8748,32.40,95.00,0.00,NORMAL
12/05/26,8749,32.40,95.00,0.00,NORMAL
12/05/26,8750,32.40,95.00,0.00,NORMAL
12/05/26,8751,32.40,95.00,0.00,NORMAL
12/05/26,8752,32.40,95.00,0.00,NORMAL
12/05/26,8753,32.50,95.00,0.00,NORMAL
12/05/26,8754,32.50,95.00,0.00,NORMAL
12/05/26,8755,32.50,95.00,0.00,NORMAL
12/05/26,8756,32.50,95.00,0.00,NORMAL
12/05/26,8757,32.50,95.00,0.00,NORMAL
12/05/26,8758,32.40,95.00,0.00,NORMAL
12/05/26,8759,32.30,95.00,0.00,NORMAL
12/05/26,8760,32.30,95.00,0.00,NORMAL
12/05/26,8761,32.30,95.00,0.00,NORMAL
12/05/26,8762,32.20,95.00,0.00,NORMAL
12/05/26,8763,32.30,95.00,0.00,NORMAL
12/05/26,8764,32.30,95.00,0.00,NORMAL
12/05/26,8765,32.10,95.00,0.00,NORMAL
12/05/26,8766,32.30,95.00,0.00,NORMAL
12/05/26,8767,32.20,95.00,0.00,NORMAL
12/05/26,8768,32.20,95.00,0.00,NORMAL
12/05/26,8769,32.20,95.00,0.00,NORMAL
12/05/26,8770,32.20,95.00,0.00,NORMAL
12/05/26,8771,32.20,95.00,0.00,NORMAL
12/05/26,8772,32.20,95.00,0.00,NORMAL
12/05/26,8773,32.10,95.00,0.00,NORMAL
12/05/26,8774,31.90,95.00,0.00,NORMAL
12/05/26,8775,31.90,95.00,0.00,NORMAL
12/05/26,8776,31.90,95.00,0.00,NORMAL
12/05/26,8777,31.90,95.00,0.00,NORMAL
12/05/26,8778,31.90,95.00,0.00,NORMAL
12/05/26,8779,31.90,95.00,0.00,NORMAL
12/05/26,8780,31.90,95.00,0.00,NORMAL
12/05/26,8781,31.90,95.00,0.00,NORMAL
12/05/26,8782,32.00,95.00,0.00,NORMAL
12/05/26,8783,31.90,95.00,0.00,NORMAL
12/05/26,8784,32.10,95.00,0.00,NORMAL
12/05/26,8785,32.10,95.00,0.00,NORMAL
12/05/26,8786,32.20,95.00,0.00,NORMAL
12/05/26,8787,32.20,95.00,0.00,NORMAL
12/05/26,8788,32.20,95.00,0.00,NORMAL
12/05/26,8789,32.20,95.00,0.00,NORMAL
12/05/26,8790,32.20,95.00,0.00,NORMAL
12/05/26,8791,32.20,95.00,0.00,NORMAL
12/05/26,8792,32.20,95.00,0.00,NORMAL
12/05/26,8793,32.20,95.00,0.00,NORMAL
12/05/26,8794,32.20,95.00,0.00,NORMAL
12/05/26,8795,32.20,95.00,0.00,NORMAL
12/05/26,8796,32.20,95.00,0.00,NORMAL
12/05/26,8797,32.20,95.00,0.00,NORMAL
12/05/26,8798,32.20,95.00,0.00,NORMAL
12/05/26,8799,32.20,95.00,0.00,NORMAL
12/05/26,8800,32.20,95.00,0.00,NORMAL
12/05/26,8801,32.20,95.00,0.00,NORMAL
12/05/26,8802,32.20,95.00,0.00,NORMAL
12/05/26,8803,32.20,95.00,0.00,NORMAL
12/05/26,8804,32.20,95.00,0.00,NORMAL
12/05/26,8805,32.20,95.00,0.00,NORMAL
12/05/26,8806,32.20,95.00,0.00,NORMAL
12/05/26,8807,32.20,95.00,0.00,NORMAL
12/05/26,8808,32.20,95.00,0.00,NORMAL
12/05/26,8809,32.30,95.00,0.00,NORMAL
12/05/26,8810,32.20,95.00,0.00,NORMAL
12/05/26,8811,32.20,95.00,0.00,NORMAL
12/05/26,8812,32.10,95.00,0.00,NORMAL
12/05/26,8813,32.20,95.00,0.00,NORMAL
12/05/26,8814,32.20,95.00,0.00,NORMAL
12/05/26,8815,32.00,95.00,0.00,NORMAL
12/05/26,8816,32.10,95.00,0.00,NORMAL
12/05/26,8817,32.20,95.00,0.00,NORMAL
12/05/26,8818,32.10,95.00,0.00,NORMAL
12/05/26,8819,32.20,95.00,0.00,NORMAL
12/05/26,8820,32.20,95.00,0.00,NORMAL
12/05/26,8821,32.10,95.00,0.00,NORMAL
12/05/26,8822,32.10,95.00,0.00,NORMAL
12/05/26,8823,32.20,95.00,0.00,NORMAL
12/05/26,8824,32.20,95.00,0.00,NORMAL
12/05/26,8825,32.20,95.00,0.00,NORMAL
12/05/26,8826,32.20,95.00,0.00,NORMAL
12/05/26,8827,32.20,95.00,0.00,NORMAL
12/05/26,8828,32.20,95.00,0.00,NORMAL
12/05/26,8829,32.20,95.00,0.00,NORMAL
12/05/26,8830,32.20,95.00,0.00,NORMAL
12/05/26,8831,32.30,95.00,0.00,NORMAL
12/05/26,8832,32.30,95.00,0.00,NORMAL
12/05/26,8833,32.30,95.00,0.00,NORMAL
12/05/26,8834,32.40,95.00,0.00,NORMAL
12/05/26,8835,32.40,95.00,0.00,NORMAL
12/05/26,8836,32.40,95.00,0.00,NORMAL
12/05/26,8837,32.40,95.00,0.00,NORMAL
12/05/26,8838,32.40,95.00,0.00,NORMAL
12/05/26,8839,32.40,95.00,0.00,NORMAL
12/05/26,8840,32.40,95.00,0.00,NORMAL
12/05/26,8841,32.40,95.00,0.00,NORMAL
12/05/26,8842,32.30,95.00,0.00,NORMAL
12/05/26,8843,32.30,95.00,0.00,NORMAL
12/05/26,8844,32.30,95.00,0.00,NORMAL
12/05/26,8845,32.20,95.00,0.00,NORMAL
12/05/26,8846,32.20,95.00,0.00,NORMAL
12/05/26,8847,32.20,95.00,0.00,NORMAL
12/05/26,8848,32.20,95.00,0.00,NORMAL
12/05/26,8849,32.20,95.00,0.00,NORMAL
12/05/26,8850,32.20,95.00,0.00,NORMAL
12/05/26,8851,32.00,95.00,0.00,NORMAL
12/05/26,8852,32.20,95.00,0.00,NORMAL
12/05/26,8853,32.20,95.00,0.00,NORMAL
12/05/26,8854,32.10,95.00,0.00,NORMAL
12/05/26,8855,32.10,95.00,0.00,NORMAL
12/05/26,8856,32.10,95.00,0.00,NORMAL
12/05/26,8857,32.10,95.00,0.00,NORMAL
12/05/26,8858,32.10,95.00,0.00,NORMAL
12/05/26,8859,32.10,95.00,0.00,NORMAL
12/05/26,8860,32.10,95.00,0.00,NORMAL
12/05/26,8861,32.10,95.00,0.00,NORMAL
12/05/26,8862,32.20,95.00,0.00,NORMAL
12/05/26,8863,32.20,95.00,0.00,NORMAL
12/05/26,8864,32.30,95.00,0.00,NORMAL
12/05/26,8865,32.30,95.00,0.00,NORMAL
12/05/26,8866,32.40,95.00,0.00,NORMAL
12/05/26,8867,32.40,95.00,0.00,NORMAL
12/05/26,8868,32.30,95.00,0.00,NORMAL
12/05/26,8869,32.30,95.00,0.00,NORMAL
12/05/26,8870,32.30,95.00,0.00,NORMAL
12/05/26,8871,32.40,95.00,0.00,NORMAL
12/05/26,8872,32.40,95.00,0.00,NORMAL
12/05/26,8873,32.40,95.00,0.00,NORMAL
12/05/26,8874,32.40,95.00,0.00,NORMAL
12/05/26,8875,32.40,95.00,0.00,NORMAL
12/05/26,8876,32.40,95.00,0.00,NORMAL
12/05/26,8877,32.50,95.00,0.00,NORMAL
12/05/26,8878,32.50,95.00,0.00,NORMAL
12/05/26,8879,32.50,95.00,0.00,NORMAL
12/05/26,8880,32.50,95.00,0.00,NORMAL
12/05/26,8881,32.50,95.00,0.00,NORMAL
12/05/26,8882,32.40,95.00,0.00,NORMAL
12/05/26,8883,32.40,95.00,0.00,NORMAL
12/05/26,8884,32.40,95.00,0.00,NORMAL
12/05/26,8885,32.40,95.00,0.00,NORMAL
12/05/26,8886,32.60,95.00,0.00,NORMAL
12/05/26,8887,32.20,95.00,0.00,NORMAL
12/05/26,8888,32.40,95.00,0.00,NORMAL
12/05/26,8889,32.30,95.00,0.00,NORMAL
12/05/26,8890,32.30,95.00,0.00,NORMAL
12/05/26,8891,32.20,95.00,0.00,NORMAL
12/05/26,8892,32.20,95.00,0.00,NORMAL
12/05/26,8893,32.20,95.00,0.00,NORMAL
12/05/26,8894,32.20,95.00,0.00,NORMAL
12/05/26,8895,32.20,95.00,0.00,NORMAL
12/05/26,8896,32.10,95.00,0.00,NORMAL
12/05/26,8897,32.10,95.00,0.00,NORMAL
12/05/26,8898,31.90,95.00,0.00,NORMAL
12/05/26,8899,32.10,95.00,0.00,NORMAL
12/05/26,8900,32.00,95.00,0.00,NORMAL
12/05/26,8901,32.00,95.00,0.00,NORMAL
12/05/26,8902,32.00,95.00,0.00,NORMAL
12/05/26,8903,32.00,95.00,0.00,NORMAL
12/05/26,8904,32.00,95.00,0.00,NORMAL
12/05/26,8905,32.00,95.00,0.00,NORMAL
12/05/26,8906,32.10,95.00,0.00,NORMAL
12/05/26,8907,32.10,95.00,0.00,NORMAL
12/05/26,8908,32.10,95.00,0.00,NORMAL
12/05/26,8909,32.20,95.00,0.00,NORMAL
12/05/26,8910,32.20,95.00,0.00,NORMAL
12/05/26,8911,32.20,95.00,0.00,NORMAL
12/05/26,8912,32.20,95.00,0.00,NORMAL
12/05/26,8913,32.10,95.00,0.00,NORMAL
12/05/26,8914,32.10,95.00,0.00,NORMAL
12/05/26,8915,31.90,95.00,0.00,NORMAL
12/05/26,8916,32.10,95.00,0.00,NORMAL
12/05/26,8917,32.10,95.00,0.00,NORMAL
12/05/26,8918,32.00,95.00,0.00,NORMAL
12/05/26,8919,31.90,95.00,0.00,NORMAL
12/05/26,8920,31.90,95.00,0.00,NORMAL
12/05/26,8921,31.90,95.00,0.00,NORMAL
12/05/26,8922,31.90,95.00,0.00,NORMAL
12/05/26,8923,31.70,95.00,0.00,NORMAL
12/05/26,8924,31.70,95.00,0.00,NORMAL
12/05/26,8925,31.70,95.00,0.00,NORMAL
12/05/26,8926,31.70,95.00,0.00,NORMAL
12/05/26,8927,31.90,95.00,0.00,NORMAL
12/05/26,8928,31.90,95.00,0.00,NORMAL
12/05/26,8929,31.90,95.00,0.00,NORMAL
12/05/26,8930,31.90,95.00,0.00,NORMAL
12/05/26,8931,31.70,95.00,0.00,NORMAL
12/05/26,8932,31.70,95.00,0.00,NORMAL
12/05/26,8933,31.70,95.00,0.00,NORMAL
12/05/26,8934,31.70,95.00,0.00,NORMAL
12/05/26,8935,31.70,95.00,0.00,NORMAL
12/05/26,8936,31.70,95.00,0.00,NORMAL
12/05/26,8937,31.60,95.00,0.00,NORMAL
12/05/26,8938,31.70,95.00,0.00,NORMAL
12/05/26,8939,31.70,95.00,0.00,NORMAL
12/05/26,8940,31.70,95.00,0.00,NORMAL
12/05/26,8941,31.70,95.00,0.00,NORMAL
12/05/26,8942,31.70,95.00,0.00,NORMAL
12/05/26,8943,31.80,95.00,0.00,NORMAL
12/05/26,8944,31.90,95.00,0.00,NORMAL
12/05/26,8945,31.90,95.00,0.00,NORMAL
12/05/26,8946,31.90,95.00,0.00,NORMAL
12/05/26,8947,31.90,95.00,0.00,NORMAL
12/05/26,8948,31.90,95.00,0.00,NORMAL
12/05/26,8949,32.00,95.00,0.00,NORMAL
12/05/26,8950,31.90,95.00,0.00,NORMAL
12/05/26,8951,32.00,95.00,0.00,NORMAL
12/05/26,8952,32.00,95.00,0.00,NORMAL
12/05/26,8953,32.00,95.00,0.00,NORMAL
12/05/26,8954,31.90,95.00,0.00,NORMAL
12/05/26,8955,31.90,95.00,0.00,NORMAL
12/05/26,8956,31.90,95.00,0.00,NORMAL
12/05/26,8957,31.90,95.00,0.00,NORMAL
12/05/26,8958,31.90,95.00,0.00,NORMAL
12/05/26,8959,31.70,95.00,0.00,NORMAL
12/05/26,8960,31.90,95.00,0.00,NORMAL
12/05/26,8961,31.90,95.00,0.00,NORMAL
12/05/26,8962,31.90,95.00,0.00,NORMAL
12/05/26,8963,31.90,95.00,0.00,NORMAL
12/05/26,8964,31.90,95.00,0.00,NORMAL
12/05/26,8965,31.90,95.00,0.00,NORMAL
12/05/26,8966,31.90,95.00,0.00,NORMAL
12/05/26,8967,31.70,95.00,0.00,NORMAL
12/05/26,8968,31.70,95.00,0.00,NORMAL
12/05/26,8969,31.70,95.00,0.00,NORMAL
12/05/26,8970,31.70,95.00,0.00,NORMAL
12/05/26,8971,31.70,95.00,0.00,NORMAL
12/05/26,8972,31.70,95.00,0.00,NORMAL
12/05/26,8973,31.70,95.00,0.00,NORMAL
12/05/26,8974,31.70,95.00,0.00,NORMAL
12/05/26,8975,31.70,95.00,0.00,NORMAL
12/05/26,8976,31.70,95.00,0.00,NORMAL
12/05/26,8977,31.70,95.00,0.00,NORMAL
12/05/26,8978,31.70,95.00,0.00,NORMAL
12/05/26,8979,31.70,95.00,0.00,NORMAL
12/05/26,8980,31.70,95.00,0.00,NORMAL
12/05/26,8981,31.60,95.00,0.00,NORMAL
12/05/26,8982,31.60,95.00,0.00,NORMAL
12/05/26,8983,31.60,95.00,0.00,NORMAL
12/05/26,8984,31.70,95.00,0.00,NORMAL
12/05/26,8985,31.60,95.00,0.00,NORMAL
12/05/26,8986,31.50,95.00,0.00,NORMAL
12/05/26,8987,31.50,95.00,0.00,NORMAL
12/05/26,8988,31.50,95.00,0.00,NORMAL
12/05/26,8989,31.50,95.00,0.00,NORMAL
12/05/26,8990,31.50,95.00,0.00,NORMAL
12/05/26,8991,31.50,95.00,0.00,NORMAL
12/05/26,8992,31.50,95.00,0.00,NORMAL
12/05/26,8993,31.50,95.00,0.00,NORMAL
12/05/26,8994,31.40,95.00,0.00,NORMAL
12/05/26,8995,31.40,95.00,0.00,NORMAL
12/05/26,8996,31.40,95.00,0.00,NORMAL
12/05/26,8997,31.40,95.00,0.00,NORMAL
12/05/26,8998,31.40,95.00,0.00,NORMAL
12/05/26,8999,31.40,95.00,0.00,NORMAL
12/05/26,9000,31.40,95.00,0.00,NORMAL
12/05/26,9001,31.40,95.00,0.00,NORMAL
12/05/26,9002,31.40,95.00,0.00,NORMAL
12/05/26,9003,31.30,95.00,0.00,NORMAL
12/05/26,9004,31.40,95.00,0.00,NORMAL
12/05/26,9005,31.40,95.00,0.00,NORMAL
12/05/26,9006,31.40,95.00,0.00,NORMAL
12/05/26,9007,31.40,95.00,0.00,NORMAL
12/05/26,9008,31.40,95.00,0.00,NORMAL
12/05/26,9009,31.40,95.00,0.00,NORMAL
12/05/26,9010,31.40,95.00,0.00,NORMAL
12/05/26,9011,31.40,95.00,0.00,NORMAL
12/05/26,9012,31.40,95.00,0.00,NORMAL
12/05/26,9013,31.40,95.00,0.00,NORMAL
12/05/26,9014,31.40,95.00,0.00,NORMAL
12/05/26,9015,31.20,95.00,0.00,NORMAL
12/05/26,9016,31.20,95.00,0.00,NORMAL
12/05/26,9017,31.20,95.00,0.00,NORMAL
12/05/26,9018,31.20,95.00,0.00,NORMAL
12/05/26,9019,31.20,95.00,0.00,NORMAL
12/05/26,9020,31.20,95.00,0.00,NORMAL
12/05/26,9021,31.20,95.00,0.00,NORMAL
12/05/26,9022,31.40,95.00,0.00,NORMAL
12/05/26,9023,31.40,95.00,0.00,NORMAL
12/05/26,9024,31.40,95.00,0.00,NORMAL
12/05/26,9025,31.40,95.00,0.00,NORMAL
12/05/26,9026,31.40,95.00,0.00,NORMAL
12/05/26,9027,31.40,95.00,0.00,NORMAL
12/05/26,9028,31.40,95.00,0.00,NORMAL
12/05/26,9029,31.40,95.00,0.00,NORMAL
12/05/26,9030,31.20,95.00,0.00,NORMAL
12/05/26,9031,31.20,95.00,0.00,NORMAL
12/05/26,9032,31.20,95.00,0.00,NORMAL
12/05/26,9033,31.20,95.00,0.00,NORMAL
12/05/26,9034,31.20,95.00,0.00,NORMAL
12/05/26,9035,31.20,95.00,0.00,NORMAL
12/05/26,9036,31.20,95.00,0.00,NORMAL
12/05/26,9037,31.30,95.00,0.00,NORMAL
12/05/26,9038,31.20,95.00,0.00,NORMAL
12/05/26,9039,31.40,95.00,0.00,NORMAL
12/05/26,9040,31.40,95.00,0.00,NORMAL
12/05/26,9041,31.40,95.00,0.00,NORMAL
12/05/26,9042,31.40,95.00,0.00,NORMAL
12/05/26,9043,31.40,95.00,0.00,NORMAL
12/05/26,9044,31.20,95.00,0.00,NORMAL
12/05/26,9045,31.00,95.00,0.00,NORMAL
12/05/26,9046,30.90,95.00,0.00,NORMAL
12/05/26,9047,30.90,95.00,0.00,NORMAL
12/05/26,9048,30.80,95.00,0.00,NORMAL
12/05/26,9049,30.70,95.00,0.00,NORMAL
12/05/26,9050,30.70,95.00,0.00,NORMAL
12/05/26,9051,30.60,95.00,0.00,NORMAL
12/05/26,9052,30.60,95.00,0.00,NORMAL
12/05/26,9053,30.60,95.00,0.00,NORMAL
12/05/26,9054,30.60,95.00,0.00,NORMAL
12/05/26,9055,30.60,95.00,0.00,NORMAL
12/05/26,9056,30.60,95.00,0.00,NORMAL
12/05/26,9057,30.40,95.00,0.00,NORMAL
12/05/26,9058,30.60,95.00,0.00,NORMAL
12/05/26,9059,30.70,95.00,0.00,NORMAL
12/05/26,9060,30.40,95.00,0.00,NORMAL
12/05/26,9061,30.40,95.00,0.00,NORMAL
12/05/26,9062,30.40,95.00,0.00,NORMAL
12/05/26,9063,30.40,95.00,0.00,NORMAL
12/05/26,9064,30.40,95.00,0.00,NORMAL
12/05/26,9065,30.60,95.00,0.00,NORMAL
12/05/26,9066,30.60,95.00,0.00,NORMAL
12/05/26,9067,30.60,95.00,0.00,NORMAL
12/05/26,9068,30.60,95.00,0.00,NORMAL
12/05/26,9069,30.60,95.00,0.00,NORMAL
12/05/26,9070,30.60,95.00,0.00,NORMAL
12/05/26,9071,30.60,95.00,0.00,NORMAL
12/05/26,9072,30.60,95.00,0.00,NORMAL
12/05/26,9073,30.60,95.00,0.00,NORMAL
12/05/26,9074,30.40,95.00,0.00,NORMAL
12/05/26,9075,30.40,95.00,0.00,NORMAL
12/05/26,9076,30.40,95.00,0.00,NORMAL
12/05/26,9077,30.40,95.00,0.00,NORMAL
12/05/26,9078,30.40,95.00,0.00,NORMAL
12/05/26,9079,30.40,95.00,0.00,NORMAL
12/05/26,9080,30.40,95.00,0.00,NORMAL
12/05/26,9081,30.40,95.00,0.00,NORMAL
12/05/26,9082,30.40,95.00,0.00,NORMAL
12/05/26,9083,30.40,95.00,0.00,NORMAL
12/05/26,9084,30.40,95.00,0.00,NORMAL
12/05/26,9085,30.40,95.00,0.00,NORMAL
12/05/26,9086,30.40,95.00,0.00,NORMAL
12/05/26,9087,30.30,95.00,0.00,NORMAL
12/05/26,9088,30.30,95.00,0.00,NORMAL
12/05/26,9089,30.30,95.00,0.00,NORMAL
12/05/26,9090,30.30,95.00,0.00,NORMAL
12/05/26,9091,30.30,95.00,0.00,NORMAL
12/05/26,9092,30.20,95.00,0.00,NORMAL
12/05/26,9093,30.20,95.00,0.00,NORMAL
12/05/26,9094,30.00,95.00,0.00,NORMAL
12/05/26,9095,30.00,95.00,0.00,NORMAL
13/05/26,9096,33.40,91.00,0.00,NORMAL
13/05/26,9097,33.40,93.00,0.00,NORMAL
13/05/26,9098,33.30,93.00,0.80,NORMAL
13/05/26,9099,33.50,93.00,0.00,NORMAL
13/05/26,9100,33.40,94.00,0.00,NORMAL
13/05/26,9101,33.50,93.00,0.20,NORMAL
13/05/26,9102,33.40,94.00,0.00,NORMAL
13/05/26,9103,33.40,93.00,0.00,NORMAL
13/05/26,9104,33.40,94.00,0.00,NORMAL
13/05/26,9105,33.30,95.00,0.00,NORMAL
13/05/26,9106,33.30,94.00,0.00,NORMAL
13/05/26,9107,33.20,93.00,0.00,NORMAL
13/05/26,9108,33.20,93.00,0.55,NORMAL
13/05/26,9109,33.20,93.00,0.00,NORMAL
13/05/26,9110,33.20,94.00,0.00,NORMAL
13/05/26,9111,33.30,93.00,0.00,NORMAL
13/05/26,9112,33.20,93.00,0.00,NORMAL
13/05/26,9113,33.20,94.00,0.00,NORMAL
13/05/26,9114,33.20,94.00,0.00,NORMAL
13/05/26,9115,33.20,94.00,0.05,NORMAL
13/05/26,9116,33.20,93.00,0.10,NORMAL
13/05/26,9117,33.30,93.00,0.05,NORMAL
13/05/26,9118,33.30,91.00,0.05,NORMAL
13/05/26,9119,33.20,91.00,0.00,NORMAL
13/05/26,9120,33.20,92.00,0.10,NORMAL
13/05/26,9121,33.00,93.00,0.10,NORMAL
13/05/26,9122,33.10,94.00,0.15,NORMAL
13/05/26,9123,33.20,95.00,0.30,NORMAL
13/05/26,9124,33.20,95.00,0.10,NORMAL
13/05/26,9125,33.30,95.00,0.05,NORMAL
13/05/26,9126,33.40,94.00,0.20,NORMAL
13/05/26,9127,33.50,94.00,0.20,NORMAL
13/05/26,9128,33.50,94.00,0.35,NORMAL
13/05/26,9129,33.50,93.00,0.45,NORMAL
13/05/26,9130,33.70,92.00,0.15,NORMAL
13/05/26,9131,33.70,91.00,0.15,NORMAL
13/05/26,9132,33.70,92.00,0.30,NORMAL
13/05/26,9133,33.70,91.00,0.40,NORMAL
13/05/26,9134,33.70,91.00,0.20,NORMAL
13/05/26,9135,33.70,91.00,0.25,NORMAL
13/05/26,9136,33.70,91.00,0.25,NORMAL
13/05/26,9137,33.60,91.00,0.10,NORMAL
13/05/26,9138,33.50,91.00,0.20,NORMAL
13/05/26,9139,33.50,92.00,0.35,NORMAL
13/05/26,9140,33.60,93.00,0.05,NORMAL
13/05/26,9141,33.60,93.00,0.00,NORMAL
13/05/26,9142,33.70,93.00,0.20,NORMAL
13/05/26,9143,33.70,93.00,0.10,NORMAL
13/05/26,9144,33.80,91.00,0.20,NORMAL
13/05/26,9145,33.90,90.00,0.10,NORMAL
13/05/26,9146,33.90,90.00,0.15,NORMAL
13/05/26,9147,33.90,91.00,0.20,NORMAL
13/05/26,9148,33.90,89.00,0.20,NORMAL
13/05/26,9149,33.90,89.00,0.20,NORMAL
13/05/26,9150,33.90,90.00,0.35,NORMAL
13/05/26,9151,33.80,90.00,0.15,NORMAL
13/05/26,9152,33.80,90.00,0.45,NORMAL
13/05/26,9153,33.70,90.00,0.40,NORMAL
13/05/26,9154,33.60,90.00,0.25,NORMAL
13/05/26,9155,33.60,90.00,0.35,NORMAL
13/05/26,9156,33.70,90.00,0.25,NORMAL
13/05/26,9157,33.70,89.00,0.10,NORMAL
13/05/26,9158,33.70,90.00,0.25,NORMAL
13/05/26,9159,33.70,90.00,0.35,NORMAL
13/05/26,9160,33.70,89.00,0.15,NORMAL
13/05/26,9161,33.80,90.00,0.30,NORMAL
13/05/26,9162,33.80,90.00,0.55,NORMAL
13/05/26,9163,33.90,90.00,0.85,NORMAL
13/05/26,9164,33.90,90.00,0.55,NORMAL
13/05/26,9165,33.90,89.00,0.60,NORMAL
13/05/26,9166,34.00,88.00,0.70,NORMAL
13/05/26,9167,34.10,88.00,1.00,NORMAL
13/05/26,9168,34.10,88.00,0.05,NORMAL
13/05/26,9169,34.10,87.00,0.00,NORMAL
13/05/26,9170,34.10,87.00,0.00,NORMAL
13/05/26,9171,34.00,88.00,0.00,NORMAL
13/05/26,9172,34.00,86.00,0.00,NORMAL
13/05/26,9173,33.90,86.00,0.00,NORMAL
13/05/26,9174,33.90,87.00,0.00,NORMAL
13/05/26,9175,33.90,87.00,0.00,NORMAL
13/05/26,9176,33.90,87.00,0.00,NORMAL
13/05/26,9177,33.90,88.00,0.00,NORMAL
13/05/26,9178,33.90,88.00,0.00,NORMAL
13/05/26,9179,33.80,89.00,0.00,NORMAL
13/05/26,9180,33.80,89.00,0.05,NORMAL
13/05/26,9181,33.80,88.00,0.25,NORMAL
13/05/26,9182,33.70,88.00,0.10,NORMAL
13/05/26,9183,33.70,85.00,0.20,NORMAL
13/05/26,9184,33.80,86.00,0.00,NORMAL
13/05/26,9185,33.90,87.00,0.30,NORMAL
13/05/26,9186,33.90,86.00,0.40,NORMAL
13/05/26,9187,33.90,85.00,0.30,NORMAL
13/05/26,9188,34.00,86.00,0.30,NORMAL
13/05/26,9189,34.10,86.00,0.35,NORMAL
13/05/26,9190,34.10,85.00,0.50,NORMAL
13/05/26,9191,34.10,84.00,0.90,NORMAL
13/05/26,9192,34.10,84.00,0.65,NORMAL
13/05/26,9193,34.10,83.00,0.90,NORMAL
13/05/26,9194,34.10,83.00,1.15,NORMAL
13/05/26,9195,34.10,84.00,0.45,NORMAL
13/05/26,9196,34.10,84.00,0.95,NORMAL
13/05/26,9197,34.10,83.00,0.60,NORMAL
13/05/26,9198,34.10,83.00,0.90,NORMAL
13/05/26,9199,34.10,83.00,1.20,NORMAL
13/05/26,9200,34.10,83.00,0.75,NORMAL
13/05/26,9201,34.10,83.00,0.55,NORMAL
13/05/26,9202,34.10,83.00,0.85,NORMAL
13/05/26,9203,34.10,83.00,0.65,NORMAL
13/05/26,9204,34.10,83.00,0.55,NORMAL
13/05/26,9205,34.20,83.00,0.25,NORMAL
13/05/26,9206,34.30,84.00,0.50,NORMAL
13/05/26,9207,34.30,83.00,1.10,NORMAL
13/05/26,9208,34.40,82.00,1.00,NORMAL
13/05/26,9209,34.30,82.00,0.95,NORMAL
13/05/26,9210,34.30,82.00,0.65,NORMAL
13/05/26,9211,34.30,82.00,1.10,NORMAL
13/05/26,9212,34.30,81.00,0.85,NORMAL
13/05/26,9213,34.20,81.00,0.90,NORMAL
13/05/26,9214,34.20,80.00,0.85,NORMAL
13/05/26,9215,34.10,80.00,1.50,NORMAL
13/05/26,9216,34.10,80.00,0.55,NORMAL
13/05/26,9217,34.10,80.00,0.65,NORMAL
13/05/26,9218,34.10,79.00,0.60,NORMAL
13/05/26,9219,34.10,79.00,0.50,NORMAL
13/05/26,9220,34.00,80.00,0.75,NORMAL
13/05/26,9221,34.10,80.00,1.05,NORMAL
13/05/26,9222,34.10,81.00,0.65,NORMAL
13/05/26,9223,34.10,80.00,0.45,NORMAL
13/05/26,9224,34.10,80.00,0.85,NORMAL
13/05/26,9225,34.20,80.00,0.85,NORMAL
13/05/26,9226,34.20,79.00,0.95,NORMAL
13/05/26,9227,34.20,79.00,1.00,NORMAL
13/05/26,9228,34.10,79.00,1.00,NORMAL
13/05/26,9229,34.20,79.00,1.30,NORMAL
13/05/26,9230,34.20,78.00,0.75,NORMAL
13/05/26,9231,34.20,78.00,0.75,NORMAL
13/05/26,9232,34.10,74.00,0.85,NORMAL
13/05/26,9233,34.10,76.00,0.65,NORMAL
13/05/26,9234,34.10,76.00,0.75,NORMAL
13/05/26,9235,34.10,77.00,0.70,NORMAL
13/05/26,9236,34.10,77.00,0.60,NORMAL
13/05/26,9237,34.10,77.00,0.35,NORMAL
13/05/26,9238,33.90,77.00,0.75,NORMAL
13/05/26,9239,34.10,77.00,0.75,NORMAL
13/05/26,9240,34.10,77.00,0.75,NORMAL
13/05/26,9241,34.10,77.00,0.60,NORMAL
13/05/26,9242,34.10,76.00,0.30,NORMAL
13/05/26,9243,34.10,77.00,1.10,NORMAL
13/05/26,9244,34.10,77.00,1.00,NORMAL
13/05/26,9245,34.00,78.00,1.00,NORMAL
13/05/26,9246,34.00,78.00,1.20,NORMAL
13/05/26,9247,33.90,78.00,1.15,NORMAL
13/05/26,9248,33.90,78.00,0.55,NORMAL
13/05/26,9249,33.90,79.00,0.80,NORMAL
13/05/26,9250,33.90,78.00,1.30,NORMAL
13/05/26,9251,33.80,79.00,1.05,NORMAL
13/05/26,9252,33.80,79.00,0.70,NORMAL
13/05/26,9253,33.70,79.00,0.85,NORMAL
13/05/26,9254,33.80,78.00,0.85,NORMAL
13/05/26,9255,33.70,77.00,0.45,NORMAL
13/05/26,9256,33.70,78.00,0.70,NORMAL
13/05/26,9257,33.70,77.00,0.60,NORMAL
13/05/26,9258,33.80,77.00,0.30,NORMAL
13/05/26,9259,33.80,77.00,0.45,NORMAL
13/05/26,9260,33.90,78.00,0.15,NORMAL
13/05/26,9261,33.90,78.00,0.20,NORMAL
13/05/26,9262,33.90,78.00,0.05,NORMAL
13/05/26,9263,33.90,78.00,0.30,NORMAL
13/05/26,9264,33.90,78.00,0.70,NORMAL
13/05/26,9265,33.90,79.00,0.65,NORMAL
13/05/26,9266,33.80,79.00,0.25,NORMAL
13/05/26,9267,33.90,79.00,0.45,NORMAL
13/05/26,9268,33.90,78.00,0.10,NORMAL
13/05/26,9269,33.80,78.00,0.15,NORMAL
13/05/26,9270,33.90,77.00,0.25,NORMAL
13/05/26,9271,33.80,76.00,0.50,NORMAL
13/05/26,9272,33.70,78.00,0.75,NORMAL
13/05/26,9273,33.70,79.00,0.65,NORMAL
13/05/26,9274,33.80,79.00,0.50,NORMAL
13/05/26,9275,33.80,78.00,1.15,NORMAL
13/05/26,9276,33.80,79.00,0.75,NORMAL
13/05/26,9277,33.70,79.00,0.65,NORMAL
13/05/26,9278,33.90,79.00,0.40,NORMAL
13/05/26,9279,34.00,80.00,1.00,NORMAL
13/05/26,9280,34.00,79.00,0.40,NORMAL
13/05/26,9281,34.00,79.00,0.55,NORMAL
13/05/26,9282,34.10,78.00,1.20,NORMAL
13/05/26,9283,34.10,77.00,1.15,NORMAL
13/05/26,9284,34.10,78.00,1.00,NORMAL
13/05/26,9285,34.10,79.00,0.45,NORMAL
13/05/26,9286,34.10,78.00,0.55,NORMAL
13/05/26,9287,34.10,75.00,0.25,NORMAL
13/05/26,9288,34.00,73.00,0.90,NORMAL
13/05/26,9289,34.00,74.00,1.50,NORMAL
13/05/26,9290,34.00,75.00,0.45,NORMAL
13/05/26,9291,34.00,75.00,0.65,NORMAL
13/05/26,9292,34.00,75.00,0.35,NORMAL
13/05/26,9293,34.00,74.00,0.05,NORMAL
13/05/26,9294,33.90,74.00,0.15,NORMAL
13/05/26,9295,33.90,75.00,0.00,NORMAL
13/05/26,9296,33.90,76.00,0.10,NORMAL
13/05/26,9297,34.00,76.00,1.00,NORMAL
13/05/26,9298,34.00,76.00,1.00,NORMAL
13/05/26,9299,34.10,77.00,0.70,NORMAL
13/05/26,9300,34.00,75.00,0.80,NORMAL
13/05/26,9301,33.80,75.00,0.00,NORMAL
13/05/26,9302,33.80,76.00,0.00,NORMAL
13/05/26,9303,33.70,77.00,0.00,NORMAL
13/05/26,9304,33.70,77.00,0.00,NORMAL
13/05/26,9305,33.60,77.00,0.00,NORMAL
13/05/26,9306,33.50,78.00,0.00,NORMAL
13/05/26,9307,33.40,79.00,0.00,NORMAL
13/05/26,9308,33.40,78.00,0.00,NORMAL
13/05/26,9309,33.30,79.00,0.00,NORMAL
13/05/26,9310,33.20,79.00,1.50,NORMAL
13/05/26,9311,33.20,80.00,0.05,NORMAL
13/05/26,9312,33.30,81.00,0.00,NORMAL
13/05/26,9313,33.30,81.00,0.25,NORMAL
13/05/26,9314,33.40,80.00,0.00,NORMAL
13/05/26,9315,33.40,80.00,0.05,NORMAL
13/05/26,9316,33.50,79.00,0.15,NORMAL
13/05/26,9317,33.60,79.00,0.70,NORMAL
13/05/26,9318,33.70,78.00,0.00,NORMAL
13/05/26,9319,33.70,79.00,0.00,NORMAL
13/05/26,9320,33.60,78.00,0.00,NORMAL
13/05/26,9321,33.50,79.00,0.00,NORMAL
13/05/26,9322,33.40,79.00,0.00,NORMAL
13/05/26,9323,33.40,79.00,0.00,NORMAL
13/05/26,9324,33.40,80.00,0.00,NORMAL
13/05/26,9325,33.40,80.00,0.00,NORMAL
13/05/26,9326,33.40,80.00,0.00,NORMAL
13/05/26,9327,33.40,80.00,0.00,NORMAL
13/05/26,9328,33.40,80.00,0.00,NORMAL
13/05/26,9329,33.50,81.00,0.00,NORMAL
13/05/26,9330,33.50,81.00,0.00,NORMAL
13/05/26,9331,33.50,81.00,0.00,NORMAL
13/05/26,9332,33.50,82.00,0.00,NORMAL
13/05/26,9333,33.50,82.00,0.00,NORMAL
13/05/26,9334,33.60,81.00,0.00,NORMAL
13/05/26,9335,33.60,82.00,0.00,NORMAL
13/05/26,9336,33.60,81.00,0.10,NORMAL
13/05/26,9337,33.60,81.00,0.00,NORMAL
13/05/26,9338,33.60,82.00,0.00,NORMAL
13/05/26,9339,33.70,82.00,0.35,NORMAL
13/05/26,9340,33.70,82.00,0.00,NORMAL
13/05/26,9341,33.70,82.00,0.05,NORMAL
13/05/26,9342,33.90,82.00,0.00,NORMAL
13/05/26,9343,33.90,81.00,0.05,NORMAL
13/05/26,9344,33.90,79.00,0.65,NORMAL
13/05/26,9345,33.90,79.00,0.00,NORMAL
13/05/26,9346,33.90,79.00,0.00,NORMAL
13/05/26,9347,33.90,79.00,0.00,NORMAL
13/05/26,9348,33.90,80.00,0.00,NORMAL
13/05/26,9349,33.90,79.00,0.00,NORMAL
13/05/26,9350,33.80,79.00,0.00,NORMAL
13/05/26,9351,33.80,80.00,0.00,NORMAL
13/05/26,9352,33.80,80.00,0.00,NORMAL
13/05/26,9353,33.70,80.00,0.00,NORMAL
13/05/26,9354,33.40,80.00,0.00,NORMAL
13/05/26,9355,33.70,81.00,0.00,NORMAL
13/05/26,9356,33.70,81.00,0.00,NORMAL
13/05/26,9357,33.60,80.00,0.00,NORMAL
13/05/26,9358,33.60,81.00,0.25,NORMAL
13/05/26,9359,33.60,82.00,0.20,NORMAL
13/05/26,9360,33.50,81.00,0.15,NORMAL
13/05/26,9361,33.70,80.00,0.20,NORMAL
13/05/26,9362,33.80,80.00,0.20,NORMAL
13/05/26,9363,33.90,79.00,0.00,NORMAL
13/05/26,9364,33.90,77.00,0.00,NORMAL
13/05/26,9365,33.90,77.00,0.00,NORMAL
13/05/26,9366,33.80,78.00,0.00,NORMAL
13/05/26,9367,33.80,78.00,0.00,NORMAL
13/05/26,9368,33.70,78.00,0.00,NORMAL
13/05/26,9369,33.70,78.00,0.00,NORMAL
13/05/26,9370,33.60,78.00,0.00,NORMAL
13/05/26,9371,33.50,78.00,0.00,NORMAL
13/05/26,9372,33.40,78.00,0.00,NORMAL
13/05/26,9373,33.40,79.00,0.00,NORMAL
13/05/26,9374,33.40,79.00,0.00,NORMAL
13/05/26,9375,33.40,79.00,0.00,NORMAL
13/05/26,9376,33.40,80.00,0.00,NORMAL
13/05/26,9377,33.40,80.00,0.00,NORMAL
13/05/26,9378,33.40,81.00,0.00,NORMAL
13/05/26,9379,33.40,80.00,0.00,NORMAL
13/05/26,9380,33.40,79.00,0.00,NORMAL
13/05/26,9381,33.50,80.00,0.00,NORMAL
13/05/26,9382,33.40,79.00,0.00,NORMAL
13/05/26,9383,33.50,79.00,0.00,NORMAL
13/05/26,9384,33.50,80.00,0.00,NORMAL
13/05/26,9385,33.50,80.00,0.00,NORMAL
13/05/26,9386,33.60,80.00,0.00,NORMAL
13/05/26,9387,33.60,79.00,0.00,NORMAL
13/05/26,9388,33.60,79.00,0.00,NORMAL
13/05/26,9389,33.70,79.00,0.00,NORMAL
13/05/26,9390,33.60,78.00,0.00,NORMAL
13/05/26,9391,33.60,79.00,0.00,NORMAL
13/05/26,9392,33.60,79.00,0.00,NORMAL
13/05/26,9393,33.60,79.00,0.00,NORMAL
13/05/26,9394,33.70,79.00,0.00,NORMAL
13/05/26,9395,33.70,79.00,0.00,NORMAL
13/05/26,9396,33.60,76.00,0.00,NORMAL
13/05/26,9397,33.60,76.00,0.00,NORMAL
13/05/26,9398,33.50,76.00,0.00,NORMAL
13/05/26,9399,33.50,76.00,0.00,NORMAL
13/05/26,9400,33.50,76.00,0.00,NORMAL
13/05/26,9401,33.50,77.00,0.00,NORMAL
13/05/26,9402,33.60,77.00,0.00,NORMAL
13/05/26,9403,33.60,76.00,0.00,NORMAL
13/05/26,9404,33.40,73.00,0.00,NORMAL
13/05/26,9405,33.40,74.00,0.00,NORMAL
13/05/26,9406,33.40,75.00,0.00,NORMAL
13/05/26,9407,33.40,76.00,0.00,NORMAL
13/05/26,9408,33.40,77.00,0.00,NORMAL
13/05/26,9409,33.40,77.00,0.00,NORMAL
13/05/26,9410,33.40,77.00,0.00,NORMAL
13/05/26,9411,33.50,78.00,0.00,NORMAL
13/05/26,9412,33.50,78.00,0.00,NORMAL
13/05/26,9413,33.60,78.00,0.00,NORMAL
13/05/26,9414,33.60,78.00,0.00,NORMAL
13/05/26,9415,33.60,78.00,0.00,NORMAL
13/05/26,9416,33.70,78.00,0.00,NORMAL
13/05/26,9417,33.60,79.00,0.00,NORMAL
13/05/26,9418,33.60,78.00,0.00,NORMAL
13/05/26,9419,33.60,77.00,0.00,NORMAL
13/05/26,9420,33.50,78.00,0.00,NORMAL
13/05/26,9421,33.40,78.00,0.00,NORMAL
13/05/26,9422,33.40,78.00,0.00,NORMAL
13/05/26,9423,33.40,78.00,0.00,NORMAL
13/05/26,9424,33.40,79.00,0.00,NORMAL
13/05/26,9425,33.40,80.00,0.00,NORMAL
13/05/26,9426,33.40,80.00,0.00,NORMAL
13/05/26,9427,33.40,80.00,0.00,NORMAL
13/05/26,9428,33.40,78.00,0.00,NORMAL
13/05/26,9429,33.30,78.00,0.00,NORMAL
13/05/26,9430,33.40,79.00,0.00,NORMAL
13/05/26,9431,33.40,79.00,0.00,NORMAL
13/05/26,9432,33.40,79.00,0.00,NORMAL
13/05/26,9433,33.40,78.00,0.00,NORMAL
13/05/26,9434,33.30,78.00,0.00,NORMAL
13/05/26,9435,33.30,78.00,0.00,NORMAL
13/05/26,9436,33.30,79.00,0.00,NORMAL
13/05/26,9437,33.30,79.00,0.00,NORMAL
13/05/26,9438,33.30,79.00,0.00,NORMAL
13/05/26,9439,33.30,79.00,0.00,NORMAL
13/05/26,9440,33.30,79.00,0.00,NORMAL
13/05/26,9441,33.40,79.00,0.00,NORMAL
13/05/26,9442,33.40,79.00,0.00,NORMAL
13/05/26,9443,33.40,79.00,0.00,NORMAL
13/05/26,9444,33.40,79.00,0.00,NORMAL
13/05/26,9445,33.50,79.00,0.00,NORMAL
13/05/26,9446,33.60,78.00,0.00,NORMAL
13/05/26,9447,33.50,78.00,0.00,NORMAL
13/05/26,9448,33.60,78.00,0.00,NORMAL
13/05/26,9449,33.60,79.00,0.00,NORMAL
13/05/26,9450,33.60,79.00,0.00,NORMAL
13/05/26,9451,33.60,79.00,0.00,NORMAL
13/05/26,9452,33.70,79.00,0.00,NORMAL
13/05/26,9453,33.70,79.00,0.00,NORMAL
13/05/26,9454,33.70,79.00,0.00,NORMAL
13/05/26,9455,33.70,78.00,0.00,NORMAL
13/05/26,9456,33.70,78.00,0.00,NORMAL
13/05/26,9457,33.70,77.00,0.00,NORMAL
13/05/26,9458,33.70,77.00,0.00,NORMAL
13/05/26,9459,33.60,77.00,0.00,NORMAL
13/05/26,9460,33.60,77.00,0.00,NORMAL
13/05/26,9461,33.60,78.00,0.00,NORMAL
13/05/26,9462,33.50,78.00,0.00,NORMAL
13/05/26,9463,33.60,78.00,0.00,NORMAL
13/05/26,9464,33.60,78.00,0.00,NORMAL
13/05/26,9465,33.60,79.00,0.00,NORMAL
13/05/26,9466,33.70,79.00,0.00,NORMAL
13/05/26,9467,33.70,79.00,0.00,NORMAL
13/05/26,9468,33.70,80.00,0.00,NORMAL
13/05/26,9469,33.70,80.00,0.00,NORMAL
13/05/26,9470,33.70,80.00,0.00,NORMAL
13/05/26,9471,33.70,79.00,0.00,NORMAL
13/05/26,9472,33.70,79.00,0.00,NORMAL
13/05/26,9473,33.70,79.00,0.00,NORMAL
13/05/26,9474,33.70,79.00,0.00,NORMAL
13/05/26,9475,33.70,80.00,0.00,NORMAL
13/05/26,9476,33.70,79.00,0.00,NORMAL
13/05/26,9477,33.70,79.00,0.00,NORMAL
13/05/26,9478,33.70,80.00,0.00,NORMAL
13/05/26,9479,33.60,80.00,0.00,NORMAL
13/05/26,9480,33.70,80.00,0.00,NORMAL
13/05/26,9481,33.60,80.00,0.00,NORMAL
13/05/26,9482,33.60,80.00,0.00,NORMAL
13/05/26,9483,33.60,80.00,0.00,NORMAL
13/05/26,9484,33.60,80.00,0.00,NORMAL
13/05/26,9485,33.60,80.00,0.00,NORMAL
13/05/26,9486,33.60,80.00,0.00,NORMAL
13/05/26,9487,33.60,80.00,0.00,NORMAL
13/05/26,9488,33.60,80.00,0.00,NORMAL
13/05/26,9489,33.60,80.00,0.00,NORMAL
13/05/26,9490,33.60,80.00,0.00,NORMAL
13/05/26,9491,33.60,81.00,0.00,NORMAL
13/05/26,9492,33.60,80.00,0.00,NORMAL
13/05/26,9493,33.40,81.00,0.00,NORMAL
13/05/26,9494,33.40,79.00,0.00,NORMAL
13/05/26,9495,33.30,80.00,0.00,NORMAL
13/05/26,9496,33.20,81.00,0.00,NORMAL
13/05/26,9497,33.10,82.00,0.00,NORMAL
13/05/26,9498,33.00,82.00,0.00,NORMAL
13/05/26,9499,33.10,83.00,0.00,NORMAL
13/05/26,9500,33.00,83.00,0.00,NORMAL
13/05/26,9501,33.00,82.00,0.00,NORMAL
13/05/26,9502,33.00,82.00,0.00,NORMAL
13/05/26,9503,33.20,82.00,0.00,NORMAL
13/05/26,9504,33.00,81.00,0.00,NORMAL
13/05/26,9505,33.00,81.00,0.00,NORMAL
13/05/26,9506,33.00,81.00,0.00,NORMAL
13/05/26,9507,33.10,81.00,0.00,NORMAL
13/05/26,9508,33.10,82.00,0.00,NORMAL
13/05/26,9509,33.20,83.00,0.00,NORMAL
13/05/26,9510,33.20,82.00,0.00,NORMAL
13/05/26,9511,33.30,81.00,0.00,NORMAL
13/05/26,9512,33.30,81.00,0.00,NORMAL
13/05/26,9513,33.30,81.00,0.00,NORMAL
13/05/26,9514,33.30,81.00,0.00,NORMAL
13/05/26,9515,33.20,79.00,0.00,NORMAL
13/05/26,9516,33.20,80.00,0.00,NORMAL
13/05/26,9517,33.10,80.00,0.00,NORMAL
13/05/26,9518,33.00,80.00,0.00,NORMAL
13/05/26,9519,32.90,79.00,0.00,NORMAL
13/05/26,9520,32.90,80.00,0.00,NORMAL
13/05/26,9521,32.90,80.00,0.00,NORMAL
13/05/26,9522,32.90,80.00,0.00,NORMAL
13/05/26,9523,32.70,81.00,0.00,NORMAL
13/05/26,9524,32.90,81.00,0.00,NORMAL
13/05/26,9525,32.90,80.00,0.00,NORMAL
13/05/26,9526,32.90,81.00,0.00,NORMAL
13/05/26,9527,32.90,81.00,0.00,NORMAL
13/05/26,9528,32.90,79.00,0.00,NORMAL
13/05/26,9529,32.90,79.00,0.00,NORMAL
13/05/26,9530,32.90,80.00,0.00,NORMAL
13/05/26,9531,33.00,81.00,0.00,NORMAL
13/05/26,9532,33.10,82.00,0.00,NORMAL
13/05/26,9533,33.10,80.00,0.00,NORMAL
13/05/26,9534,33.10,80.00,0.00,NORMAL
13/05/26,9535,33.20,81.00,0.00,NORMAL
13/05/26,9536,33.20,80.00,0.00,NORMAL
13/05/26,9537,33.20,80.00,0.00,NORMAL
13/05/26,9538,33.10,81.00,0.00,NORMAL
13/05/26,9539,33.10,81.00,0.00,NORMAL
13/05/26,9540,33.10,81.00,0.00,NORMAL
13/05/26,9541,33.10,81.00,0.00,NORMAL
13/05/26,9542,33.20,81.00,0.00,NORMAL
13/05/26,9543,33.20,79.00,0.00,NORMAL
13/05/26,9544,33.20,79.00,0.00,NORMAL
13/05/26,9545,33.20,79.00,0.00,NORMAL
13/05/26,9546,33.20,80.00,0.00,NORMAL
13/05/26,9547,33.20,80.00,0.00,NORMAL
13/05/26,9548,33.20,80.00,0.00,NORMAL
13/05/26,9549,33.20,80.00,0.00,NORMAL
13/05/26,9550,33.20,81.00,0.00,NORMAL
13/05/26,9551,33.20,81.00,0.00,NORMAL
13/05/26,9552,33.20,82.00,0.00,NORMAL
13/05/26,9553,33.30,82.00,0.00,NORMAL
13/05/26,9554,33.30,81.00,0.00,NORMAL
13/05/26,9555,33.40,80.00,0.00,NORMAL
13/05/26,9556,33.30,80.00,0.00,NORMAL
13/05/26,9557,33.30,79.00,0.00,NORMAL
13/05/26,9558,33.30,79.00,0.00,NORMAL
13/05/26,9559,33.20,79.00,0.00,NORMAL
13/05/26,9560,33.20,80.00,0.00,NORMAL
13/05/26,9561,33.10,80.00,0.00,NORMAL
13/05/26,9562,33.10,80.00,0.00,NORMAL
13/05/26,9563,33.10,80.00,0.00,NORMAL
13/05/26,9564,33.10,80.00,0.00,NORMAL
13/05/26,9565,33.10,80.00,0.00,NORMAL
13/05/26,9566,32.90,79.00,0.00,NORMAL
13/05/26,9567,33.20,81.00,0.00,NORMAL
13/05/26,9568,33.20,81.00,0.00,NORMAL
13/05/26,9569,33.20,81.00,0.00,NORMAL
13/05/26,9570,33.20,81.00,0.00,NORMAL
13/05/26,9571,33.20,81.00,0.00,NORMAL
13/05/26,9572,33.20,81.00,0.00,NORMAL
13/05/26,9573,33.20,81.00,0.00,NORMAL
13/05/26,9574,33.20,81.00,0.00,NORMAL
13/05/26,9575,33.20,81.00,0.00,NORMAL
13/05/26,9576,33.30,82.00,0.00,NORMAL
13/05/26,9577,33.30,82.00,0.00,NORMAL
13/05/26,9578,33.30,80.00,0.00,NORMAL
13/05/26,9579,33.30,80.00,0.00,NORMAL
13/05/26,9580,33.20,80.00,0.00,NORMAL
13/05/26,9581,33.20,81.00,0.00,NORMAL
13/05/26,9582,33.20,80.00,0.00,NORMAL
13/05/26,9583,33.20,80.00,0.00,NORMAL
13/05/26,9584,33.20,80.00,0.00,NORMAL
13/05/26,9585,33.20,80.00,0.00,NORMAL
13/05/26,9586,33.20,79.00,0.00,NORMAL
13/05/26,9587,33.20,79.00,0.00,NORMAL
13/05/26,9588,33.20,79.00,0.00,NORMAL
13/05/26,9589,33.20,79.00,0.00,NORMAL
13/05/26,9590,33.20,79.00,0.00,NORMAL
13/05/26,9591,33.20,80.00,0.00,NORMAL
13/05/26,9592,33.20,80.00,0.00,NORMAL
13/05/26,9593,33.20,80.00,0.00,NORMAL
13/05/26,9594,33.20,80.00,0.00,NORMAL
13/05/26,9595,33.30,80.00,0.00,NORMAL
13/05/26,9596,33.30,80.00,0.00,NORMAL
13/05/26,9597,33.30,79.00,0.00,NORMAL
13/05/26,9598,33.40,79.00,0.00,NORMAL
13/05/26,9599,33.40,80.00,0.00,NORMAL
13/05/26,9600,33.40,79.00,0.00,NORMAL
13/05/26,9601,33.40,79.00,0.00,NORMAL
13/05/26,9602,33.40,79.00,0.00,NORMAL
13/05/26,9603,33.60,79.00,0.00,NORMAL
13/05/26,9604,33.70,79.00,0.00,NORMAL
13/05/26,9605,33.70,79.00,0.00,NORMAL
13/05/26,9606,33.70,78.00,0.00,NORMAL
13/05/26,9607,33.70,78.00,0.00,NORMAL
13/05/26,9608,33.60,76.00,0.00,NORMAL
13/05/26,9609,33.70,75.00,0.00,NORMAL
13/05/26,9610,33.60,75.00,0.00,NORMAL
13/05/26,9611,33.60,75.00,0.00,NORMAL
13/05/26,9612,33.60,76.00,0.00,NORMAL
13/05/26,9613,33.60,76.00,0.00,NORMAL
13/05/26,9614,33.40,76.00,0.00,NORMAL
13/05/26,9615,33.40,77.00,0.00,NORMAL
13/05/26,9616,33.60,77.00,0.00,NORMAL
13/05/26,9617,33.60,77.00,0.00,NORMAL
13/05/26,9618,33.60,78.00,0.00,NORMAL
13/05/26,9619,33.70,78.00,0.00,NORMAL
13/05/26,9620,33.70,78.00,0.00,NORMAL
13/05/26,9621,33.70,78.00,0.00,NORMAL
13/05/26,9622,33.70,78.00,0.00,NORMAL
13/05/26,9623,33.80,78.00,0.00,NORMAL
13/05/26,9624,33.80,78.00,0.00,NORMAL
13/05/26,9625,33.80,77.00,0.00,NORMAL
13/05/26,9626,33.90,78.00,0.00,NORMAL
13/05/26,9627,33.90,78.00,0.00,NORMAL
13/05/26,9628,33.90,77.00,0.00,NORMAL
13/05/26,9629,33.80,77.00,0.00,NORMAL
13/05/26,9630,33.70,77.00,0.00,NORMAL
13/05/26,9631,33.60,78.00,0.00,NORMAL
13/05/26,9632,33.60,78.00,0.00,NORMAL
13/05/26,9633,33.60,79.00,0.00,NORMAL
13/05/26,9634,33.60,79.00,0.00,NORMAL
13/05/26,9635,33.60,79.00,0.00,NORMAL
13/05/26,9636,33.60,79.00,0.00,NORMAL
13/05/26,9637,33.60,79.00,0.00,NORMAL
13/05/26,9638,33.60,79.00,0.00,NORMAL
13/05/26,9639,33.60,78.00,0.00,NORMAL
13/05/26,9640,33.60,78.00,0.00,NORMAL
13/05/26,9641,33.60,79.00,0.00,NORMAL
13/05/26,9642,33.40,79.00,0.00,NORMAL
13/05/26,9643,33.40,77.00,0.00,NORMAL
13/05/26,9644,33.40,78.00,0.00,NORMAL
13/05/26,9645,33.40,77.00,0.00,NORMAL
13/05/26,9646,33.40,77.00,0.00,NORMAL
13/05/26,9647,33.40,78.00,0.00,NORMAL
13/05/26,9648,33.40,78.00,0.00,NORMAL
13/05/26,9649,33.30,78.00,0.00,NORMAL
13/05/26,9650,33.30,78.00,0.00,NORMAL
13/05/26,9651,33.30,78.00,0.00,NORMAL
13/05/26,9652,33.40,79.00,0.00,NORMAL
13/05/26,9653,33.40,80.00,0.00,NORMAL
13/05/26,9654,33.40,79.00,0.00,NORMAL
13/05/26,9655,33.40,79.00,0.00,NORMAL
13/05/26,9656,33.40,78.00,0.00,NORMAL
13/05/26,9657,33.40,78.00,0.00,NORMAL
13/05/26,9658,33.40,79.00,0.00,NORMAL
13/05/26,9659,33.40,78.00,0.00,NORMAL
13/05/26,9660,33.40,78.00,0.00,NORMAL
13/05/26,9661,33.30,79.00,0.00,NORMAL
13/05/26,9662,33.40,80.00,0.00,NORMAL
13/05/26,9663,33.40,80.00,0.00,NORMAL
13/05/26,9664,33.40,80.00,0.00,NORMAL
13/05/26,9665,33.60,80.00,0.00,NORMAL
13/05/26,9666,33.50,79.00,0.00,NORMAL
13/05/26,9667,33.50,79.00,0.00,NORMAL
13/05/26,9668,33.40,79.00,0.00,NORMAL
13/05/26,9669,33.40,80.00,0.00,NORMAL
13/05/26,9670,33.40,79.00,0.00,NORMAL
13/05/26,9671,33.40,79.00,0.00,NORMAL
13/05/26,9672,33.40,80.00,0.00,NORMAL
13/05/26,9673,33.40,81.00,0.00,NORMAL
13/05/26,9674,33.40,80.00,0.00,NORMAL
13/05/26,9675,33.40,80.00,0.00,NORMAL
13/05/26,9676,33.40,80.00,0.00,NORMAL
13/05/26,9677,33.40,80.00,0.00,NORMAL
13/05/26,9678,33.40,80.00,0.00,NORMAL
13/05/26,9679,33.40,80.00,0.00,NORMAL
13/05/26,9680,33.50,80.00,0.00,NORMAL
13/05/26,9681,33.40,80.00,0.00,NORMAL
13/05/26,9682,33.40,80.00,0.00,NORMAL
13/05/26,9683,33.40,81.00,0.00,NORMAL
13/05/26,9684,33.40,81.00,0.00,NORMAL
13/05/26,9685,33.40,81.00,0.00,NORMAL
13/05/26,9686,33.40,81.00,0.00,NORMAL
13/05/26,9687,33.40,80.00,0.00,NORMAL
13/05/26,9688,33.40,80.00,0.00,NORMAL
13/05/26,9689,33.40,81.00,0.00,NORMAL
13/05/26,9690,33.50,81.00,0.00,NORMAL
13/05/26,9691,33.60,81.00,0.00,NORMAL
13/05/26,9692,33.60,81.00,0.00,NORMAL
13/05/26,9693,33.60,80.00,0.00,NORMAL
13/05/26,9694,33.60,79.00,0.00,NORMAL
13/05/26,9695,33.60,79.00,0.00,NORMAL
13/05/26,9696,33.50,80.00,0.00,NORMAL
13/05/26,9697,33.50,80.00,0.00,NORMAL
13/05/26,9698,33.50,79.00,0.00,NORMAL
13/05/26,9699,33.50,78.00,0.00,NORMAL
13/05/26,9700,33.40,79.00,0.00,NORMAL
13/05/26,9701,33.40,80.00,0.00,NORMAL
13/05/26,9702,33.40,80.00,0.00,NORMAL
13/05/26,9703,33.20,81.00,0.00,NORMAL
13/05/26,9704,33.30,81.00,0.00,NORMAL
13/05/26,9705,33.30,81.00,0.00,NORMAL
13/05/26,9706,33.20,81.00,0.00,NORMAL
13/05/26,9707,33.30,81.00,0.00,NORMAL
13/05/26,9708,33.30,81.00,0.00,NORMAL
13/05/26,9709,33.40,81.00,0.00,NORMAL
13/05/26,9710,33.40,81.00,0.00,NORMAL
13/05/26,9711,33.40,82.00,0.00,NORMAL
13/05/26,9712,33.40,81.00,0.00,NORMAL
13/05/26,9713,33.40,82.00,0.00,NORMAL
13/05/26,9714,33.30,81.00,0.00,NORMAL
13/05/26,9715,33.30,82.00,0.00,NORMAL
13/05/26,9716,33.20,81.00,0.00,NORMAL
13/05/26,9717,33.30,82.00,0.00,NORMAL
13/05/26,9718,33.20,81.00,0.00,NORMAL
13/05/26,9719,33.20,82.00,0.00,NORMAL
13/05/26,9720,33.20,82.00,0.00,NORMAL
13/05/26,9721,33.20,82.00,0.00,NORMAL
13/05/26,9722,33.20,82.00,0.00,NORMAL
13/05/26,9723,33.20,83.00,0.00,NORMAL
13/05/26,9724,33.20,82.00,0.00,NORMAL
13/05/26,9725,33.20,82.00,0.00,NORMAL
13/05/26,9726,33.20,82.00,0.00,NORMAL
13/05/26,9727,33.20,82.00,0.00,NORMAL
13/05/26,9728,33.20,81.00,0.00,NORMAL
13/05/26,9729,33.20,82.00,0.00,NORMAL
13/05/26,9730,33.40,82.00,0.00,NORMAL
13/05/26,9731,33.40,81.00,0.00,NORMAL
13/05/26,9732,33.40,81.00,0.00,NORMAL
13/05/26,9733,33.40,81.00,0.00,NORMAL
13/05/26,9734,33.40,81.00,0.00,NORMAL
13/05/26,9735,33.40,80.00,0.00,NORMAL
13/05/26,9736,33.40,80.00,0.00,NORMAL
13/05/26,9737,33.40,79.00,0.00,NORMAL
13/05/26,9738,33.40,80.00,0.00,NORMAL
13/05/26,9739,33.40,80.00,0.00,NORMAL
13/05/26,9740,33.40,80.00,0.00,NORMAL
13/05/26,9741,33.40,80.00,0.00,NORMAL
13/05/26,9742,33.40,80.00,0.00,NORMAL
13/05/26,9743,33.40,79.00,0.00,NORMAL
13/05/26,9744,33.40,79.00,0.00,NORMAL
13/05/26,9745,33.50,80.00,0.00,NORMAL
13/05/26,9746,33.50,80.00,0.00,NORMAL
13/05/26,9747,33.50,79.00,0.00,NORMAL
13/05/26,9748,33.50,80.00,0.00,NORMAL
13/05/26,9749,33.50,79.00,0.00,NORMAL
13/05/26,9750,33.50,80.00,0.00,NORMAL
13/05/26,9751,33.50,80.00,0.00,NORMAL
13/05/26,9752,33.60,80.00,0.00,NORMAL
13/05/26,9753,33.60,81.00,0.00,NORMAL
13/05/26,9754,33.60,80.00,0.00,NORMAL
13/05/26,9755,33.70,80.00,0.00,NORMAL
13/05/26,9756,33.80,79.00,0.00,NORMAL
13/05/26,9757,33.80,79.00,0.00,NORMAL
13/05/26,9758,33.80,79.00,0.00,NORMAL
13/05/26,9759,33.80,80.00,0.00,NORMAL
13/05/26,9760,33.80,79.00,0.00,NORMAL
13/05/26,9761,33.80,80.00,0.00,NORMAL
13/05/26,9762,33.90,79.00,0.00,NORMAL
13/05/26,9763,33.90,79.00,0.00,NORMAL
13/05/26,9764,33.80,78.00,0.00,NORMAL
13/05/26,9765,33.80,78.00,0.00,NORMAL
13/05/26,9766,33.70,79.00,0.00,NORMAL
13/05/26,9767,33.60,80.00,0.00,NORMAL
13/05/26,9768,33.60,80.00,0.00,NORMAL
13/05/26,9769,33.60,80.00,0.00,NORMAL
13/05/26,9770,33.50,81.00,0.00,NORMAL
13/05/26,9771,33.60,81.00,0.00,NORMAL
13/05/26,9772,33.60,81.00,0.00,NORMAL
13/05/26,9773,33.60,80.00,0.00,NORMAL
13/05/26,9774,33.60,80.00,0.00,NORMAL
13/05/26,9775,33.60,81.00,0.00,NORMAL
13/05/26,9776,33.50,80.00,0.00,NORMAL
13/05/26,9777,33.40,80.00,0.00,NORMAL
13/05/26,9778,33.40,81.00,0.00,NORMAL
13/05/26,9779,33.40,81.00,0.00,NORMAL
13/05/26,9780,33.40,80.00,0.00,NORMAL
13/05/26,9781,33.40,81.00,0.00,NORMAL
13/05/26,9782,33.40,81.00,0.00,NORMAL
13/05/26,9783,33.40,81.00,0.00,NORMAL
13/05/26,9784,33.50,81.00,0.00,NORMAL
13/05/26,9785,33.60,81.00,0.00,NORMAL
13/05/26,9786,33.60,81.00,0.00,NORMAL
13/05/26,9787,33.70,82.00,0.00,NORMAL
13/05/26,9788,33.70,82.00,0.00,NORMAL
13/05/26,9789,33.80,82.00,0.00,NORMAL
13/05/26,9790,33.80,82.00,0.00,NORMAL
13/05/26,9791,33.90,81.00,0.00,NORMAL
13/05/26,9792,33.80,81.00,0.00,NORMAL
13/05/26,9793,33.80,82.00,0.00,NORMAL
13/05/26,9794,33.90,81.00,0.00,NORMAL
13/05/26,9795,33.90,81.00,0.00,NORMAL
13/05/26,9796,33.80,81.00,0.00,NORMAL
13/05/26,9797,33.90,80.00,0.00,NORMAL
13/05/26,9798,33.80,79.00,0.00,NORMAL
13/05/26,9799,33.70,80.00,0.00,NORMAL
13/05/26,9800,33.70,80.00,0.00,NORMAL
13/05/26,9801,33.60,80.00,0.00,NORMAL
13/05/26,9802,33.70,80.00,0.00,NORMAL
13/05/26,9803,33.70,81.00,0.00,NORMAL
13/05/26,9804,33.70,80.00,0.00,NORMAL
13/05/26,9805,33.70,80.00,0.00,NORMAL
13/05/26,9806,33.70,81.00,0.00,NORMAL
13/05/26,9807,33.80,81.00,0.00,NORMAL
13/05/26,9808,33.80,79.00,0.00,NORMAL
13/05/26,9809,33.60,79.00,0.00,NORMAL
13/05/26,9810,33.60,79.00,0.00,NORMAL
13/05/26,9811,33.70,80.00,0.00,NORMAL
13/05/26,9812,33.60,78.00,0.00,NORMAL
13/05/26,9813,33.60,79.00,0.00,NORMAL
13/05/26,9814,33.50,79.00,0.00,NORMAL
13/05/26,9815,33.50,80.00,0.00,NORMAL
13/05/26,9816,33.50,80.00,0.00,NORMAL
13/05/26,9817,33.50,81.00,0.00,NORMAL
13/05/26,9818,33.50,81.00,0.00,NORMAL
13/05/26,9819,33.50,81.00,0.00,NORMAL
13/05/26,9820,33.50,82.00,0.00,NORMAL
13/05/26,9821,33.60,82.00,0.00,NORMAL
13/05/26,9822,33.60,82.00,0.00,NORMAL
13/05/26,9823,33.70,82.00,0.00,NORMAL
13/05/26,9824,33.70,81.00,0.00,NORMAL
13/05/26,9825,33.70,81.00,0.00,NORMAL
13/05/26,9826,33.80,81.00,0.00,NORMAL
13/05/26,9827,33.70,81.00,0.00,NORMAL
13/05/26,9828,33.70,80.00,0.00,NORMAL
13/05/26,9829,33.70,79.00,0.00,NORMAL
13/05/26,9830,33.70,80.00,0.00,NORMAL
13/05/26,9831,33.70,80.00,0.00,NORMAL
13/05/26,9832,33.60,80.00,0.00,NORMAL
13/05/26,9833,33.50,80.00,0.00,NORMAL
13/05/26,9834,33.50,80.00,0.00,NORMAL
13/05/26,9835,33.40,81.00,0.00,NORMAL
13/05/26,9836,33.40,81.00,0.00,NORMAL
13/05/26,9837,33.40,82.00,0.00,NORMAL
13/05/26,9838,33.20,81.00,0.00,NORMAL
13/05/26,9839,33.20,82.00,0.00,NORMAL
13/05/26,9840,33.20,82.00,0.00,NORMAL
13/05/26,9841,33.20,82.00,0.00,NORMAL
13/05/26,9842,33.20,81.00,0.00,NORMAL
13/05/26,9843,33.20,82.00,0.00,NORMAL
13/05/26,9844,33.20,83.00,0.00,NORMAL
13/05/26,9845,33.20,82.00,0.00,NORMAL
13/05/26,9846,33.20,81.00,0.00,NORMAL
13/05/26,9847,33.20,80.00,0.00,NORMAL
13/05/26,9848,33.20,80.00,0.00,NORMAL
13/05/26,9849,33.20,80.00,0.00,NORMAL
13/05/26,9850,33.20,79.00,0.00,NORMAL
13/05/26,9851,33.20,80.00,0.00,NORMAL
13/05/26,9852,33.10,80.00,0.00,NORMAL
13/05/26,9853,33.10,81.00,0.00,NORMAL
13/05/26,9854,33.10,81.00,0.00,NORMAL
13/05/26,9855,33.10,81.00,0.00,NORMAL
13/05/26,9856,33.10,81.00,0.00,NORMAL
13/05/26,9857,33.10,82.00,0.00,NORMAL
13/05/26,9858,33.10,82.00,0.00,NORMAL
13/05/26,9859,33.10,82.00,0.00,NORMAL
13/05/26,9860,33.10,81.00,0.00,NORMAL
13/05/26,9861,33.10,81.00,0.00,NORMAL
13/05/26,9862,33.00,81.00,0.00,NORMAL
13/05/26,9863,33.20,80.00,0.00,NORMAL
13/05/26,9864,33.00,80.00,0.00,NORMAL
13/05/26,9865,33.00,80.00,0.00,NORMAL
13/05/26,9866,33.00,81.00,0.00,NORMAL
13/05/26,9867,33.00,82.00,0.00,NORMAL
13/05/26,9868,33.00,82.00,0.00,NORMAL
13/05/26,9869,33.00,82.00,0.00,NORMAL
13/05/26,9870,33.00,82.00,0.00,NORMAL
13/05/26,9871,33.10,82.00,0.00,NORMAL
13/05/26,9872,33.00,82.00,0.00,NORMAL
13/05/26,9873,33.00,82.00,0.00,NORMAL
13/05/26,9874,33.00,82.00,0.00,NORMAL
13/05/26,9875,33.00,83.00,0.00,NORMAL
13/05/26,9876,33.00,84.00,0.00,NORMAL
13/05/26,9877,33.00,84.00,0.00,NORMAL
13/05/26,9878,33.00,84.00,0.00,NORMAL
13/05/26,9879,33.10,84.00,0.00,NORMAL
13/05/26,9880,33.10,84.00,0.00,NORMAL
13/05/26,9881,33.10,84.00,0.00,NORMAL
13/05/26,9882,33.20,84.00,0.00,NORMAL
13/05/26,9883,33.20,84.00,0.00,NORMAL
13/05/26,9884,33.20,85.00,0.00,NORMAL
13/05/26,9885,33.20,83.00,0.00,NORMAL
13/05/26,9886,33.30,83.00,0.00,NORMAL
13/05/26,9887,33.40,83.00,0.00,NORMAL
13/05/26,9888,33.40,83.00,0.00,NORMAL
13/05/26,9889,33.40,83.00,0.00,NORMAL
13/05/26,9890,33.30,83.00,0.00,NORMAL
13/05/26,9891,33.40,83.00,0.00,NORMAL
13/05/26,9892,33.40,83.00,0.00,NORMAL
13/05/26,9893,33.60,83.00,0.00,NORMAL
13/05/26,9894,33.60,82.00,0.00,NORMAL
13/05/26,9895,33.70,83.00,0.00,NORMAL
13/05/26,9896,33.70,83.00,0.00,NORMAL
13/05/26,9897,33.60,83.00,0.00,NORMAL
13/05/26,9898,33.60,82.00,0.00,NORMAL
13/05/26,9899,33.60,82.00,0.00,NORMAL
13/05/26,9900,33.40,80.00,0.00,NORMAL
13/05/26,9901,33.20,81.00,0.00,NORMAL
13/05/26,9902,33.40,82.00,0.00,NORMAL
13/05/26,9903,33.20,82.00,0.00,NORMAL
13/05/26,9904,33.10,82.00,0.00,NORMAL
13/05/26,9905,33.10,83.00,0.00,NORMAL
13/05/26,9906,33.00,83.00,0.00,NORMAL
13/05/26,9907,33.00,83.00,0.00,NORMAL
13/05/26,9908,33.00,83.00,0.00,NORMAL
13/05/26,9909,32.90,82.00,0.00,NORMAL
13/05/26,9910,32.90,82.00,0.00,NORMAL
13/05/26,9911,32.90,82.00,0.00,NORMAL
13/05/26,9912,32.90,83.00,0.00,NORMAL
13/05/26,9913,32.70,83.00,0.00,NORMAL
13/05/26,9914,32.70,83.00,0.00,NORMAL
13/05/26,9915,32.70,84.00,0.00,NORMAL
13/05/26,9916,32.70,84.00,0.00,NORMAL
13/05/26,9917,32.70,85.00,0.00,NORMAL
13/05/26,9918,32.70,85.00,0.00,NORMAL
13/05/26,9919,32.70,86.00,0.00,NORMAL
13/05/26,9920,32.70,85.00,0.00,NORMAL
13/05/26,9921,32.70,84.00,0.00,NORMAL
13/05/26,9922,32.70,85.00,0.00,NORMAL
13/05/26,9923,32.70,85.00,0.00,NORMAL
13/05/26,9924,32.60,86.00,0.00,NORMAL
13/05/26,9925,32.60,86.00,0.00,NORMAL
13/05/26,9926,32.60,86.00,0.00,NORMAL
13/05/26,9927,32.40,87.00,0.00,NORMAL
13/05/26,9928,32.50,87.00,0.00,NORMAL
13/05/26,9929,32.90,87.00,0.00,NORMAL
13/05/26,9930,32.50,87.00,0.00,NORMAL
13/05/26,9931,32.50,88.00,0.00,NORMAL
13/05/26,9932,32.50,88.00,0.00,NORMAL
13/05/26,9933,32.50,89.00,0.00,NORMAL
13/05/26,9934,32.50,88.00,0.00,NORMAL
13/05/26,9935,32.40,89.00,0.00,NORMAL
13/05/26,9936,32.40,89.00,0.00,NORMAL
13/05/26,9937,32.40,89.00,0.00,NORMAL
13/05/26,9938,32.40,90.00,0.00,NORMAL
13/05/26,9939,32.40,90.00,0.00,NORMAL
13/05/26,9940,32.40,91.00,0.00,NORMAL
13/05/26,9941,32.30,91.00,0.00,NORMAL
13/05/26,9942,32.20,91.00,0.00,NORMAL
13/05/26,9943,32.30,91.00,0.00,NORMAL
13/05/26,9944,32.30,92.00,0.00,NORMAL
13/05/26,9945,32.20,91.00,0.00,NORMAL
13/05/26,9946,32.20,92.00,0.00,NORMAL
13/05/26,9947,32.20,92.00,0.00,NORMAL
13/05/26,9948,32.20,92.00,0.00,NORMAL
13/05/26,9949,32.30,92.00,0.00,NORMAL
13/05/26,9950,32.30,92.00,0.00,NORMAL
13/05/26,9951,32.30,92.00,0.00,NORMAL
13/05/26,9952,32.30,92.00,0.00,NORMAL
13/05/26,9953,32.30,92.00,0.00,NORMAL
13/05/26,9954,32.20,91.00,0.00,NORMAL
13/05/26,9955,32.30,92.00,0.00,NORMAL
13/05/26,9956,32.20,93.00,0.00,NORMAL
13/05/26,9957,32.20,93.00,0.00,NORMAL
13/05/26,9958,32.20,93.00,0.00,NORMAL
13/05/26,9959,32.20,94.00,0.00,NORMAL
13/05/26,9960,32.20,94.00,0.00,NORMAL
13/05/26,9961,32.20,94.00,0.00,NORMAL
13/05/26,9962,32.20,94.00,0.00,NORMAL
13/05/26,9963,32.20,94.00,0.00,NORMAL
13/05/26,9964,32.20,94.00,0.00,NORMAL
13/05/26,9965,32.20,91.00,0.00,NORMAL
13/05/26,9966,32.20,91.00,0.00,NORMAL
13/05/26,9967,32.20,92.00,0.00,NORMAL
13/05/26,9968,32.20,92.00,0.00,NORMAL
13/05/26,9969,32.20,92.00,0.00,NORMAL
13/05/26,9970,32.20,91.00,0.00,NORMAL
13/05/26,9971,32.20,91.00,0.00,NORMAL
13/05/26,9972,32.20,91.00,0.00,NORMAL
13/05/26,9973,32.20,89.00,0.00,NORMAL
13/05/26,9974,32.20,90.00,0.00,NORMAL
13/05/26,9975,32.20,89.00,0.00,NORMAL
13/05/26,9976,32.20,90.00,0.00,NORMAL
13/05/26,9977,32.20,90.00,0.00,NORMAL
13/05/26,9978,32.20,90.00,0.00,NORMAL
13/05/26,9979,32.20,90.00,0.00,NORMAL
13/05/26,9980,32.30,89.00,0.00,NORMAL
13/05/26,9981,32.20,88.00,0.00,NORMAL
13/05/26,9982,32.20,88.00,0.00,NORMAL
13/05/26,9983,32.20,88.00,0.00,NORMAL
13/05/26,9984,32.30,89.00,0.00,NORMAL
13/05/26,9985,32.30,89.00,0.00,NORMAL
13/05/26,9986,32.30,89.00,0.00,NORMAL
13/05/26,9987,32.30,89.00,0.00,NORMAL
13/05/26,9988,32.30,89.00,0.00,NORMAL
13/05/26,9989,32.30,89.00,0.00,NORMAL
13/05/26,9990,32.30,89.00,0.00,NORMAL
13/05/26,9991,32.30,90.00,0.00,NORMAL
13/05/26,9992,32.30,90.00,0.00,NORMAL
13/05/26,9993,32.40,90.00,0.00,NORMAL
13/05/26,9994,32.40,90.00,0.00,NORMAL
13/05/26,9995,32.40,89.00,0.00,NORMAL
13/05/26,9996,32.40,90.00,0.00,NORMAL
13/05/26,9997,32.30,90.00,0.00,NORMAL
13/05/26,9998,32.30,90.00,0.00,NORMAL
13/05/26,9999,32.40,90.00,0.00,NORMAL
13/05/26,10000,32.40,90.00,0.00,NORMAL
13/05/26,10001,32.40,90.00,0.00,NORMAL
13/05/26,10002,32.40,91.00,0.00,NORMAL
13/05/26,10003,32.40,91.00,0.00,NORMAL
13/05/26,10004,32.40,91.00,0.00,NORMAL
13/05/26,10005,32.40,91.00,0.00,NORMAL
13/05/26,10006,32.30,91.00,0.00,NORMAL
13/05/26,10007,32.30,91.00,0.00,NORMAL
13/05/26,10008,32.30,91.00,0.00,NORMAL
13/05/26,10009,32.30,90.00,0.00,NORMAL
13/05/26,10010,32.30,91.00,0.00,NORMAL
13/05/26,10011,32.30,91.00,0.00,NORMAL
13/05/26,10012,32.40,91.00,0.00,NORMAL
13/05/26,10013,32.30,91.00,0.00,NORMAL
13/05/26,10014,32.40,91.00,0.00,NORMAL
13/05/26,10015,32.40,91.00,0.00,NORMAL
13/05/26,10016,32.40,91.00,0.00,NORMAL
13/05/26,10017,32.40,91.00,0.00,NORMAL
13/05/26,10018,32.40,91.00,0.00,NORMAL
13/05/26,10019,32.40,91.00,0.00,NORMAL
13/05/26,10020,32.40,90.00,0.00,NORMAL
13/05/26,10021,32.40,90.00,0.00,NORMAL
13/05/26,10022,32.40,90.00,0.00,NORMAL
13/05/26,10023,32.30,90.00,0.00,NORMAL
13/05/26,10024,32.30,90.00,0.00,NORMAL
13/05/26,10025,32.30,90.00,0.00,NORMAL
13/05/26,10026,32.30,90.00,0.00,NORMAL
13/05/26,10027,32.40,90.00,0.00,NORMAL
13/05/26,10028,32.20,90.00,0.00,NORMAL
13/05/26,10029,32.20,90.00,0.00,NORMAL
13/05/26,10030,32.20,91.00,0.00,NORMAL
13/05/26,10031,32.20,91.00,0.00,NORMAL
13/05/26,10032,32.20,91.00,0.00,NORMAL
13/05/26,10033,32.20,92.00,0.00,NORMAL
13/05/26,10034,32.20,92.00,0.00,NORMAL
13/05/26,10035,32.20,92.00,0.00,NORMAL
13/05/26,10036,32.20,92.00,0.00,NORMAL
13/05/26,10037,32.20,93.00,0.00,NORMAL
13/05/26,10038,32.20,93.00,0.00,NORMAL
13/05/26,10039,32.20,92.00,0.00,NORMAL
13/05/26,10040,32.20,93.00,0.00,NORMAL
13/05/26,10041,32.20,93.00,0.00,NORMAL
13/05/26,10042,32.20,92.00,0.00,NORMAL
13/05/26,10043,32.20,93.00,0.00,NORMAL
13/05/26,10044,32.20,93.00,0.00,NORMAL
13/05/26,10045,32.20,93.00,0.00,NORMAL
13/05/26,10046,32.20,93.00,0.00,NORMAL
13/05/26,10047,32.20,93.00,0.00,NORMAL
13/05/26,10048,32.20,93.00,0.00,NORMAL
13/05/26,10049,32.20,92.00,0.00,NORMAL
13/05/26,10050,32.20,92.00,0.00,NORMAL
13/05/26,10051,32.20,92.00,0.00,NORMAL
13/05/26,10052,32.10,91.00,0.00,NORMAL
13/05/26,10053,32.10,92.00,0.00,NORMAL
13/05/26,10054,32.10,91.00,0.00,NORMAL
13/05/26,10055,32.10,91.00,0.00,NORMAL
13/05/26,10056,32.00,92.00,0.00,NORMAL
13/05/26,10057,32.00,92.00,0.00,NORMAL
13/05/26,10058,31.90,93.00,0.00,NORMAL
13/05/26,10059,32.00,93.00,0.00,NORMAL
13/05/26,10060,32.00,93.00,0.00,NORMAL
13/05/26,10061,32.00,93.00,0.00,NORMAL
13/05/26,10062,32.00,92.00,0.00,NORMAL
13/05/26,10063,31.90,92.00,0.00,NORMAL
13/05/26,10064,31.90,92.00,0.00,NORMAL
13/05/26,10065,32.00,93.00,0.00,NORMAL
13/05/26,10066,32.00,93.00,0.00,NORMAL
13/05/26,10067,32.00,93.00,0.00,NORMAL
13/05/26,10068,32.00,93.00,0.00,NORMAL
13/05/26,10069,32.00,94.00,0.00,NORMAL
13/05/26,10070,32.00,94.00,0.00,NORMAL
13/05/26,10071,32.10,95.00,0.00,NORMAL
13/05/26,10072,32.10,95.00,0.00,NORMAL
13/05/26,10073,32.10,95.00,0.00,NORMAL
13/05/26,10074,32.10,95.00,0.00,NORMAL
13/05/26,10075,32.10,95.00,0.00,NORMAL
13/05/26,10076,32.20,95.00,0.00,NORMAL
13/05/26,10077,32.10,95.00,0.00,NORMAL
13/05/26,10078,32.10,95.00,0.00,NORMAL
13/05/26,10079,32.10,95.00,0.00,NORMAL
13/05/26,10080,32.10,95.00,0.00,NORMAL
13/05/26,10081,32.10,95.00,0.00,NORMAL
13/05/26,10082,32.10,95.00,0.00,NORMAL
13/05/26,10083,32.10,95.00,0.00,NORMAL
13/05/26,10084,32.10,95.00,0.00,NORMAL
13/05/26,10085,32.10,95.00,0.00,NORMAL
13/05/26,10086,32.10,95.00,0.00,NORMAL
13/05/26,10087,32.10,95.00,0.00,NORMAL
13/05/26,10088,32.10,95.00,0.00,NORMAL
13/05/26,10089,32.00,95.00,0.00,NORMAL
13/05/26,10090,32.00,95.00,0.00,NORMAL
13/05/26,10091,32.00,95.00,0.00,NORMAL
13/05/26,10092,32.00,95.00,0.00,NORMAL
13/05/26,10093,32.00,94.00,0.00,NORMAL
13/05/26,10094,31.90,95.00,0.00,NORMAL
13/05/26,10095,31.90,95.00,0.00,NORMAL
13/05/26,10096,31.90,95.00,0.00,NORMAL
13/05/26,10097,31.90,95.00,0.00,NORMAL
13/05/26,10098,31.90,95.00,0.00,NORMAL
13/05/26,10099,32.00,95.00,0.00,NORMAL
13/05/26,10100,32.00,95.00,0.00,NORMAL
13/05/26,10101,32.00,95.00,0.00,NORMAL
13/05/26,10102,32.00,95.00,0.00,NORMAL
13/05/26,10103,32.00,95.00,0.00,NORMAL
13/05/26,10104,32.00,95.00,0.00,NORMAL
13/05/26,10105,32.10,95.00,0.00,NORMAL
13/05/26,10106,32.10,95.00,0.00,NORMAL
13/05/26,10107,32.10,95.00,0.00,NORMAL
13/05/26,10108,32.20,95.00,0.00,NORMAL
13/05/26,10109,32.10,95.00,0.00,NORMAL
13/05/26,10110,32.20,95.00,0.00,NORMAL
13/05/26,10111,32.20,95.00,0.00,NORMAL
13/05/26,10112,32.20,95.00,0.00,NORMAL
13/05/26,10113,32.20,95.00,0.00,NORMAL
13/05/26,10114,32.20,95.00,0.00,NORMAL
13/05/26,10115,32.30,95.00,0.00,NORMAL
13/05/26,10116,32.20,95.00,0.00,NORMAL
13/05/26,10117,32.10,95.00,0.00,NORMAL
13/05/26,10118,32.10,95.00,0.00,NORMAL
13/05/26,10119,32.10,95.00,0.00,NORMAL
13/05/26,10120,32.00,95.00,0.00,NORMAL
13/05/26,10121,32.00,95.00,0.00,NORMAL
13/05/26,10122,31.90,95.00,0.00,NORMAL
13/05/26,10123,31.90,95.00,0.00,NORMAL
13/05/26,10124,31.90,95.00,0.00,NORMAL
13/05/26,10125,31.90,95.00,0.00,NORMAL
13/05/26,10126,31.90,95.00,0.00,NORMAL
13/05/26,10127,31.90,95.00,0.00,NORMAL
13/05/26,10128,31.90,95.00,0.00,NORMAL
13/05/26,10129,31.90,95.00,0.00,NORMAL
13/05/26,10130,32.00,95.00,0.00,NORMAL
13/05/26,10131,32.00,95.00,0.00,NORMAL
13/05/26,10132,32.00,95.00,0.00,NORMAL
13/05/26,10133,32.00,95.00,0.00,NORMAL
13/05/26,10134,32.10,95.00,0.00,NORMAL
13/05/26,10135,32.10,95.00,0.00,NORMAL
13/05/26,10136,32.00,95.00,0.00,NORMAL
13/05/26,10137,32.10,95.00,0.00,NORMAL
13/05/26,10138,32.00,95.00,0.00,NORMAL
13/05/26,10139,32.00,95.00,0.00,NORMAL
13/05/26,10140,32.00,95.00,0.00,NORMAL
13/05/26,10141,32.20,95.00,0.00,NORMAL
13/05/26,10142,32.00,95.00,0.00,NORMAL
13/05/26,10143,31.90,95.00,0.00,NORMAL
13/05/26,10144,32.00,95.00,0.00,NORMAL
13/05/26,10145,32.00,95.00,0.00,NORMAL
13/05/26,10146,31.90,95.00,0.00,NORMAL
13/05/26,10147,31.90,95.00,0.00,NORMAL
13/05/26,10148,31.90,95.00,0.00,NORMAL
13/05/26,10149,31.90,95.00,0.00,NORMAL
13/05/26,10150,31.90,95.00,0.00,NORMAL
13/05/26,10151,32.00,95.00,0.00,NORMAL
13/05/26,10152,32.00,95.00,0.00,NORMAL
13/05/26,10153,32.00,95.00,0.00,NORMAL
13/05/26,10154,32.00,95.00,0.00,NORMAL
13/05/26,10155,31.90,95.00,0.00,NORMAL
13/05/26,10156,32.00,95.00,0.00,NORMAL
13/05/26,10157,31.90,95.00,0.00,NORMAL
13/05/26,10158,31.90,95.00,0.00,NORMAL
13/05/26,10159,31.90,95.00,0.00,NORMAL
13/05/26,10160,31.90,95.00,0.00,NORMAL
13/05/26,10161,31.90,95.00,0.00,NORMAL
13/05/26,10162,32.00,95.00,0.00,NORMAL
13/05/26,10163,32.00,95.00,0.00,NORMAL
13/05/26,10164,32.00,95.00,0.00,NORMAL
13/05/26,10165,31.90,95.00,0.00,NORMAL
13/05/26,10166,31.90,95.00,0.00,NORMAL
13/05/26,10167,32.00,95.00,0.00,NORMAL
13/05/26,10168,31.90,95.00,0.00,NORMAL
13/05/26,10169,31.90,95.00,0.00,NORMAL
13/05/26,10170,31.90,95.00,0.00,NORMAL
13/05/26,10171,31.90,95.00,0.00,NORMAL
13/05/26,10172,31.90,95.00,0.00,NORMAL
13/05/26,10173,31.90,95.00,0.00,NORMAL
13/05/26,10174,31.90,95.00,0.00,NORMAL
13/05/26,10175,31.90,95.00,0.00,NORMAL
13/05/26,10176,31.90,95.00,0.00,NORMAL
13/05/26,10177,31.90,95.00,0.00,NORMAL
13/05/26,10178,31.90,95.00,0.00,NORMAL
13/05/26,10179,31.90,95.00,0.00,NORMAL
13/05/26,10180,31.80,95.00,0.00,NORMAL
13/05/26,10181,31.90,95.00,0.00,NORMAL
13/05/26,10182,31.80,95.00,0.00,NORMAL
13/05/26,10183,31.80,95.00,0.00,NORMAL
13/05/26,10184,31.80,95.00,0.00,NORMAL
13/05/26,10185,31.80,95.00,0.00,NORMAL
13/05/26,10186,31.70,95.00,0.00,NORMAL
13/05/26,10187,31.70,95.00,0.00,NORMAL
13/05/26,10188,31.70,95.00,0.00,NORMAL
13/05/26,10189,31.70,95.00,0.00,NORMAL
13/05/26,10190,31.60,95.00,0.00,NORMAL
13/05/26,10191,31.50,95.00,0.00,NORMAL
13/05/26,10192,31.50,95.00,0.00,NORMAL
13/05/26,10193,31.50,95.00,0.00,NORMAL
13/05/26,10194,31.50,95.00,0.00,NORMAL
13/05/26,10195,31.40,95.00,0.00,NORMAL
13/05/26,10196,31.40,95.00,0.00,NORMAL
13/05/26,10197,31.40,95.00,0.00,NORMAL
13/05/26,10198,31.50,95.00,0.00,NORMAL
13/05/26,10199,31.40,95.00,0.00,NORMAL
13/05/26,10200,31.40,95.00,0.00,NORMAL
13/05/26,10201,31.50,95.00,0.00,NORMAL
13/05/26,10202,31.50,95.00,0.00,NORMAL
13/05/26,10203,31.50,95.00,0.00,NORMAL
13/05/26,10204,31.50,95.00,0.00,NORMAL
13/05/26,10205,31.50,95.00,0.00,NORMAL
13/05/26,10206,31.50,95.00,0.00,NORMAL
13/05/26,10207,31.40,95.00,0.00,NORMAL
13/05/26,10208,31.40,95.00,0.00,NORMAL
13/05/26,10209,31.30,95.00,0.00,NORMAL
13/05/26,10210,31.30,95.00,0.00,NORMAL
13/05/26,10211,31.30,95.00,0.00,NORMAL
13/05/26,10212,31.30,95.00,0.00,NORMAL
13/05/26,10213,31.30,95.00,0.00,NORMAL
13/05/26,10214,31.30,95.00,0.00,NORMAL
13/05/26,10215,31.30,95.00,0.00,NORMAL
13/05/26,10216,31.30,95.00,0.00,NORMAL
13/05/26,10217,31.30,95.00,0.00,NORMAL
13/05/26,10218,31.40,95.00,0.00,NORMAL
13/05/26,10219,31.40,95.00,0.00,NORMAL
13/05/26,10220,31.40,95.00,0.00,NORMAL
13/05/26,10221,31.40,95.00,0.00,NORMAL
13/05/26,10222,31.40,95.00,0.00,NORMAL
13/05/26,10223,31.40,95.00,0.00,NORMAL
13/05/26,10224,31.50,95.00,0.00,NORMAL
13/05/26,10225,31.50,95.00,0.00,NORMAL
13/05/26,10226,31.50,95.00,0.00,NORMAL
13/05/26,10227,31.50,95.00,0.00,NORMAL
13/05/26,10228,31.50,95.00,0.00,NORMAL
13/05/26,10229,31.50,95.00,0.00,NORMAL
13/05/26,10230,31.50,95.00,0.00,NORMAL
13/05/26,10231,31.50,95.00,0.00,NORMAL
13/05/26,10232,31.40,95.00,0.00,NORMAL
13/05/26,10233,31.40,95.00,0.00,NORMAL
13/05/26,10234,31.40,95.00,0.00,NORMAL
13/05/26,10235,31.40,95.00,0.00,NORMAL
13/05/26,10236,31.40,95.00,0.00,NORMAL
13/05/26,10237,31.40,95.00,0.00,NORMAL
13/05/26,10238,31.40,95.00,0.00,NORMAL
13/05/26,10239,31.40,95.00,0.00,NORMAL
13/05/26,10240,31.40,95.00,0.00,NORMAL
13/05/26,10241,31.40,95.00,0.00,NORMAL
13/05/26,10242,31.40,95.00,0.00,NORMAL
13/05/26,10243,31.50,95.00,0.00,NORMAL
13/05/26,10244,31.50,95.00,0.00,NORMAL
13/05/26,10245,31.50,95.00,0.00,NORMAL
13/05/26,10246,31.40,95.00,0.00,NORMAL
13/05/26,10247,31.40,95.00,0.00,NORMAL
13/05/26,10248,31.40,95.00,0.00,NORMAL
13/05/26,10249,31.50,95.00,0.00,NORMAL
13/05/26,10250,31.50,95.00,0.00,NORMAL
13/05/26,10251,31.40,95.00,0.00,NORMAL
13/05/26,10252,31.40,95.00,0.00,NORMAL
13/05/26,10253,31.40,95.00,0.00,NORMAL
13/05/26,10254,31.50,95.00,0.00,NORMAL
13/05/26,10255,31.40,95.00,0.00,NORMAL
13/05/26,10256,31.40,95.00,0.00,NORMAL
13/05/26,10257,31.40,95.00,0.00,NORMAL
13/05/26,10258,31.40,95.00,0.00,NORMAL
13/05/26,10259,31.50,95.00,0.00,NORMAL
13/05/26,10260,31.50,95.00,0.00,NORMAL
13/05/26,10261,31.40,95.00,0.00,NORMAL
13/05/26,10262,31.50,95.00,0.00,NORMAL
13/05/26,10263,31.40,95.00,0.00,NORMAL
13/05/26,10264,31.40,95.00,0.00,NORMAL
13/05/26,10265,31.40,95.00,0.00,NORMAL
13/05/26,10266,31.40,95.00,0.00,NORMAL
13/05/26,10267,31.40,95.00,0.00,NORMAL
13/05/26,10268,31.40,95.00,0.00,NORMAL
13/05/26,10269,31.40,95.00,0.00,NORMAL
13/05/26,10270,31.50,95.00,0.00,NORMAL
13/05/26,10271,31.40,95.00,0.00,NORMAL
13/05/26,10272,31.40,95.00,0.00,NORMAL
13/05/26,10273,31.40,95.00,0.00,NORMAL
13/05/26,10274,31.40,95.00,0.00,NORMAL
13/05/26,10275,31.40,95.00,0.00,NORMAL
13/05/26,10276,31.40,95.00,0.00,NORMAL
13/05/26,10277,31.30,95.00,0.00,NORMAL
13/05/26,10278,31.30,95.00,0.00,NORMAL
13/05/26,10279,31.30,95.00,0.00,NORMAL
13/05/26,10280,31.30,95.00,0.00,NORMAL
13/05/26,10281,31.30,95.00,0.00,NORMAL
13/05/26,10282,31.30,95.00,0.00,NORMAL
13/05/26,10283,31.30,95.00,0.00,NORMAL
13/05/26,10284,31.30,95.00,0.00,NORMAL
13/05/26,10285,31.20,95.00,0.00,NORMAL
13/05/26,10286,31.30,95.00,0.00,NORMAL
13/05/26,10287,31.30,95.00,0.00,NORMAL
13/05/26,10288,31.30,95.00,0.00,NORMAL
13/05/26,10289,31.30,95.00,0.00,NORMAL
13/05/26,10290,31.40,95.00,0.00,NORMAL
13/05/26,10291,31.30,95.00,0.00,NORMAL
13/05/26,10292,31.40,95.00,0.00,NORMAL
13/05/26,10293,31.30,95.00,0.00,NORMAL
13/05/26,10294,31.40,95.00,0.00,NORMAL
13/05/26,10295,31.40,95.00,0.00,NORMAL
13/05/26,10296,31.40,95.00,0.00,NORMAL
13/05/26,10297,31.40,95.00,0.00,NORMAL
13/05/26,10298,31.30,95.00,0.00,NORMAL
13/05/26,10299,31.30,95.00,0.00,NORMAL
13/05/26,10300,31.30,95.00,0.00,NORMAL
13/05/26,10301,31.30,95.00,0.00,NORMAL
13/05/26,10302,31.30,95.00,0.00,NORMAL
13/05/26,10303,31.30,95.00,0.00,NORMAL
13/05/26,10304,31.30,95.00,0.00,NORMAL
13/05/26,10305,31.20,95.00,0.00,NORMAL
13/05/26,10306,31.30,95.00,0.00,NORMAL
13/05/26,10307,31.30,95.00,0.00,NORMAL
13/05/26,10308,31.30,95.00,0.00,NORMAL
13/05/26,10309,31.30,95.00,0.00,NORMAL
13/05/26,10310,31.30,95.00,0.00,NORMAL
13/05/26,10311,31.30,95.00,0.00,NORMAL
13/05/26,10312,31.40,95.00,0.00,NORMAL
13/05/26,10313,31.40,95.00,0.00,NORMAL
13/05/26,10314,31.40,95.00,0.00,NORMAL
13/05/26,10315,31.20,95.00,0.00,NORMAL
13/05/26,10316,31.30,95.00,0.00,NORMAL
13/05/26,10317,31.30,95.00,0.00,NORMAL
13/05/26,10318,31.30,95.00,0.00,NORMAL
13/05/26,10319,31.30,95.00,0.00,NORMAL
13/05/26,10320,31.30,95.00,0.00,NORMAL
13/05/26,10321,31.30,95.00,0.00,NORMAL
13/05/26,10322,31.30,95.00,0.00,NORMAL
13/05/26,10323,31.20,95.00,0.00,NORMAL
13/05/26,10324,31.30,95.00,0.00,NORMAL
13/05/26,10325,31.20,95.00,0.00,NORMAL
13/05/26,10326,31.20,95.00,0.00,NORMAL
13/05/26,10327,31.20,95.00,0.00,NORMAL
13/05/26,10328,31.20,95.00,0.00,NORMAL
13/05/26,10329,31.20,95.00,0.00,NORMAL
13/05/26,10330,31.20,95.00,0.00,NORMAL
13/05/26,10331,31.20,95.00,0.00,NORMAL
13/05/26,10332,31.20,95.00,0.00,NORMAL
13/05/26,10333,31.20,95.00,0.00,NORMAL
13/05/26,10334,31.20,95.00,0.00,NORMAL
13/05/26,10335,31.10,95.00,0.00,NORMAL
13/05/26,10336,31.20,95.00,0.00,NORMAL
13/05/26,10337,31.20,95.00,0.00,NORMAL
13/05/26,10338,31.20,95.00,0.00,NORMAL
13/05/26,10339,31.20,95.00,0.00,NORMAL
13/05/26,10340,31.10,95.00,0.00,NORMAL
13/05/26,10341,31.10,95.00,0.00,NORMAL
13/05/26,10342,31.10,95.00,0.00,NORMAL
13/05/26,10343,31.10,95.00,0.00,NORMAL
13/05/26,10344,31.10,95.00,0.00,NORMAL
13/05/26,10345,31.10,95.00,0.00,NORMAL
13/05/26,10346,31.10,95.00,0.00,NORMAL
13/05/26,10347,31.10,95.00,0.00,NORMAL
13/05/26,10348,31.10,95.00,0.00,NORMAL
13/05/26,10349,31.10,95.00,0.00,NORMAL
13/05/26,10350,31.10,95.00,0.00,NORMAL
13/05/26,10351,31.00,95.00,0.00,NORMAL
13/05/26,10352,31.00,95.00,0.00,NORMAL
13/05/26,10353,31.00,95.00,0.00,NORMAL
13/05/26,10354,31.00,95.00,0.00,NORMAL
13/05/26,10355,31.00,95.00,0.00,NORMAL
13/05/26,10356,31.00,95.00,0.00,NORMAL
13/05/26,10357,31.00,95.00,0.00,NORMAL
13/05/26,10358,31.00,95.00,0.00,NORMAL
13/05/26,10359,31.00,95.00,0.00,NORMAL
13/05/26,10360,31.00,95.00,0.00,NORMAL
13/05/26,10361,31.00,95.00,0.00,NORMAL
13/05/26,10362,31.00,95.00,0.00,NORMAL
13/05/26,10363,31.00,95.00,0.00,NORMAL
13/05/26,10364,31.00,95.00,0.00,NORMAL
13/05/26,10365,31.00,95.00,0.00,NORMAL
13/05/26,10366,31.00,95.00,0.00,NORMAL
13/05/26,10367,31.00,95.00,0.00,NORMAL
13/05/26,10368,31.00,95.00,0.00,NORMAL
13/05/26,10369,31.00,95.00,0.00,NORMAL
13/05/26,10370,30.90,95.00,0.00,NORMAL
13/05/26,10371,31.10,95.00,0.00,NORMAL
13/05/26,10372,31.10,95.00,0.00,NORMAL
13/05/26,10373,31.10,95.00,0.00,NORMAL
13/05/26,10374,31.10,95.00,0.00,NORMAL
13/05/26,10375,31.10,95.00,0.00,NORMAL
13/05/26,10376,31.10,95.00,0.00,NORMAL
13/05/26,10377,31.20,95.00,0.00,NORMAL
13/05/26,10378,31.20,95.00,0.00,NORMAL
13/05/26,10379,31.20,95.00,0.00,NORMAL
13/05/26,10380,31.20,95.00,0.00,NORMAL
13/05/26,10381,31.20,95.00,0.00,NORMAL
13/05/26,10382,31.30,95.00,0.00,NORMAL
13/05/26,10383,31.20,95.00,0.00,NORMAL
13/05/26,10384,31.30,95.00,0.00,NORMAL
13/05/26,10385,31.30,95.00,0.00,NORMAL
13/05/26,10386,31.20,95.00,0.00,NORMAL
13/05/26,10387,31.20,95.00,0.00,NORMAL
13/05/26,10388,31.20,95.00,0.00,NORMAL
13/05/26,10389,31.20,95.00,0.00,NORMAL
13/05/26,10390,31.10,95.00,0.00,NORMAL
13/05/26,10391,31.10,95.00,0.00,NORMAL
13/05/26,10392,31.10,95.00,0.00,NORMAL
13/05/26,10393,31.00,95.00,0.00,NORMAL
13/05/26,10394,30.90,95.00,0.00,NORMAL
13/05/26,10395,30.90,95.00,0.00,NORMAL
13/05/26,10396,30.90,95.00,0.00,NORMAL
13/05/26,10397,30.90,95.00,0.00,NORMAL
13/05/26,10398,30.90,95.00,0.00,NORMAL
13/05/26,10399,30.90,95.00,0.00,NORMAL
13/05/26,10400,30.90,95.00,0.00,NORMAL
13/05/26,10401,30.90,95.00,0.00,NORMAL
13/05/26,10402,30.90,95.00,0.00,NORMAL
13/05/26,10403,30.90,95.00,0.00,NORMAL
13/05/26,10404,30.90,95.00,0.00,NORMAL
13/05/26,10405,30.90,95.00,0.00,NORMAL
13/05/26,10406,30.90,95.00,0.00,NORMAL
13/05/26,10407,30.90,95.00,0.00,NORMAL
13/05/26,10408,30.90,95.00,0.00,NORMAL
13/05/26,10409,30.90,95.00,0.00,NORMAL
13/05/26,10410,30.90,95.00,0.00,NORMAL
13/05/26,10411,30.80,95.00,0.00,NORMAL
13/05/26,10412,30.80,95.00,0.00,NORMAL
13/05/26,10413,30.80,95.00,0.00,NORMAL
13/05/26,10414,30.80,95.00,0.00,NORMAL
